<?xml version="1.0" encoding="UTF-8"?>
<!--  Companies & Intellectual Property Commission  -->
<link:linkbase xmlns:link="http://www.xbrl.org/2003/linkbase" xmlns:xbrldt="http://xbrl.org/2005/xbrldt" xmlns:xlink="http://www.w3.org/1999/xlink" xmlns:xsi="http://www.w3.org/2001/XMLSchema-instance" xsi:schemaLocation="http://www.xbrl.org/2003/linkbase http://www.xbrl.org/2003/xbrl-linkbase-2003-12-31.xsd http://www.w3.org/1999/xlink http://www.xbrl.org/2003/xlink-2003-12-31.xsd">
  <link:roleRef roleURI="http://xbrl.cipc.co.za/taxonomy/role/coops_role_620000" xlink:type="simple" xlink:href="../rol_cipc-coop_2023-09-30.xsd#role_coops_role_620000" />
  <link:presentationLink xlink:role="http://xbrl.cipc.co.za/taxonomy/role/coops_role_620000" xlink:type="extended">
    <link:loc xlink:href="../../../../def/coop/coop-cor_2023-09-30.xsd#coop_StatementOfChangesInMembersSharesAndReservesExplanatory" xlink:label="loc_1" xlink:type="locator" />
    <link:loc xlink:href="../../../../def/coop/coop-cor_2023-09-30.xsd#coop_StatementOfChangesInMembersSharesAndReservesAbstract" xlink:label="loc_2" xlink:type="locator" />
    <link:presentationArc xlink:type="arc" xlink:arcrole="http://www.xbrl.org/2003/arcrole/parent-child" order="10.0" xlink:from="loc_1" xlink:to="loc_2" />
    <link:loc xlink:href="../../../../def/coop/coop-cor_2023-09-30.xsd#coop_StatementOfChangesInMembersSharesAndReservesTable" xlink:label="loc_3" xlink:type="locator" />
    <link:presentationArc xlink:type="arc" xlink:arcrole="http://www.xbrl.org/2003/arcrole/parent-child" xlink:from="loc_2" xlink:to="loc_3" />
    <link:loc xlink:href="../../../../def/coop/coop-cor_2023-09-30.xsd#coop_ComponentsOfMembersSharesAndReservesAxis" xlink:label="loc_4" xlink:type="locator" />
    <link:presentationArc xlink:type="arc" xlink:arcrole="http://www.xbrl.org/2003/arcrole/parent-child" order="1.0" xlink:from="loc_3" xlink:to="loc_4" />
    <link:loc xlink:href="../../../../def/coop/coop-cor_2023-09-30.xsd#coop_MembersSharesAndReservesMember" xlink:label="loc_5" xlink:type="locator" />
    <link:presentationArc xlink:type="arc" xlink:arcrole="http://www.xbrl.org/2003/arcrole/parent-child" order="10.0" xlink:from="loc_4" xlink:to="loc_5" />
    <link:loc xlink:href="../../../../def/coop/coop-cor_2023-09-30.xsd#coop_MembersSharesMember" xlink:label="loc_6" xlink:type="locator" />
    <link:presentationArc xlink:type="arc" xlink:arcrole="http://www.xbrl.org/2003/arcrole/parent-child" order="10.0" xlink:from="loc_5" xlink:to="loc_6" />
    <link:loc xlink:href="../../../../def/coop/coop-cor_2023-09-30.xsd#coop_AccumulatedProfitMember" xlink:label="loc_7" xlink:type="locator" />
    <link:presentationArc xlink:type="arc" xlink:arcrole="http://www.xbrl.org/2003/arcrole/parent-child" order="20.0" xlink:from="loc_5" xlink:to="loc_7" />
    <link:loc xlink:href="../../../../def/coop/coop-cor_2023-09-30.xsd#coop_IndivisibleReserveMember" xlink:label="loc_8" xlink:type="locator" />
    <link:presentationArc xlink:type="arc" xlink:arcrole="http://www.xbrl.org/2003/arcrole/parent-child" order="30.0" xlink:from="loc_5" xlink:to="loc_8" />
    <link:loc xlink:href="../../../../def/coop/coop-cor_2023-09-30.xsd#coop_RevaluationReserveMember" xlink:label="loc_9" xlink:type="locator" />
    <link:presentationArc xlink:type="arc" xlink:arcrole="http://www.xbrl.org/2003/arcrole/parent-child" order="40.0" xlink:from="loc_5" xlink:to="loc_9" />
    <link:loc xlink:href="../../../../def/coop/coop-cor_2023-09-30.xsd#coop_StatementOfChangesInMembersSharesAndReservesLineItems" xlink:label="loc_10" xlink:type="locator" />
    <link:presentationArc xlink:type="arc" xlink:arcrole="http://www.xbrl.org/2003/arcrole/parent-child" order="10.0" xlink:from="loc_2" xlink:to="loc_10" />
    <link:loc xlink:href="../../../../def/coop/coop-cor_2023-09-30.xsd#coop_MembersSharesAndReserves" xlink:label="loc_11" xlink:type="locator" />
    <link:presentationArc xlink:type="arc" xlink:arcrole="http://www.xbrl.org/2003/arcrole/parent-child" order="10.0" xlink:from="loc_10" xlink:to="loc_11" />
    <link:loc xlink:href="../../../../def/coop/coop-cor_2023-09-30.xsd#coop_ProfitLossForYear" xlink:label="loc_12" xlink:type="locator" />
    <link:presentationArc xlink:type="arc" xlink:arcrole="http://www.xbrl.org/2003/arcrole/parent-child" order="20.0" xlink:from="loc_10" xlink:to="loc_12" />
    <link:loc xlink:href="../../../../def/coop/coop-cor_2023-09-30.xsd#coop_ChangesInMembersSharesAndReserveAbstract" xlink:label="loc_13" xlink:type="locator" />
    <link:presentationArc xlink:type="arc" xlink:arcrole="http://www.xbrl.org/2003/arcrole/parent-child" order="30.0" xlink:from="loc_10" xlink:to="loc_13" />
    <link:loc xlink:href="../../../../def/coop/coop-cor_2023-09-30.xsd#coop_IncreaseDecreaseInMembersContributions" xlink:label="loc_14" xlink:type="locator" />
    <link:presentationArc xlink:type="arc" xlink:arcrole="http://www.xbrl.org/2003/arcrole/parent-child" order="10.0" xlink:from="loc_13" xlink:to="loc_14" />
    <link:loc xlink:href="../../../../def/coop/coop-cor_2023-09-30.xsd#coop_TransferToFromRevaluationReserve" xlink:label="loc_15" xlink:type="locator" />
    <link:presentationArc xlink:type="arc" xlink:arcrole="http://www.xbrl.org/2003/arcrole/parent-child" order="20.0" xlink:from="loc_13" xlink:to="loc_15" />
    <link:loc xlink:href="../../../../def/coop/coop-cor_2023-09-30.xsd#coop_TransferToFromIndivisibleReserve" xlink:label="loc_16" xlink:type="locator" />
    <link:presentationArc xlink:type="arc" xlink:arcrole="http://www.xbrl.org/2003/arcrole/parent-child" order="30.0" xlink:from="loc_13" xlink:to="loc_16" />
    <link:loc xlink:href="../../../../def/coop/coop-cor_2023-09-30.xsd#coop_IncreaseDecreaseInMembersSharesAndReserves" xlink:label="loc_17" xlink:type="locator" />
    <link:presentationArc xlink:type="arc" xlink:arcrole="http://www.xbrl.org/2003/arcrole/parent-child" order="40.0" xlink:from="loc_13" xlink:to="loc_17" />
  </link:presentationLink>
</link:linkbase>
