<?xml version="1.0" encoding="UTF-8"?>
<!--  Companies & Intellectual Property Commission  -->
<link:linkbase xmlns:link="http://www.xbrl.org/2003/linkbase" xmlns:xbrldt="http://xbrl.org/2005/xbrldt" xmlns:xlink="http://www.w3.org/1999/xlink" xmlns:xsi="http://www.w3.org/2001/XMLSchema-instance" xsi:schemaLocation="http://www.xbrl.org/2003/linkbase http://www.xbrl.org/2003/xbrl-linkbase-2003-12-31.xsd http://www.w3.org/1999/xlink http://www.xbrl.org/2003/xlink-2003-12-31.xsd">
  <link:roleRef roleURI="http://xbrl.cipc.co.za/taxonomy/role/coops_role_850420" xlink:type="simple" xlink:href="../rol_cipc-coop_2023-09-30.xsd#role_coops_role_850420" />
  <link:presentationLink xlink:role="http://xbrl.cipc.co.za/taxonomy/role/coops_role_850420" xlink:type="extended">
    <link:loc xlink:href="../../../../def/ca/cipc_ca-cor_2023-09-30.xsd#cipc-ca_DisclosureOfIndependentReviewersReportExplanatory" xlink:label="loc_1" xlink:type="locator" />
    <link:loc xlink:href="../../../../def/ca/cipc_ca-cor_2023-09-30.xsd#cipc-ca_DisclosureOfIndependentReviewersResponsibilityExplanatory" xlink:label="loc_2" xlink:type="locator" />
    <link:presentationArc xlink:type="arc" xlink:arcrole="http://www.xbrl.org/2003/arcrole/parent-child" order="10.0" xlink:from="loc_1" xlink:to="loc_2" />
    <link:loc xlink:href="../../../../def/ca/cipc_ca-cor_2023-09-30.xsd#cipc-ca_DisclosureOfIndependentReviewersOpinionExplanatory" xlink:label="loc_3" xlink:type="locator" />
    <link:presentationArc xlink:type="arc" xlink:arcrole="http://www.xbrl.org/2003/arcrole/parent-child" order="20.0" xlink:from="loc_1" xlink:to="loc_3" />
    <link:loc xlink:href="../../../../def/ca/cipc_ca-cor_2023-09-30.xsd#cipc-ca_DisclosureOfIndependentReviewersOtherMattersExplanatory" xlink:label="loc_4" xlink:type="locator" />
    <link:presentationArc xlink:type="arc" xlink:arcrole="http://www.xbrl.org/2003/arcrole/parent-child" order="30.0" xlink:from="loc_1" xlink:to="loc_4" />
    <link:loc xlink:href="../../../../def/ca/cipc_ca-cor_2023-09-30.xsd#cipc-ca_DisclosureOfIndependentReviewersConclusionExplanatory" xlink:label="loc_5" xlink:type="locator" />
    <link:presentationArc xlink:type="arc" xlink:arcrole="http://www.xbrl.org/2003/arcrole/parent-child" order="40.0" xlink:from="loc_1" xlink:to="loc_5" />
    <link:loc xlink:href="../../../../def/ca/cipc_ca-cor_2023-09-30.xsd#cipc-ca_BasisForReviewOpinionConclusion" xlink:label="loc_6" xlink:type="locator" />
    <link:presentationArc xlink:type="arc" xlink:arcrole="http://www.xbrl.org/2003/arcrole/parent-child" order="50.0" xlink:from="loc_1" xlink:to="loc_6" />
    <link:loc xlink:href="../../../../def/ca/cipc_ca-cor_2023-09-30.xsd#cipc-ca_ScopeOfReview" xlink:label="loc_7" xlink:type="locator" />
    <link:presentationArc xlink:type="arc" xlink:arcrole="http://www.xbrl.org/2003/arcrole/parent-child" order="60.0" xlink:from="loc_1" xlink:to="loc_7" />
    <link:loc xlink:href="../../../../def/ca/cipc_ca-cor_2023-09-30.xsd#cipc-ca_IntroductionParagraph" xlink:label="loc_8" xlink:type="locator" />
    <link:presentationArc xlink:type="arc" xlink:arcrole="http://www.xbrl.org/2003/arcrole/parent-child" order="70.0" xlink:from="loc_1" xlink:to="loc_8" />
    <link:loc xlink:href="../../../../def/ca/cipc_ca-cor_2023-09-30.xsd#cipc-ca_DisclosureOfOtherReportsRequiredByCompaniesActExplanatory" xlink:label="loc_9" xlink:type="locator" />
    <link:presentationArc xlink:type="arc" xlink:arcrole="http://www.xbrl.org/2003/arcrole/parent-child" order="80.0" xlink:from="loc_1" xlink:to="loc_9" />
    <link:loc xlink:href="../../../../def/ca/cipc_ca-cor_2023-09-30.xsd#cipc-ca_DisclosureOfIndependentReviewersApprovalOfAnnualFinancialStatementsExplanatory" xlink:label="loc_10" xlink:type="locator" />
    <link:presentationArc xlink:type="arc" xlink:arcrole="http://www.xbrl.org/2003/arcrole/parent-child" order="90.0" xlink:from="loc_1" xlink:to="loc_10" />
    <link:loc xlink:href="../../../../def/ca/cipc_ca-cor_2023-09-30.xsd#cipc-ca_DateOfIndependentReviewersApprovalOfAnnualFinancialStatements" xlink:label="loc_11" xlink:type="locator" />
    <link:presentationArc xlink:type="arc" xlink:arcrole="http://www.xbrl.org/2003/arcrole/parent-child" order="10.0" xlink:from="loc_10" xlink:to="loc_11" />
    <link:loc xlink:href="../../../../def/ca/cipc_ca-cor_2023-09-30.xsd#cipc-ca_DetailsOfIndependentReviewerAbstract" xlink:label="loc_12" xlink:type="locator" />
    <link:presentationArc xlink:type="arc" xlink:arcrole="http://www.xbrl.org/2003/arcrole/parent-child" order="20.0" xlink:from="loc_10" xlink:to="loc_12" />
    <link:loc xlink:href="../../../../def/ca/cipc_ca-cor_2023-09-30.xsd#cipc-ca_NameOfIndependentReviewer" xlink:label="loc_13" xlink:type="locator" />
    <link:presentationArc xlink:type="arc" xlink:arcrole="http://www.xbrl.org/2003/arcrole/parent-child" order="10.0" xlink:from="loc_12" xlink:to="loc_13" preferredLabel="http://www.xbrl.org/2003/role/terseLabel" />
    <link:loc xlink:href="../../../../def/coop/coop-cor_2023-09-30.xsd#coop_AppointmentOfIndependentReviewerAndItsNotDisqualifiedStatusExplanatory" xlink:label="loc_14" xlink:type="locator" />
    <link:presentationArc xlink:type="arc" xlink:arcrole="http://www.xbrl.org/2003/arcrole/parent-child" order="20.0" xlink:from="loc_12" xlink:to="loc_14" />
    <link:loc xlink:href="../../../../def/coop/coop-cor_2023-09-30.xsd#coop_ConsentToAppointmentAsIndependentReviewer" xlink:label="loc_15" xlink:type="locator" />
    <link:presentationArc xlink:type="arc" xlink:arcrole="http://www.xbrl.org/2003/arcrole/parent-child" order="10.0" xlink:from="loc_14" xlink:to="loc_15" />
    <link:loc xlink:href="../../../../def/coop/coop-cor_2023-09-30.xsd#coop_EligibilityForAppointmentAsIndependentReviewer" xlink:label="loc_16" xlink:type="locator" />
    <link:presentationArc xlink:type="arc" xlink:arcrole="http://www.xbrl.org/2003/arcrole/parent-child" order="20.0" xlink:from="loc_14" xlink:to="loc_16" />
    <link:loc xlink:href="../../../../def/coop/coop-cor_2023-09-30.xsd#coop_ChangeOfNameOfFirmOfIndepenedtReviewers" xlink:label="loc_17" xlink:type="locator" />
    <link:presentationArc xlink:type="arc" xlink:arcrole="http://www.xbrl.org/2003/arcrole/parent-child" order="30.0" xlink:from="loc_14" xlink:to="loc_17" />
    <link:loc xlink:href="../../../../def/coop/coop-cor_2023-09-30.xsd#coop_EffectiveDateOfChangeOfName" xlink:label="loc_18" xlink:type="locator" />
    <link:presentationArc xlink:type="arc" xlink:arcrole="http://www.xbrl.org/2003/arcrole/parent-child" order="40.0" xlink:from="loc_14" xlink:to="loc_18" />
    <link:loc xlink:href="../../../../def/coop/coop-cor_2023-09-30.xsd#coop_DescriptionOfChangeOfName" xlink:label="loc_19" xlink:type="locator" />
    <link:presentationArc xlink:type="arc" xlink:arcrole="http://www.xbrl.org/2003/arcrole/parent-child" order="50.0" xlink:from="loc_14" xlink:to="loc_19" />
    <link:loc xlink:href="../../../../def/coop/coop-cor_2023-09-30.xsd#coop_ResignationOfIndependentReviewer" xlink:label="loc_20" xlink:type="locator" />
    <link:presentationArc xlink:type="arc" xlink:arcrole="http://www.xbrl.org/2003/arcrole/parent-child" order="60.0" xlink:from="loc_14" xlink:to="loc_20" />
    <link:loc xlink:href="../../../../def/coop/coop-cor_2023-09-30.xsd#coop_DeclarationOfNoreportableIrregularity" xlink:label="loc_21" xlink:type="locator" />
    <link:presentationArc xlink:type="arc" xlink:arcrole="http://www.xbrl.org/2003/arcrole/parent-child" order="70.0" xlink:from="loc_14" xlink:to="loc_21" />
    <link:loc xlink:href="../../../../def/coop/coop-cor_2023-09-30.xsd#coop_DateOfReportingOfReportableIrregularity" xlink:label="loc_22" xlink:type="locator" />
    <link:presentationArc xlink:type="arc" xlink:arcrole="http://www.xbrl.org/2003/arcrole/parent-child" order="80.0" xlink:from="loc_14" xlink:to="loc_22" />
    <link:loc xlink:href="../../../../def/coop/coop-cor_2023-09-30.xsd#coop_StatementOfIndependentReviewerInTermsOfItsRemovalOrNoReappointmentExplanatory" xlink:label="loc_23" xlink:type="locator" />
    <link:presentationArc xlink:type="arc" xlink:arcrole="http://www.xbrl.org/2003/arcrole/parent-child" order="90.0" xlink:from="loc_14" xlink:to="loc_23" />
    <link:loc xlink:href="../../../../def/ca/cipc_ca-cor_2023-09-30.xsd#cipc-ca_NameOfIndependentReviewersCompany" xlink:label="loc_24" xlink:type="locator" />
    <link:presentationArc xlink:type="arc" xlink:arcrole="http://www.xbrl.org/2003/arcrole/parent-child" order="30.0" xlink:from="loc_12" xlink:to="loc_24" />
    <link:loc xlink:href="../../../../def/ca/cipc_ca-cor_2023-09-30.xsd#cipc-ca_PracticeNumberOfIndependentReviewersCompany" xlink:label="loc_25" xlink:type="locator" />
    <link:presentationArc xlink:type="arc" xlink:arcrole="http://www.xbrl.org/2003/arcrole/parent-child" order="40.0" xlink:from="loc_12" xlink:to="loc_25" />
    <link:loc xlink:href="../../../../def/ca/cipc_ca-cor_2023-09-30.xsd#cipc-ca_TelephoneNumberOfIndependentReviewer" xlink:label="loc_26" xlink:type="locator" />
    <link:presentationArc xlink:type="arc" xlink:arcrole="http://www.xbrl.org/2003/arcrole/parent-child" order="50.0" xlink:from="loc_12" xlink:to="loc_26" preferredLabel="http://www.xbrl.org/2003/role/terseLabel" />
    <link:loc xlink:href="../../../../def/ca/cipc_ca-cor_2023-09-30.xsd#cipc-ca_EmailAddressOfIndependentReviewer" xlink:label="loc_27" xlink:type="locator" />
    <link:presentationArc xlink:type="arc" xlink:arcrole="http://www.xbrl.org/2003/arcrole/parent-child" order="60.0" xlink:from="loc_12" xlink:to="loc_27" preferredLabel="http://www.xbrl.org/2003/role/terseLabel" />
    <link:loc xlink:href="../../../../def/ca/cipc_ca-cor_2023-09-30.xsd#cipc-ca_BusinessAddressOfIndependentReviewer" xlink:label="loc_28" xlink:type="locator" />
    <link:presentationArc xlink:type="arc" xlink:arcrole="http://www.xbrl.org/2003/arcrole/parent-child" order="70.0" xlink:from="loc_12" xlink:to="loc_28" preferredLabel="http://www.xbrl.org/2003/role/terseLabel" />
    <link:loc xlink:href="../../../../def/ca/cipc_ca-cor_2023-09-30.xsd#cipc-ca_PostalAddressOfIndependentReviewer" xlink:label="loc_29" xlink:type="locator" />
    <link:presentationArc xlink:type="arc" xlink:arcrole="http://www.xbrl.org/2003/arcrole/parent-child" order="80.0" xlink:from="loc_12" xlink:to="loc_29" preferredLabel="http://www.xbrl.org/2003/role/terseLabel" />
    <link:loc xlink:href="../../../../def/ca/cipc_ca-cor_2023-09-30.xsd#cipc-ca_PracticeNumberOfIndependentReviewer" xlink:label="loc_30" xlink:type="locator" />
    <link:presentationArc xlink:type="arc" xlink:arcrole="http://www.xbrl.org/2003/arcrole/parent-child" order="90.0" xlink:from="loc_12" xlink:to="loc_30" />
  </link:presentationLink>
</link:linkbase>
