<?xml version="1.0" encoding="UTF-8"?>
<!--  Companies & Intellectual Property Commission  -->
<link:linkbase xmlns:link="http://www.xbrl.org/2003/linkbase" xmlns:xbrldt="http://xbrl.org/2005/xbrldt" xmlns:xlink="http://www.w3.org/1999/xlink" xmlns:xsi="http://www.w3.org/2001/XMLSchema-instance" xsi:schemaLocation="http://www.xbrl.org/2003/linkbase http://www.xbrl.org/2003/xbrl-linkbase-2003-12-31.xsd http://www.w3.org/1999/xlink http://www.xbrl.org/2003/xlink-2003-12-31.xsd">
  <link:roleRef roleURI="http://xbrl.cipc.co.za/taxonomy/role/ifrs_full_role_804500" xlink:type="simple" xlink:href="../rol_full_ifrs_2023-09-30.xsd#role_ifrs_full_role_804500" />
  <link:calculationLink xlink:role="http://xbrl.cipc.co.za/taxonomy/role/ifrs_full_role_804500" xlink:type="extended">
    <link:loc xlink:href="https://xbrl.ifrs.org/taxonomy/2023-03-23/full_ifrs/full_ifrs-cor_2023-03-23.xsd#ifrs-full_IncreaseDecreaseInAssetsForInsuranceAcquisitionCashFlows" xlink:label="loc_1" xlink:type="locator" />
    <link:loc xlink:href="https://xbrl.ifrs.org/taxonomy/2023-03-23/full_ifrs/full_ifrs-cor_2023-03-23.xsd#ifrs-full_IncreaseThroughReversalsOfImpairmentLossesAssetsForInsuranceAcquisitionCashFlows" xlink:label="loc_2" xlink:type="locator" />
    <link:calculationArc xlink:type="arc" xlink:arcrole="http://www.xbrl.org/2003/arcrole/summation-item" order="2.0" xlink:from="loc_1" xlink:to="loc_2" weight="1.0" />
    <link:loc xlink:href="https://xbrl.ifrs.org/taxonomy/2023-03-23/full_ifrs/full_ifrs-cor_2023-03-23.xsd#ifrs-full_DecreaseThroughImpairmentLossesAssetsForInsuranceAcquisitionCashFlows" xlink:label="loc_3" xlink:type="locator" />
    <link:calculationArc xlink:type="arc" xlink:arcrole="http://www.xbrl.org/2003/arcrole/summation-item" order="1.0" xlink:from="loc_1" xlink:to="loc_3" weight="-1.0" />
    <link:loc xlink:href="https://xbrl.ifrs.org/taxonomy/2023-03-23/full_ifrs/full_ifrs-cor_2023-03-23.xsd#ifrs-full_IncreaseDecreaseInInsuranceContractsLiabilityAsset" xlink:label="loc_4" xlink:type="locator" />
    <link:loc xlink:href="https://xbrl.ifrs.org/taxonomy/2023-03-23/full_ifrs/full_ifrs-cor_2023-03-23.xsd#ifrs-full_IncreaseDecreaseThroughAdditionalItemsNecessaryToUnderstandChangeInsuranceContractsLiabilityAsset" xlink:label="loc_5" xlink:type="locator" />
    <link:calculationArc xlink:type="arc" xlink:arcrole="http://www.xbrl.org/2003/arcrole/summation-item" order="5.0" xlink:from="loc_4" xlink:to="loc_5" weight="1.0" />
    <link:loc xlink:href="https://xbrl.ifrs.org/taxonomy/2023-03-23/full_ifrs/full_ifrs-cor_2023-03-23.xsd#ifrs-full_IncreaseDecreaseThroughInsuranceFinanceIncomeOrExpensesInsuranceContractsLiabilityAsset" xlink:label="loc_6" xlink:type="locator" />
    <link:calculationArc xlink:type="arc" xlink:arcrole="http://www.xbrl.org/2003/arcrole/summation-item" order="4.0" xlink:from="loc_4" xlink:to="loc_6" weight="1.0" />
    <link:loc xlink:href="https://xbrl.ifrs.org/taxonomy/2023-03-23/full_ifrs/full_ifrs-cor_2023-03-23.xsd#ifrs-full_IncreaseDecreaseThroughEffectOfChangesInRiskOfNonperformanceByIssuerOfReinsuranceContractsHeldInsuranceContractsLiabilityAsset" xlink:label="loc_7" xlink:type="locator" />
    <link:calculationArc xlink:type="arc" xlink:arcrole="http://www.xbrl.org/2003/arcrole/summation-item" order="3.0" xlink:from="loc_4" xlink:to="loc_7" weight="1.0" />
    <link:loc xlink:href="https://xbrl.ifrs.org/taxonomy/2023-03-23/full_ifrs/full_ifrs-cor_2023-03-23.xsd#ifrs-full_IncreaseDecreaseThroughCashFlowsInsuranceContractsLiabilityAsset" xlink:label="loc_8" xlink:type="locator" />
    <link:calculationArc xlink:type="arc" xlink:arcrole="http://www.xbrl.org/2003/arcrole/summation-item" order="2.0" xlink:from="loc_4" xlink:to="loc_8" weight="1.0" />
    <link:loc xlink:href="https://xbrl.ifrs.org/taxonomy/2023-03-23/full_ifrs/full_ifrs-cor_2023-03-23.xsd#ifrs-full_IncreaseDecreaseThroughIncurredClaimsRecoveredAndOtherInsuranceServiceExpensesRecoveredUnderReinsuranceContractsHeldInsuranceContractsLiabilityAsset" xlink:label="loc_9" xlink:type="locator" />
    <link:calculationArc xlink:type="arc" xlink:arcrole="http://www.xbrl.org/2003/arcrole/summation-item" order="5.0" xlink:from="loc_8" xlink:to="loc_9" weight="1.0" />
    <link:loc xlink:href="https://xbrl.ifrs.org/taxonomy/2023-03-23/full_ifrs/full_ifrs-cor_2023-03-23.xsd#ifrs-full_IncreaseDecreaseThroughIncurredClaimsPaidAndOtherInsuranceServiceExpensesPaidForInsuranceContractsIssuedExcludingInsuranceAcquisitionCashFlowsInsuranceContractsLiabilityAsset" xlink:label="loc_10" xlink:type="locator" />
    <link:calculationArc xlink:type="arc" xlink:arcrole="http://www.xbrl.org/2003/arcrole/summation-item" order="4.0" xlink:from="loc_8" xlink:to="loc_10" weight="1.0" />
    <link:loc xlink:href="https://xbrl.ifrs.org/taxonomy/2023-03-23/full_ifrs/full_ifrs-cor_2023-03-23.xsd#ifrs-full_IncreaseDecreaseThroughInsuranceAcquisitionCashFlowsInsuranceContractsLiabilityAsset" xlink:label="loc_11" xlink:type="locator" />
    <link:calculationArc xlink:type="arc" xlink:arcrole="http://www.xbrl.org/2003/arcrole/summation-item" order="3.0" xlink:from="loc_8" xlink:to="loc_11" weight="1.0" />
    <link:loc xlink:href="https://xbrl.ifrs.org/taxonomy/2023-03-23/full_ifrs/full_ifrs-cor_2023-03-23.xsd#ifrs-full_IncreaseDecreaseThroughPremiumsPaidForReinsuranceContractsHeldInsuranceContractsLiabilityAsset" xlink:label="loc_12" xlink:type="locator" />
    <link:calculationArc xlink:type="arc" xlink:arcrole="http://www.xbrl.org/2003/arcrole/summation-item" order="2.0" xlink:from="loc_8" xlink:to="loc_12" weight="1.0" />
    <link:loc xlink:href="https://xbrl.ifrs.org/taxonomy/2023-03-23/full_ifrs/full_ifrs-cor_2023-03-23.xsd#ifrs-full_IncreaseDecreaseThroughPremiumsReceivedForInsuranceContractsIssuedInsuranceContractsLiabilityAsset" xlink:label="loc_13" xlink:type="locator" />
    <link:calculationArc xlink:type="arc" xlink:arcrole="http://www.xbrl.org/2003/arcrole/summation-item" order="1.0" xlink:from="loc_8" xlink:to="loc_13" weight="1.0" />
    <link:loc xlink:href="https://xbrl.ifrs.org/taxonomy/2023-03-23/full_ifrs/full_ifrs-cor_2023-03-23.xsd#ifrs-full_IncreaseDecreaseThroughInsuranceServiceResultInsuranceContractsLiabilityAsset" xlink:label="loc_14" xlink:type="locator" />
    <link:calculationArc xlink:type="arc" xlink:arcrole="http://www.xbrl.org/2003/arcrole/summation-item" order="1.0" xlink:from="loc_4" xlink:to="loc_14" weight="1.0" />
    <link:loc xlink:href="https://xbrl.ifrs.org/taxonomy/2023-03-23/full_ifrs/full_ifrs-cor_2023-03-23.xsd#ifrs-full_IncreaseDecreaseThroughInvestmentComponentsExcludedFromInsuranceRevenueAndInsuranceServiceExpensesInsuranceContractsLiabilityAsset" xlink:label="loc_15" xlink:type="locator" />
    <link:calculationArc xlink:type="arc" xlink:arcrole="http://www.xbrl.org/2003/arcrole/summation-item" order="3.0" xlink:from="loc_14" xlink:to="loc_15" weight="1.0" />
    <link:loc xlink:href="https://xbrl.ifrs.org/taxonomy/2023-03-23/full_ifrs/full_ifrs-cor_2023-03-23.xsd#ifrs-full_IncreaseDecreaseThroughInsuranceServiceExpensesInsuranceContractsLiabilityAsset" xlink:label="loc_16" xlink:type="locator" />
    <link:calculationArc xlink:type="arc" xlink:arcrole="http://www.xbrl.org/2003/arcrole/summation-item" order="2.0" xlink:from="loc_14" xlink:to="loc_16" weight="1.0" />
    <link:loc xlink:href="https://xbrl.ifrs.org/taxonomy/2023-03-23/full_ifrs/full_ifrs-cor_2023-03-23.xsd#ifrs-full_IncreaseDecreaseThroughChangesThatRelateToFutureServiceInsuranceContractsLiabilityAsset" xlink:label="loc_17" xlink:type="locator" />
    <link:calculationArc xlink:type="arc" xlink:arcrole="http://www.xbrl.org/2003/arcrole/summation-item" order="4.0" xlink:from="loc_16" xlink:to="loc_17" weight="1.0" />
    <link:loc xlink:href="https://xbrl.ifrs.org/taxonomy/2023-03-23/full_ifrs/full_ifrs-cor_2023-03-23.xsd#ifrs-full_IncreaseDecreaseThroughChangesThatRelateToPastServiceInsuranceContractsLiabilityAsset" xlink:label="loc_18" xlink:type="locator" />
    <link:calculationArc xlink:type="arc" xlink:arcrole="http://www.xbrl.org/2003/arcrole/summation-item" order="3.0" xlink:from="loc_16" xlink:to="loc_18" weight="1.0" />
    <link:loc xlink:href="https://xbrl.ifrs.org/taxonomy/2023-03-23/full_ifrs/full_ifrs-cor_2023-03-23.xsd#ifrs-full_IncreaseDecreaseThroughAmortisationOfInsuranceAcquisitionCashFlowsInsuranceContractsLiabilityAsset" xlink:label="loc_19" xlink:type="locator" />
    <link:calculationArc xlink:type="arc" xlink:arcrole="http://www.xbrl.org/2003/arcrole/summation-item" order="2.0" xlink:from="loc_16" xlink:to="loc_19" weight="1.0" />
    <link:loc xlink:href="https://xbrl.ifrs.org/taxonomy/2023-03-23/full_ifrs/full_ifrs-cor_2023-03-23.xsd#ifrs-full_IncreaseDecreaseThroughIncurredClaimsAndOtherIncurredInsuranceServiceExpensesInsuranceContractsLiabilityAsset" xlink:label="loc_20" xlink:type="locator" />
    <link:calculationArc xlink:type="arc" xlink:arcrole="http://www.xbrl.org/2003/arcrole/summation-item" order="1.0" xlink:from="loc_16" xlink:to="loc_20" weight="1.0" />
    <link:loc xlink:href="https://xbrl.ifrs.org/taxonomy/2023-03-23/full_ifrs/full_ifrs-cor_2023-03-23.xsd#ifrs-full_IncreaseDecreaseThroughInsuranceRevenueInsuranceContractsLiabilityAsset" xlink:label="loc_21" xlink:type="locator" />
    <link:calculationArc xlink:type="arc" xlink:arcrole="http://www.xbrl.org/2003/arcrole/summation-item" order="1.0" xlink:from="loc_14" xlink:to="loc_21" weight="1.0" />
    <link:loc xlink:href="https://xbrl.ifrs.org/taxonomy/2023-03-23/full_ifrs/full_ifrs-cor_2023-03-23.xsd#ifrs-full_IncreaseDecreaseThroughInsuranceRevenueNotRelatedToContractsThatExistedAtTransitionDateToWhichModifiedRetrospectiveApproachOrFairValueApproachHasBeenAppliedInsuranceContractsLiabilityAsset" xlink:label="loc_22" xlink:type="locator" />
    <link:calculationArc xlink:type="arc" xlink:arcrole="http://www.xbrl.org/2003/arcrole/summation-item" order="3.0" xlink:from="loc_21" xlink:to="loc_22" weight="1.0" />
    <link:loc xlink:href="https://xbrl.ifrs.org/taxonomy/2023-03-23/full_ifrs/full_ifrs-cor_2023-03-23.xsd#ifrs-full_IncreaseDecreaseThroughInsuranceRevenueRelatedToContractsThatExistedAtTransitionDateToWhichFairValueApproachHasBeenAppliedInsuranceContractsLiabilityAsset" xlink:label="loc_23" xlink:type="locator" />
    <link:calculationArc xlink:type="arc" xlink:arcrole="http://www.xbrl.org/2003/arcrole/summation-item" order="2.0" xlink:from="loc_21" xlink:to="loc_23" weight="1.0" />
    <link:loc xlink:href="https://xbrl.ifrs.org/taxonomy/2023-03-23/full_ifrs/full_ifrs-cor_2023-03-23.xsd#ifrs-full_IncreaseDecreaseThroughInsuranceRevenueRelatedToContractsThatExistedAtTransitionDateToWhichModifiedRetrospectiveApproachHasBeenAppliedInsuranceContractsLiabilityAsset" xlink:label="loc_24" xlink:type="locator" />
    <link:calculationArc xlink:type="arc" xlink:arcrole="http://www.xbrl.org/2003/arcrole/summation-item" order="1.0" xlink:from="loc_21" xlink:to="loc_24" weight="1.0" />
    <link:loc xlink:href="https://xbrl.ifrs.org/taxonomy/2023-03-23/full_ifrs/full_ifrs-cor_2023-03-23.xsd#ifrs-full_InsuranceServiceResult" xlink:label="loc_25" xlink:type="locator" />
    <link:loc xlink:href="https://xbrl.ifrs.org/taxonomy/2023-03-23/full_ifrs/full_ifrs-cor_2023-03-23.xsd#ifrs-full_IncomeExpensesFromReinsuranceContractsHeldOtherThanFinanceIncomeExpenses" xlink:label="loc_26" xlink:type="locator" />
    <link:calculationArc xlink:type="arc" xlink:arcrole="http://www.xbrl.org/2003/arcrole/summation-item" order="3.0" xlink:from="loc_25" xlink:to="loc_26" weight="1.0" />
    <link:loc xlink:href="https://xbrl.ifrs.org/taxonomy/2023-03-23/full_ifrs/full_ifrs-cor_2023-03-23.xsd#ifrs-full_ExpensesFromAllocationOfPremiumsPaidToReinsurer" xlink:label="loc_27" xlink:type="locator" />
    <link:calculationArc xlink:type="arc" xlink:arcrole="http://www.xbrl.org/2003/arcrole/summation-item" order="2.0" xlink:from="loc_26" xlink:to="loc_27" weight="-1.0" />
    <link:loc xlink:href="https://xbrl.ifrs.org/taxonomy/2023-03-23/full_ifrs/full_ifrs-cor_2023-03-23.xsd#ifrs-full_IncomeFromAmountsRecoveredFromReinsurer" xlink:label="loc_28" xlink:type="locator" />
    <link:calculationArc xlink:type="arc" xlink:arcrole="http://www.xbrl.org/2003/arcrole/summation-item" order="1.0" xlink:from="loc_26" xlink:to="loc_28" weight="1.0" />
    <link:loc xlink:href="https://xbrl.ifrs.org/taxonomy/2023-03-23/full_ifrs/full_ifrs-cor_2023-03-23.xsd#ifrs-full_InsuranceServiceExpensesFromInsuranceContractsIssued" xlink:label="loc_29" xlink:type="locator" />
    <link:calculationArc xlink:type="arc" xlink:arcrole="http://www.xbrl.org/2003/arcrole/summation-item" order="2.0" xlink:from="loc_25" xlink:to="loc_29" weight="-1.0" />
    <link:loc xlink:href="https://xbrl.ifrs.org/taxonomy/2023-03-23/full_ifrs/full_ifrs-cor_2023-03-23.xsd#ifrs-full_InsuranceRevenue" xlink:label="loc_30" xlink:type="locator" />
    <link:calculationArc xlink:type="arc" xlink:arcrole="http://www.xbrl.org/2003/arcrole/summation-item" order="1.0" xlink:from="loc_25" xlink:to="loc_30" weight="1.0" />
  </link:calculationLink>
</link:linkbase>
