<?xml version="1.0" encoding="UTF-8"?>
<!--  Companies & Intellectual Property Commission  -->
<link:linkbase xmlns:link="http://www.xbrl.org/2003/linkbase" xmlns:xbrldt="http://xbrl.org/2005/xbrldt" xmlns:xlink="http://www.w3.org/1999/xlink" xmlns:xsi="http://www.w3.org/2001/XMLSchema-instance" xsi:schemaLocation="http://www.xbrl.org/2003/linkbase http://www.xbrl.org/2003/xbrl-linkbase-2003-12-31.xsd http://www.w3.org/1999/xlink http://www.xbrl.org/2003/xlink-2003-12-31.xsd">
  <link:arcroleRef arcroleURI="http://xbrl.org/int/dim/arcrole/all" xlink:type="simple" xlink:href="http://www.xbrl.org/2005/xbrldt-2005.xsd#all" />
  <link:arcroleRef arcroleURI="http://xbrl.org/int/dim/arcrole/hypercube-dimension" xlink:type="simple" xlink:href="http://www.xbrl.org/2005/xbrldt-2005.xsd#hypercube-dimension" />
  <link:arcroleRef arcroleURI="http://xbrl.org/int/dim/arcrole/dimension-domain" xlink:type="simple" xlink:href="http://www.xbrl.org/2005/xbrldt-2005.xsd#dimension-domain" />
  <link:arcroleRef arcroleURI="http://xbrl.org/int/dim/arcrole/domain-member" xlink:type="simple" xlink:href="http://www.xbrl.org/2005/xbrldt-2005.xsd#domain-member" />
  <link:roleRef roleURI="http://xbrl.cipc.co.za/taxonomy/role/ifrs_full_role_803001" xlink:type="simple" xlink:href="../rol_full_ifrs_2023-09-30.xsd#role_ifrs_full_role_803001" />
  <link:roleRef roleURI="http://xbrl.cipc.co.za/taxonomy/role/ifrs_full_role_803002" xlink:type="simple" xlink:href="../rol_full_ifrs_2023-09-30.xsd#role_ifrs_full_role_803002" />
  <link:definitionLink xlink:role="http://xbrl.cipc.co.za/taxonomy/role/ifrs_full_role_803001" xlink:type="extended">
    <link:loc xlink:href="https://xbrl.ifrs.org/taxonomy/2023-03-23/full_ifrs/full_ifrs-cor_2023-03-23.xsd#ifrs-full_DisclosureOfOtherProvisionsAbstract" xlink:label="loc_1" xlink:type="locator" />
    <link:loc xlink:href="https://xbrl.ifrs.org/taxonomy/2023-03-23/full_ifrs/full_ifrs-cor_2023-03-23.xsd#ifrs-full_DisclosureOfOtherProvisionsTable" xlink:label="loc_2" xlink:type="locator" />
    <link:definitionArc xlink:type="arc" xlink:arcrole="http://xbrl.org/int/dim/arcrole/all" order="10.0" xlink:from="loc_1" xlink:to="loc_2" xbrldt:closed="true" xbrldt:contextElement="scenario" />
    <link:loc xlink:href="https://xbrl.ifrs.org/taxonomy/2023-03-23/full_ifrs/full_ifrs-cor_2023-03-23.xsd#ifrs-full_ClassesOfProvisionsAxis" xlink:label="loc_3" xlink:type="locator" />
    <link:definitionArc xlink:type="arc" xlink:arcrole="http://xbrl.org/int/dim/arcrole/hypercube-dimension" order="1.0" xlink:from="loc_2" xlink:to="loc_3" />
    <link:loc xlink:href="https://xbrl.ifrs.org/taxonomy/2023-03-23/full_ifrs/full_ifrs-cor_2023-03-23.xsd#ifrs-full_OtherProvisionsMember" xlink:label="loc_4" xlink:type="locator" />
    <link:definitionArc xlink:type="arc" xlink:arcrole="http://xbrl.org/int/dim/arcrole/dimension-domain" order="10.0" xlink:from="loc_3" xlink:to="loc_4" />
    <link:loc xlink:href="https://xbrl.ifrs.org/taxonomy/2023-03-23/full_ifrs/full_ifrs-cor_2023-03-23.xsd#ifrs-full_WarrantyProvisionMember" xlink:label="loc_5" xlink:type="locator" />
    <link:definitionArc xlink:type="arc" xlink:arcrole="http://xbrl.org/int/dim/arcrole/domain-member" order="10.0" xlink:from="loc_4" xlink:to="loc_5" />
    <link:loc xlink:href="https://xbrl.ifrs.org/taxonomy/2023-03-23/full_ifrs/full_ifrs-cor_2023-03-23.xsd#ifrs-full_RestructuringProvisionMember" xlink:label="loc_6" xlink:type="locator" />
    <link:definitionArc xlink:type="arc" xlink:arcrole="http://xbrl.org/int/dim/arcrole/domain-member" order="20.0" xlink:from="loc_4" xlink:to="loc_6" />
    <link:loc xlink:href="https://xbrl.ifrs.org/taxonomy/2023-03-23/full_ifrs/full_ifrs-cor_2023-03-23.xsd#ifrs-full_LegalProceedingsProvisionMember" xlink:label="loc_7" xlink:type="locator" />
    <link:definitionArc xlink:type="arc" xlink:arcrole="http://xbrl.org/int/dim/arcrole/domain-member" order="30.0" xlink:from="loc_4" xlink:to="loc_7" />
    <link:loc xlink:href="https://xbrl.ifrs.org/taxonomy/2023-03-23/full_ifrs/full_ifrs-cor_2023-03-23.xsd#ifrs-full_RefundsProvisionMember" xlink:label="loc_8" xlink:type="locator" />
    <link:definitionArc xlink:type="arc" xlink:arcrole="http://xbrl.org/int/dim/arcrole/domain-member" order="40.0" xlink:from="loc_4" xlink:to="loc_8" />
    <link:loc xlink:href="https://xbrl.ifrs.org/taxonomy/2023-03-23/full_ifrs/full_ifrs-cor_2023-03-23.xsd#ifrs-full_OnerousContractsProvisionMember" xlink:label="loc_9" xlink:type="locator" />
    <link:definitionArc xlink:type="arc" xlink:arcrole="http://xbrl.org/int/dim/arcrole/domain-member" order="50.0" xlink:from="loc_4" xlink:to="loc_9" />
    <link:loc xlink:href="https://xbrl.ifrs.org/taxonomy/2023-03-23/full_ifrs/full_ifrs-cor_2023-03-23.xsd#ifrs-full_ProvisionForDecommissioningRestorationAndRehabilitationCostsMember" xlink:label="loc_10" xlink:type="locator" />
    <link:definitionArc xlink:type="arc" xlink:arcrole="http://xbrl.org/int/dim/arcrole/domain-member" order="60.0" xlink:from="loc_4" xlink:to="loc_10" />
    <link:loc xlink:href="https://xbrl.ifrs.org/taxonomy/2023-03-23/full_ifrs/full_ifrs-cor_2023-03-23.xsd#ifrs-full_OtherEnvironmentRelatedProvisionMember" xlink:label="loc_11" xlink:type="locator" />
    <link:definitionArc xlink:type="arc" xlink:arcrole="http://xbrl.org/int/dim/arcrole/domain-member" order="70.0" xlink:from="loc_4" xlink:to="loc_11" />
    <link:loc xlink:href="https://xbrl.ifrs.org/taxonomy/2023-03-23/full_ifrs/full_ifrs-cor_2023-03-23.xsd#ifrs-full_ProvisionForCreditCommitmentsMember" xlink:label="loc_12" xlink:type="locator" />
    <link:definitionArc xlink:type="arc" xlink:arcrole="http://xbrl.org/int/dim/arcrole/domain-member" order="80.0" xlink:from="loc_4" xlink:to="loc_12" />
    <link:loc xlink:href="https://xbrl.ifrs.org/taxonomy/2023-03-23/full_ifrs/full_ifrs-cor_2023-03-23.xsd#ifrs-full_ProvisionForTaxesOtherThanIncomeTaxMember" xlink:label="loc_13" xlink:type="locator" />
    <link:definitionArc xlink:type="arc" xlink:arcrole="http://xbrl.org/int/dim/arcrole/domain-member" order="90.0" xlink:from="loc_4" xlink:to="loc_13" />
    <link:loc xlink:href="https://xbrl.ifrs.org/taxonomy/2023-03-23/full_ifrs/full_ifrs-cor_2023-03-23.xsd#ifrs-full_MiscellaneousOtherProvisionsMember" xlink:label="loc_14" xlink:type="locator" />
    <link:definitionArc xlink:type="arc" xlink:arcrole="http://xbrl.org/int/dim/arcrole/domain-member" order="100.0" xlink:from="loc_4" xlink:to="loc_14" />
    <link:loc xlink:href="https://xbrl.ifrs.org/taxonomy/2023-03-23/full_ifrs/full_ifrs-cor_2023-03-23.xsd#ifrs-full_DisclosureOfOtherProvisionsLineItems" xlink:label="loc_15" xlink:type="locator" />
    <link:definitionArc xlink:type="arc" xlink:arcrole="http://xbrl.org/int/dim/arcrole/domain-member" order="10.0" xlink:from="loc_1" xlink:to="loc_15" />
    <link:loc xlink:href="https://xbrl.ifrs.org/taxonomy/2023-03-23/full_ifrs/full_ifrs-cor_2023-03-23.xsd#ifrs-full_ReconciliationOfChangesInOtherProvisionsAbstract" xlink:label="loc_16" xlink:type="locator" />
    <link:definitionArc xlink:type="arc" xlink:arcrole="http://xbrl.org/int/dim/arcrole/domain-member" order="10.0" xlink:from="loc_15" xlink:to="loc_16" />
    <link:loc xlink:href="https://xbrl.ifrs.org/taxonomy/2023-03-23/full_ifrs/full_ifrs-cor_2023-03-23.xsd#ifrs-full_OtherProvisions" xlink:label="loc_17" xlink:type="locator" />
    <link:definitionArc xlink:type="arc" xlink:arcrole="http://xbrl.org/int/dim/arcrole/domain-member" order="30.0" xlink:from="loc_16" xlink:to="loc_17" />
    <link:loc xlink:href="https://xbrl.ifrs.org/taxonomy/2023-03-23/full_ifrs/full_ifrs-cor_2023-03-23.xsd#ifrs-full_ChangesInOtherProvisionsAbstract" xlink:label="loc_18" xlink:type="locator" />
    <link:definitionArc xlink:type="arc" xlink:arcrole="http://xbrl.org/int/dim/arcrole/domain-member" order="20.0" xlink:from="loc_16" xlink:to="loc_18" />
    <link:loc xlink:href="https://xbrl.ifrs.org/taxonomy/2023-03-23/full_ifrs/full_ifrs-cor_2023-03-23.xsd#ifrs-full_AdditionalProvisionsOtherProvisionsAbstract" xlink:label="loc_19" xlink:type="locator" />
    <link:definitionArc xlink:type="arc" xlink:arcrole="http://xbrl.org/int/dim/arcrole/domain-member" order="10.0" xlink:from="loc_18" xlink:to="loc_19" />
    <link:loc xlink:href="https://xbrl.ifrs.org/taxonomy/2023-03-23/full_ifrs/full_ifrs-cor_2023-03-23.xsd#ifrs-full_NewProvisionsOtherProvisions" xlink:label="loc_20" xlink:type="locator" />
    <link:definitionArc xlink:type="arc" xlink:arcrole="http://xbrl.org/int/dim/arcrole/domain-member" order="10.0" xlink:from="loc_19" xlink:to="loc_20" />
    <link:loc xlink:href="https://xbrl.ifrs.org/taxonomy/2023-03-23/full_ifrs/full_ifrs-cor_2023-03-23.xsd#ifrs-full_IncreaseDecreaseInExistingProvisionsOtherProvisions" xlink:label="loc_21" xlink:type="locator" />
    <link:definitionArc xlink:type="arc" xlink:arcrole="http://xbrl.org/int/dim/arcrole/domain-member" order="20.0" xlink:from="loc_19" xlink:to="loc_21" />
    <link:loc xlink:href="https://xbrl.ifrs.org/taxonomy/2023-03-23/full_ifrs/full_ifrs-cor_2023-03-23.xsd#ifrs-full_AdditionalProvisionsOtherProvisions" xlink:label="loc_22" xlink:type="locator" />
    <link:definitionArc xlink:type="arc" xlink:arcrole="http://xbrl.org/int/dim/arcrole/domain-member" order="30.0" xlink:from="loc_19" xlink:to="loc_22" />
    <link:loc xlink:href="https://xbrl.ifrs.org/taxonomy/2023-03-23/full_ifrs/full_ifrs-cor_2023-03-23.xsd#ifrs-full_AcquisitionsThroughBusinessCombinationsOtherProvisions" xlink:label="loc_23" xlink:type="locator" />
    <link:definitionArc xlink:type="arc" xlink:arcrole="http://xbrl.org/int/dim/arcrole/domain-member" order="20.0" xlink:from="loc_18" xlink:to="loc_23" />
    <link:loc xlink:href="https://xbrl.ifrs.org/taxonomy/2023-03-23/full_ifrs/full_ifrs-cor_2023-03-23.xsd#ifrs-full_ProvisionUsedOtherProvisions" xlink:label="loc_24" xlink:type="locator" />
    <link:definitionArc xlink:type="arc" xlink:arcrole="http://xbrl.org/int/dim/arcrole/domain-member" order="30.0" xlink:from="loc_18" xlink:to="loc_24" />
    <link:loc xlink:href="https://xbrl.ifrs.org/taxonomy/2023-03-23/full_ifrs/full_ifrs-cor_2023-03-23.xsd#ifrs-full_UnusedProvisionReversedOtherProvisions" xlink:label="loc_25" xlink:type="locator" />
    <link:definitionArc xlink:type="arc" xlink:arcrole="http://xbrl.org/int/dim/arcrole/domain-member" order="40.0" xlink:from="loc_18" xlink:to="loc_25" />
    <link:loc xlink:href="https://xbrl.ifrs.org/taxonomy/2023-03-23/full_ifrs/full_ifrs-cor_2023-03-23.xsd#ifrs-full_IncreaseDecreaseThroughTimeValueOfMoneyAdjustmentOtherProvisions" xlink:label="loc_26" xlink:type="locator" />
    <link:definitionArc xlink:type="arc" xlink:arcrole="http://xbrl.org/int/dim/arcrole/domain-member" order="50.0" xlink:from="loc_18" xlink:to="loc_26" />
    <link:loc xlink:href="https://xbrl.ifrs.org/taxonomy/2023-03-23/full_ifrs/full_ifrs-cor_2023-03-23.xsd#ifrs-full_IncreaseDecreaseThroughChangeInDiscountRateOtherProvisions" xlink:label="loc_27" xlink:type="locator" />
    <link:definitionArc xlink:type="arc" xlink:arcrole="http://xbrl.org/int/dim/arcrole/domain-member" order="60.0" xlink:from="loc_18" xlink:to="loc_27" />
    <link:loc xlink:href="https://xbrl.ifrs.org/taxonomy/2023-03-23/full_ifrs/full_ifrs-cor_2023-03-23.xsd#ifrs-full_IncreaseDecreaseThroughNetExchangeDifferencesOtherProvisions" xlink:label="loc_28" xlink:type="locator" />
    <link:definitionArc xlink:type="arc" xlink:arcrole="http://xbrl.org/int/dim/arcrole/domain-member" order="70.0" xlink:from="loc_18" xlink:to="loc_28" />
    <link:loc xlink:href="https://xbrl.ifrs.org/taxonomy/2023-03-23/full_ifrs/full_ifrs-cor_2023-03-23.xsd#ifrs-full_DecreaseThroughLossOfControlOfSubsidiaryOtherProvisions" xlink:label="loc_29" xlink:type="locator" />
    <link:definitionArc xlink:type="arc" xlink:arcrole="http://xbrl.org/int/dim/arcrole/domain-member" order="80.0" xlink:from="loc_18" xlink:to="loc_29" />
    <link:loc xlink:href="https://xbrl.ifrs.org/taxonomy/2023-03-23/full_ifrs/full_ifrs-cor_2023-03-23.xsd#ifrs-full_IncreaseDecreaseThroughTransfersAndOtherChangesOtherProvisions" xlink:label="loc_30" xlink:type="locator" />
    <link:definitionArc xlink:type="arc" xlink:arcrole="http://xbrl.org/int/dim/arcrole/domain-member" order="90.0" xlink:from="loc_18" xlink:to="loc_30" />
    <link:loc xlink:href="https://xbrl.ifrs.org/taxonomy/2023-03-23/full_ifrs/full_ifrs-cor_2023-03-23.xsd#ifrs-full_DecreaseThroughTransferToLiabilitiesIncludedInDisposalGroupsClassifiedAsHeldForSaleOtherProvisions" xlink:label="loc_31" xlink:type="locator" />
    <link:definitionArc xlink:type="arc" xlink:arcrole="http://xbrl.org/int/dim/arcrole/domain-member" order="10.0" xlink:from="loc_30" xlink:to="loc_31" />
    <link:loc xlink:href="https://xbrl.ifrs.org/taxonomy/2023-03-23/full_ifrs/full_ifrs-cor_2023-03-23.xsd#ifrs-full_ChangesInOtherProvisions" xlink:label="loc_32" xlink:type="locator" />
    <link:definitionArc xlink:type="arc" xlink:arcrole="http://xbrl.org/int/dim/arcrole/domain-member" order="100.0" xlink:from="loc_18" xlink:to="loc_32" />
    <link:loc xlink:href="https://xbrl.ifrs.org/taxonomy/2023-03-23/full_ifrs/full_ifrs-cor_2023-03-23.xsd#ifrs-full_DescriptionOfNatureOfObligationOtherProvisions" xlink:label="loc_33" xlink:type="locator" />
    <link:definitionArc xlink:type="arc" xlink:arcrole="http://xbrl.org/int/dim/arcrole/domain-member" order="20.0" xlink:from="loc_15" xlink:to="loc_33" />
    <link:loc xlink:href="https://xbrl.ifrs.org/taxonomy/2023-03-23/full_ifrs/full_ifrs-cor_2023-03-23.xsd#ifrs-full_DescriptionOfExpectedTimingOfOutflowsOtherProvisions" xlink:label="loc_34" xlink:type="locator" />
    <link:definitionArc xlink:type="arc" xlink:arcrole="http://xbrl.org/int/dim/arcrole/domain-member" order="30.0" xlink:from="loc_15" xlink:to="loc_34" />
    <link:loc xlink:href="https://xbrl.ifrs.org/taxonomy/2023-03-23/full_ifrs/full_ifrs-cor_2023-03-23.xsd#ifrs-full_IndicationOfUncertaintiesOfAmountOrTimingOfOutflowsOtherProvisions" xlink:label="loc_35" xlink:type="locator" />
    <link:definitionArc xlink:type="arc" xlink:arcrole="http://xbrl.org/int/dim/arcrole/domain-member" order="40.0" xlink:from="loc_15" xlink:to="loc_35" />
    <link:loc xlink:href="https://xbrl.ifrs.org/taxonomy/2023-03-23/full_ifrs/full_ifrs-cor_2023-03-23.xsd#ifrs-full_DescriptionOfMajorAssumptionsMadeConcerningFutureEventsOtherProvisions" xlink:label="loc_36" xlink:type="locator" />
    <link:definitionArc xlink:type="arc" xlink:arcrole="http://xbrl.org/int/dim/arcrole/domain-member" order="50.0" xlink:from="loc_15" xlink:to="loc_36" />
    <link:loc xlink:href="https://xbrl.ifrs.org/taxonomy/2023-03-23/full_ifrs/full_ifrs-cor_2023-03-23.xsd#ifrs-full_AssetRecognisedForExpectedReimbursementOtherProvisions" xlink:label="loc_37" xlink:type="locator" />
    <link:definitionArc xlink:type="arc" xlink:arcrole="http://xbrl.org/int/dim/arcrole/domain-member" order="60.0" xlink:from="loc_15" xlink:to="loc_37" />
    <link:loc xlink:href="https://xbrl.ifrs.org/taxonomy/2023-03-23/full_ifrs/full_ifrs-cor_2023-03-23.xsd#ifrs-full_ExpectedReimbursementOtherProvisions" xlink:label="loc_38" xlink:type="locator" />
    <link:definitionArc xlink:type="arc" xlink:arcrole="http://xbrl.org/int/dim/arcrole/domain-member" order="70.0" xlink:from="loc_15" xlink:to="loc_38" />
  </link:definitionLink>
  <link:definitionLink xlink:role="http://xbrl.cipc.co.za/taxonomy/role/ifrs_full_role_803002" xlink:type="extended">
    <link:loc xlink:href="https://xbrl.ifrs.org/taxonomy/2023-03-23/full_ifrs/full_ifrs-cor_2023-03-23.xsd#ifrs-full_DisclosureOfContingentLiabilitiesAbstract" xlink:label="loc_1" xlink:type="locator" />
    <link:loc xlink:href="https://xbrl.ifrs.org/taxonomy/2023-03-23/full_ifrs/full_ifrs-cor_2023-03-23.xsd#ifrs-full_DisclosureOfContingentLiabilitiesTable" xlink:label="loc_2" xlink:type="locator" />
    <link:definitionArc xlink:type="arc" xlink:arcrole="http://xbrl.org/int/dim/arcrole/all" order="10.0" xlink:from="loc_1" xlink:to="loc_2" xbrldt:closed="true" xbrldt:contextElement="scenario" />
    <link:loc xlink:href="https://xbrl.ifrs.org/taxonomy/2023-03-23/full_ifrs/full_ifrs-cor_2023-03-23.xsd#ifrs-full_ClassesOfContingentLiabilitiesAxis" xlink:label="loc_3" xlink:type="locator" />
    <link:definitionArc xlink:type="arc" xlink:arcrole="http://xbrl.org/int/dim/arcrole/hypercube-dimension" order="1.0" xlink:from="loc_2" xlink:to="loc_3" />
    <link:loc xlink:href="https://xbrl.ifrs.org/taxonomy/2023-03-23/full_ifrs/full_ifrs-cor_2023-03-23.xsd#ifrs-full_ContingentLiabilitiesMember" xlink:label="loc_4" xlink:type="locator" />
    <link:definitionArc xlink:type="arc" xlink:arcrole="http://xbrl.org/int/dim/arcrole/dimension-domain" order="10.0" xlink:from="loc_3" xlink:to="loc_4" />
    <link:loc xlink:href="https://xbrl.ifrs.org/taxonomy/2023-03-23/full_ifrs/full_ifrs-cor_2023-03-23.xsd#ifrs-full_WarrantyContingentLiabilityMember" xlink:label="loc_5" xlink:type="locator" />
    <link:definitionArc xlink:type="arc" xlink:arcrole="http://xbrl.org/int/dim/arcrole/domain-member" order="10.0" xlink:from="loc_4" xlink:to="loc_5" />
    <link:loc xlink:href="https://xbrl.ifrs.org/taxonomy/2023-03-23/full_ifrs/full_ifrs-cor_2023-03-23.xsd#ifrs-full_RestructuringContingentLiabilityMember" xlink:label="loc_6" xlink:type="locator" />
    <link:definitionArc xlink:type="arc" xlink:arcrole="http://xbrl.org/int/dim/arcrole/domain-member" order="20.0" xlink:from="loc_4" xlink:to="loc_6" />
    <link:loc xlink:href="https://xbrl.ifrs.org/taxonomy/2023-03-23/full_ifrs/full_ifrs-cor_2023-03-23.xsd#ifrs-full_LegalProceedingsContingentLiabilityMember" xlink:label="loc_7" xlink:type="locator" />
    <link:definitionArc xlink:type="arc" xlink:arcrole="http://xbrl.org/int/dim/arcrole/domain-member" order="30.0" xlink:from="loc_4" xlink:to="loc_7" />
    <link:loc xlink:href="https://xbrl.ifrs.org/taxonomy/2023-03-23/full_ifrs/full_ifrs-cor_2023-03-23.xsd#ifrs-full_OnerousContractsContingentLiabilityMember" xlink:label="loc_8" xlink:type="locator" />
    <link:definitionArc xlink:type="arc" xlink:arcrole="http://xbrl.org/int/dim/arcrole/domain-member" order="40.0" xlink:from="loc_4" xlink:to="loc_8" />
    <link:loc xlink:href="https://xbrl.ifrs.org/taxonomy/2023-03-23/full_ifrs/full_ifrs-cor_2023-03-23.xsd#ifrs-full_ContingentLiabilityForDecommissioningRestorationAndRehabilitationCostsMember" xlink:label="loc_9" xlink:type="locator" />
    <link:definitionArc xlink:type="arc" xlink:arcrole="http://xbrl.org/int/dim/arcrole/domain-member" order="50.0" xlink:from="loc_4" xlink:to="loc_9" />
    <link:loc xlink:href="https://xbrl.ifrs.org/taxonomy/2023-03-23/full_ifrs/full_ifrs-cor_2023-03-23.xsd#ifrs-full_ContingentLiabilitiesOfJointVentureMember" xlink:label="loc_10" xlink:type="locator" />
    <link:definitionArc xlink:type="arc" xlink:arcrole="http://xbrl.org/int/dim/arcrole/domain-member" order="90.0" xlink:from="loc_4" xlink:to="loc_10" />
    <link:loc xlink:href="https://xbrl.ifrs.org/taxonomy/2023-03-23/full_ifrs/full_ifrs-cor_2023-03-23.xsd#ifrs-full_ShareOfContingentLiabilitiesOfAssociatesMember" xlink:label="loc_11" xlink:type="locator" />
    <link:definitionArc xlink:type="arc" xlink:arcrole="http://xbrl.org/int/dim/arcrole/domain-member" order="100.0" xlink:from="loc_4" xlink:to="loc_11" />
    <link:loc xlink:href="https://xbrl.ifrs.org/taxonomy/2023-03-23/full_ifrs/full_ifrs-cor_2023-03-23.xsd#ifrs-full_OtherContingentLiabilitiesMember" xlink:label="loc_12" xlink:type="locator" />
    <link:definitionArc xlink:type="arc" xlink:arcrole="http://xbrl.org/int/dim/arcrole/domain-member" order="120.0" xlink:from="loc_4" xlink:to="loc_12" />
    <link:loc xlink:href="https://xbrl.ifrs.org/taxonomy/2023-03-23/full_ifrs/full_ifrs-cor_2023-03-23.xsd#ifrs-full_OtherEnvironmentRelatedContingentLiabilityMember" xlink:label="loc_13" xlink:type="locator" />
    <link:definitionArc xlink:type="arc" xlink:arcrole="http://xbrl.org/int/dim/arcrole/domain-member" order="60.0" xlink:from="loc_4" xlink:to="loc_13" />
    <link:loc xlink:href="https://xbrl.ifrs.org/taxonomy/2023-03-23/full_ifrs/full_ifrs-cor_2023-03-23.xsd#ifrs-full_TaxContingentLiabilityMember" xlink:label="loc_14" xlink:type="locator" />
    <link:definitionArc xlink:type="arc" xlink:arcrole="http://xbrl.org/int/dim/arcrole/domain-member" order="70.0" xlink:from="loc_4" xlink:to="loc_14" />
    <link:loc xlink:href="https://xbrl.ifrs.org/taxonomy/2023-03-23/full_ifrs/full_ifrs-cor_2023-03-23.xsd#ifrs-full_ContingentLiabilityForGuaranteesMember" xlink:label="loc_15" xlink:type="locator" />
    <link:definitionArc xlink:type="arc" xlink:arcrole="http://xbrl.org/int/dim/arcrole/domain-member" order="80.0" xlink:from="loc_4" xlink:to="loc_15" />
    <link:loc xlink:href="https://xbrl.ifrs.org/taxonomy/2023-03-23/full_ifrs/full_ifrs-cor_2023-03-23.xsd#ifrs-full_ContingentLiabilityArisingFromPostemploymentBenefitObligationsMember" xlink:label="loc_16" xlink:type="locator" />
    <link:definitionArc xlink:type="arc" xlink:arcrole="http://xbrl.org/int/dim/arcrole/domain-member" order="110.0" xlink:from="loc_4" xlink:to="loc_16" />
    <link:loc xlink:href="https://xbrl.ifrs.org/taxonomy/2023-03-23/full_ifrs/full_ifrs-cor_2023-03-23.xsd#ifrs-full_DisclosureOfContingentLiabilitiesLineItems" xlink:label="loc_17" xlink:type="locator" />
    <link:definitionArc xlink:type="arc" xlink:arcrole="http://xbrl.org/int/dim/arcrole/domain-member" order="10.0" xlink:from="loc_1" xlink:to="loc_17" />
    <link:loc xlink:href="https://xbrl.ifrs.org/taxonomy/2023-03-23/full_ifrs/full_ifrs-cor_2023-03-23.xsd#ifrs-full_DescriptionOfNatureOfObligationContingentLiabilities" xlink:label="loc_18" xlink:type="locator" />
    <link:definitionArc xlink:type="arc" xlink:arcrole="http://xbrl.org/int/dim/arcrole/domain-member" order="10.0" xlink:from="loc_17" xlink:to="loc_18" />
    <link:loc xlink:href="https://xbrl.ifrs.org/taxonomy/2023-03-23/full_ifrs/full_ifrs-cor_2023-03-23.xsd#ifrs-full_ExplanationOfFinancialEffectOfContingentLiabilities" xlink:label="loc_19" xlink:type="locator" />
    <link:definitionArc xlink:type="arc" xlink:arcrole="http://xbrl.org/int/dim/arcrole/domain-member" order="20.0" xlink:from="loc_17" xlink:to="loc_19" />
    <link:loc xlink:href="https://xbrl.ifrs.org/taxonomy/2023-03-23/full_ifrs/full_ifrs-cor_2023-03-23.xsd#ifrs-full_EstimatedFinancialEffectOfContingentLiabilities" xlink:label="loc_20" xlink:type="locator" />
    <link:definitionArc xlink:type="arc" xlink:arcrole="http://xbrl.org/int/dim/arcrole/domain-member" order="30.0" xlink:from="loc_17" xlink:to="loc_20" />
    <link:loc xlink:href="https://xbrl.ifrs.org/taxonomy/2023-03-23/full_ifrs/full_ifrs-cor_2023-03-23.xsd#ifrs-full_ExplanationOfPossibilityOfReimbursementContingentLiabilities" xlink:label="loc_21" xlink:type="locator" />
    <link:definitionArc xlink:type="arc" xlink:arcrole="http://xbrl.org/int/dim/arcrole/domain-member" order="40.0" xlink:from="loc_17" xlink:to="loc_21" />
    <link:loc xlink:href="https://xbrl.ifrs.org/taxonomy/2023-03-23/full_ifrs/full_ifrs-cor_2023-03-23.xsd#ifrs-full_IndicationOfUncertaintiesOfAmountOrTimingOfOutflowsContingentLiabilities" xlink:label="loc_22" xlink:type="locator" />
    <link:definitionArc xlink:type="arc" xlink:arcrole="http://xbrl.org/int/dim/arcrole/domain-member" order="50.0" xlink:from="loc_17" xlink:to="loc_22" />
  </link:definitionLink>
</link:linkbase>
