<?xml version="1.0" encoding="UTF-8"?>
<!--  Companies & Intellectual Property Commission  -->
<link:linkbase xmlns:link="http://www.xbrl.org/2003/linkbase" xmlns:xbrldt="http://xbrl.org/2005/xbrldt" xmlns:xlink="http://www.w3.org/1999/xlink" xmlns:xsi="http://www.w3.org/2001/XMLSchema-instance" xsi:schemaLocation="http://www.xbrl.org/2003/linkbase http://www.xbrl.org/2003/xbrl-linkbase-2003-12-31.xsd http://www.w3.org/1999/xlink http://www.xbrl.org/2003/xlink-2003-12-31.xsd">
  <link:roleRef roleURI="http://xbrl.cipc.co.za/taxonomy/role/ifrs_full_role_800300" xlink:type="simple" xlink:href="../rol_full_ifrs_2023-09-30.xsd#role_ifrs_full_role_800300" />
  <link:presentationLink xlink:role="http://xbrl.cipc.co.za/taxonomy/role/ifrs_full_role_800300" xlink:type="extended">
    <link:loc xlink:href="https://xbrl.ifrs.org/taxonomy/2023-03-23/full_ifrs/full_ifrs-cor_2023-03-23.xsd#ifrs-full_StatementOfCashFlowsAbstract" xlink:label="loc_1" xlink:type="locator" />
    <link:loc xlink:href="https://xbrl.ifrs.org/taxonomy/2023-03-23/full_ifrs/full_ifrs-cor_2023-03-23.xsd#ifrs-full_CashFlowsFromUsedInOperatingActivitiesAbstract" xlink:label="loc_2" xlink:type="locator" />
    <link:presentationArc xlink:type="arc" xlink:arcrole="http://www.xbrl.org/2003/arcrole/parent-child" order="10.0" xlink:from="loc_1" xlink:to="loc_2" />
    <link:loc xlink:href="https://xbrl.ifrs.org/taxonomy/2023-03-23/full_ifrs/full_ifrs-cor_2023-03-23.xsd#ifrs-full_ClassesOfCashPaymentsAbstract" xlink:label="loc_3" xlink:type="locator" />
    <link:presentationArc xlink:type="arc" xlink:arcrole="http://www.xbrl.org/2003/arcrole/parent-child" order="10.0" xlink:from="loc_2" xlink:to="loc_3" />
    <link:loc xlink:href="https://xbrl.ifrs.org/taxonomy/2023-03-23/full_ifrs/full_ifrs-cor_2023-03-23.xsd#ifrs-full_PaymentsToSuppliersForGoodsAndServicesAndToAndOnBehalfOfEmployees" xlink:label="loc_4" xlink:type="locator" />
    <link:presentationArc xlink:type="arc" xlink:arcrole="http://www.xbrl.org/2003/arcrole/parent-child" order="10.0" xlink:from="loc_3" xlink:to="loc_4" />
    <link:loc xlink:href="https://xbrl.ifrs.org/taxonomy/2023-03-23/full_ifrs/full_ifrs-cor_2023-03-23.xsd#ifrs-full_PaymentsForExplorationAndEvaluationExpenses" xlink:label="loc_5" xlink:type="locator" />
    <link:presentationArc xlink:type="arc" xlink:arcrole="http://www.xbrl.org/2003/arcrole/parent-child" order="20.0" xlink:from="loc_3" xlink:to="loc_5" />
    <link:loc xlink:href="https://xbrl.ifrs.org/taxonomy/2023-03-23/full_ifrs/full_ifrs-cor_2023-03-23.xsd#ifrs-full_AdjustmentsForInterestExpense" xlink:label="loc_6" xlink:type="locator" />
    <link:presentationArc xlink:type="arc" xlink:arcrole="http://www.xbrl.org/2003/arcrole/parent-child" order="20.0" xlink:from="loc_2" xlink:to="loc_6" />
    <link:loc xlink:href="https://xbrl.ifrs.org/taxonomy/2023-03-23/full_ifrs/full_ifrs-cor_2023-03-23.xsd#ifrs-full_AdjustmentsForInterestIncome" xlink:label="loc_7" xlink:type="locator" />
    <link:presentationArc xlink:type="arc" xlink:arcrole="http://www.xbrl.org/2003/arcrole/parent-child" order="30.0" xlink:from="loc_2" xlink:to="loc_7" />
    <link:loc xlink:href="https://xbrl.ifrs.org/taxonomy/2023-03-23/full_ifrs/full_ifrs-cor_2023-03-23.xsd#ifrs-full_AdjustmentsForDividendIncome" xlink:label="loc_8" xlink:type="locator" />
    <link:presentationArc xlink:type="arc" xlink:arcrole="http://www.xbrl.org/2003/arcrole/parent-child" order="40.0" xlink:from="loc_2" xlink:to="loc_8" />
    <link:loc xlink:href="https://xbrl.ifrs.org/taxonomy/2023-03-23/full_ifrs/full_ifrs-cor_2023-03-23.xsd#ifrs-full_AdjustmentsForFinanceIncome" xlink:label="loc_9" xlink:type="locator" />
    <link:presentationArc xlink:type="arc" xlink:arcrole="http://www.xbrl.org/2003/arcrole/parent-child" order="50.0" xlink:from="loc_2" xlink:to="loc_9" />
    <link:loc xlink:href="https://xbrl.ifrs.org/taxonomy/2023-03-23/full_ifrs/full_ifrs-cor_2023-03-23.xsd#ifrs-full_AdjustmentsForFinanceIncomeCost" xlink:label="loc_10" xlink:type="locator" />
    <link:presentationArc xlink:type="arc" xlink:arcrole="http://www.xbrl.org/2003/arcrole/parent-child" order="60.0" xlink:from="loc_2" xlink:to="loc_10" />
    <link:loc xlink:href="https://xbrl.ifrs.org/taxonomy/2023-03-23/full_ifrs/full_ifrs-cor_2023-03-23.xsd#ifrs-full_AdjustmentsForDeferredTaxExpense" xlink:label="loc_11" xlink:type="locator" />
    <link:presentationArc xlink:type="arc" xlink:arcrole="http://www.xbrl.org/2003/arcrole/parent-child" order="70.0" xlink:from="loc_2" xlink:to="loc_11" />
    <link:loc xlink:href="https://xbrl.ifrs.org/taxonomy/2023-03-23/full_ifrs/full_ifrs-cor_2023-03-23.xsd#ifrs-full_AdjustmentsToReconcileProfitLossOtherThanChangesInWorkingCapital" xlink:label="loc_12" xlink:type="locator" />
    <link:presentationArc xlink:type="arc" xlink:arcrole="http://www.xbrl.org/2003/arcrole/parent-child" order="80.0" xlink:from="loc_2" xlink:to="loc_12" />
    <link:loc xlink:href="https://xbrl.ifrs.org/taxonomy/2023-03-23/full_ifrs/full_ifrs-cor_2023-03-23.xsd#ifrs-full_CashFlowsFromUsedInOperationsBeforeChangesInWorkingCapital" xlink:label="loc_13" xlink:type="locator" />
    <link:presentationArc xlink:type="arc" xlink:arcrole="http://www.xbrl.org/2003/arcrole/parent-child" order="90.0" xlink:from="loc_2" xlink:to="loc_13" />
    <link:loc xlink:href="https://xbrl.ifrs.org/taxonomy/2023-03-23/full_ifrs/full_ifrs-cor_2023-03-23.xsd#ifrs-full_IncreaseDecreaseInWorkingCapital" xlink:label="loc_14" xlink:type="locator" />
    <link:presentationArc xlink:type="arc" xlink:arcrole="http://www.xbrl.org/2003/arcrole/parent-child" order="100.0" xlink:from="loc_2" xlink:to="loc_14" />
    <link:loc xlink:href="https://xbrl.ifrs.org/taxonomy/2023-03-23/full_ifrs/full_ifrs-cor_2023-03-23.xsd#ifrs-full_AdjustmentsForDecreaseIncreaseInTradeAndOtherReceivables" xlink:label="loc_15" xlink:type="locator" />
    <link:presentationArc xlink:type="arc" xlink:arcrole="http://www.xbrl.org/2003/arcrole/parent-child" order="110.0" xlink:from="loc_2" xlink:to="loc_15" />
    <link:loc xlink:href="https://xbrl.ifrs.org/taxonomy/2023-03-23/full_ifrs/full_ifrs-cor_2023-03-23.xsd#ifrs-full_AdjustmentsForIncreaseDecreaseInTradeAndOtherPayables" xlink:label="loc_16" xlink:type="locator" />
    <link:presentationArc xlink:type="arc" xlink:arcrole="http://www.xbrl.org/2003/arcrole/parent-child" order="120.0" xlink:from="loc_2" xlink:to="loc_16" />
    <link:loc xlink:href="https://xbrl.ifrs.org/taxonomy/2023-03-23/full_ifrs/full_ifrs-cor_2023-03-23.xsd#ifrs-full_AdjustmentsForDecreaseIncreaseInPrepaidExpenses" xlink:label="loc_17" xlink:type="locator" />
    <link:presentationArc xlink:type="arc" xlink:arcrole="http://www.xbrl.org/2003/arcrole/parent-child" order="130.0" xlink:from="loc_2" xlink:to="loc_17" />
    <link:loc xlink:href="https://xbrl.ifrs.org/taxonomy/2023-03-23/full_ifrs/full_ifrs-cor_2023-03-23.xsd#ifrs-full_AdjustmentsForDecreaseIncreaseInAccruedIncomeIncludingContractAssetsAbstract" xlink:label="loc_18" xlink:type="locator" />
    <link:presentationArc xlink:type="arc" xlink:arcrole="http://www.xbrl.org/2003/arcrole/parent-child" order="140.0" xlink:from="loc_2" xlink:to="loc_18" />
    <link:loc xlink:href="https://xbrl.ifrs.org/taxonomy/2023-03-23/full_ifrs/full_ifrs-cor_2023-03-23.xsd#ifrs-full_AdjustmentsForDecreaseIncreaseInContractAssets" xlink:label="loc_19" xlink:type="locator" />
    <link:presentationArc xlink:type="arc" xlink:arcrole="http://www.xbrl.org/2003/arcrole/parent-child" order="10.0" xlink:from="loc_18" xlink:to="loc_19" />
    <link:loc xlink:href="https://xbrl.ifrs.org/taxonomy/2023-03-23/full_ifrs/full_ifrs-cor_2023-03-23.xsd#ifrs-full_AdjustmentsForDecreaseIncreaseInAccruedIncomeOtherThanContractAssets" xlink:label="loc_20" xlink:type="locator" />
    <link:presentationArc xlink:type="arc" xlink:arcrole="http://www.xbrl.org/2003/arcrole/parent-child" order="20.0" xlink:from="loc_18" xlink:to="loc_20" />
    <link:loc xlink:href="https://xbrl.ifrs.org/taxonomy/2023-03-23/full_ifrs/full_ifrs-cor_2023-03-23.xsd#ifrs-full_AdjustmentsForDecreaseIncreaseInAccruedIncomeIncludingContractAssets" xlink:label="loc_21" xlink:type="locator" />
    <link:presentationArc xlink:type="arc" xlink:arcrole="http://www.xbrl.org/2003/arcrole/parent-child" order="30.0" xlink:from="loc_18" xlink:to="loc_21" preferredLabel="http://www.xbrl.org/2003/role/totalLabel" />
    <link:loc xlink:href="https://xbrl.ifrs.org/taxonomy/2023-03-23/full_ifrs/full_ifrs-cor_2023-03-23.xsd#ifrs-full_AdjustmentsForIncreaseDecreaseInDeferredIncomeIncludingContractLiabilitiesAbstract" xlink:label="loc_22" xlink:type="locator" />
    <link:presentationArc xlink:type="arc" xlink:arcrole="http://www.xbrl.org/2003/arcrole/parent-child" order="150.0" xlink:from="loc_2" xlink:to="loc_22" />
    <link:loc xlink:href="https://xbrl.ifrs.org/taxonomy/2023-03-23/full_ifrs/full_ifrs-cor_2023-03-23.xsd#ifrs-full_AdjustmentsForIncreaseDecreaseInContractLiabilities" xlink:label="loc_23" xlink:type="locator" />
    <link:presentationArc xlink:type="arc" xlink:arcrole="http://www.xbrl.org/2003/arcrole/parent-child" order="10.0" xlink:from="loc_22" xlink:to="loc_23" />
    <link:loc xlink:href="https://xbrl.ifrs.org/taxonomy/2023-03-23/full_ifrs/full_ifrs-cor_2023-03-23.xsd#ifrs-full_AdjustmentsForIncreaseDecreaseInDeferredIncomeOtherThanContractLiabilities" xlink:label="loc_24" xlink:type="locator" />
    <link:presentationArc xlink:type="arc" xlink:arcrole="http://www.xbrl.org/2003/arcrole/parent-child" order="20.0" xlink:from="loc_22" xlink:to="loc_24" />
    <link:loc xlink:href="https://xbrl.ifrs.org/taxonomy/2023-03-23/full_ifrs/full_ifrs-cor_2023-03-23.xsd#ifrs-full_AdjustmentsForIncreaseDecreaseInDeferredIncomeIncludingContractLiabilities" xlink:label="loc_25" xlink:type="locator" />
    <link:presentationArc xlink:type="arc" xlink:arcrole="http://www.xbrl.org/2003/arcrole/parent-child" order="30.0" xlink:from="loc_22" xlink:to="loc_25" preferredLabel="http://www.xbrl.org/2003/role/totalLabel" />
    <link:loc xlink:href="https://xbrl.ifrs.org/taxonomy/2023-03-23/full_ifrs/full_ifrs-cor_2023-03-23.xsd#ifrs-full_AdjustmentsForDecreaseIncreaseInOtherAssets" xlink:label="loc_26" xlink:type="locator" />
    <link:presentationArc xlink:type="arc" xlink:arcrole="http://www.xbrl.org/2003/arcrole/parent-child" order="160.0" xlink:from="loc_2" xlink:to="loc_26" />
    <link:loc xlink:href="https://xbrl.ifrs.org/taxonomy/2023-03-23/full_ifrs/full_ifrs-cor_2023-03-23.xsd#ifrs-full_AdjustmentsForIncreaseDecreaseInOtherLiabilities" xlink:label="loc_27" xlink:type="locator" />
    <link:presentationArc xlink:type="arc" xlink:arcrole="http://www.xbrl.org/2003/arcrole/parent-child" order="170.0" xlink:from="loc_2" xlink:to="loc_27" />
    <link:loc xlink:href="https://xbrl.ifrs.org/taxonomy/2023-03-23/full_ifrs/full_ifrs-cor_2023-03-23.xsd#ifrs-full_AdjustmentsForDecreaseIncreaseInOtherCurrentAssets" xlink:label="loc_28" xlink:type="locator" />
    <link:presentationArc xlink:type="arc" xlink:arcrole="http://www.xbrl.org/2003/arcrole/parent-child" order="180.0" xlink:from="loc_2" xlink:to="loc_28" />
    <link:loc xlink:href="https://xbrl.ifrs.org/taxonomy/2023-03-23/full_ifrs/full_ifrs-cor_2023-03-23.xsd#ifrs-full_AdjustmentsForIncreaseDecreaseInOtherCurrentLiabilities" xlink:label="loc_29" xlink:type="locator" />
    <link:presentationArc xlink:type="arc" xlink:arcrole="http://www.xbrl.org/2003/arcrole/parent-child" order="190.0" xlink:from="loc_2" xlink:to="loc_29" />
    <link:loc xlink:href="https://xbrl.ifrs.org/taxonomy/2023-03-23/full_ifrs/full_ifrs-cor_2023-03-23.xsd#ifrs-full_AdjustmentsForIncreaseDecreaseInEmployeeBenefitLiabilities" xlink:label="loc_30" xlink:type="locator" />
    <link:presentationArc xlink:type="arc" xlink:arcrole="http://www.xbrl.org/2003/arcrole/parent-child" order="200.0" xlink:from="loc_2" xlink:to="loc_30" />
    <link:loc xlink:href="https://xbrl.ifrs.org/taxonomy/2023-03-23/full_ifrs/full_ifrs-cor_2023-03-23.xsd#ifrs-full_AdjustmentsForDecreaseIncreaseInLoansAndAdvancesToCustomers" xlink:label="loc_31" xlink:type="locator" />
    <link:presentationArc xlink:type="arc" xlink:arcrole="http://www.xbrl.org/2003/arcrole/parent-child" order="210.0" xlink:from="loc_2" xlink:to="loc_31" />
    <link:loc xlink:href="https://xbrl.ifrs.org/taxonomy/2023-03-23/full_ifrs/full_ifrs-cor_2023-03-23.xsd#ifrs-full_AdjustmentsForDecreaseIncreaseInLoansAndAdvancesToBanks" xlink:label="loc_32" xlink:type="locator" />
    <link:presentationArc xlink:type="arc" xlink:arcrole="http://www.xbrl.org/2003/arcrole/parent-child" order="220.0" xlink:from="loc_2" xlink:to="loc_32" />
    <link:loc xlink:href="https://xbrl.ifrs.org/taxonomy/2023-03-23/full_ifrs/full_ifrs-cor_2023-03-23.xsd#ifrs-full_AdjustmentsForIncreaseDecreaseInDepositsFromCustomers" xlink:label="loc_33" xlink:type="locator" />
    <link:presentationArc xlink:type="arc" xlink:arcrole="http://www.xbrl.org/2003/arcrole/parent-child" order="230.0" xlink:from="loc_2" xlink:to="loc_33" />
    <link:loc xlink:href="https://xbrl.ifrs.org/taxonomy/2023-03-23/full_ifrs/full_ifrs-cor_2023-03-23.xsd#ifrs-full_AdjustmentsForIncreaseDecreaseInDepositsFromBanks" xlink:label="loc_34" xlink:type="locator" />
    <link:presentationArc xlink:type="arc" xlink:arcrole="http://www.xbrl.org/2003/arcrole/parent-child" order="240.0" xlink:from="loc_2" xlink:to="loc_34" />
    <link:loc xlink:href="https://xbrl.ifrs.org/taxonomy/2023-03-23/full_ifrs/full_ifrs-cor_2023-03-23.xsd#ifrs-full_AdjustmentsForIncreaseDecreaseInInsuranceReinsuranceAndInvestmentContractLiabilities" xlink:label="loc_35" xlink:type="locator" />
    <link:presentationArc xlink:type="arc" xlink:arcrole="http://www.xbrl.org/2003/arcrole/parent-child" order="250.0" xlink:from="loc_2" xlink:to="loc_35" />
    <link:loc xlink:href="https://xbrl.ifrs.org/taxonomy/2023-03-23/full_ifrs/full_ifrs-cor_2023-03-23.xsd#ifrs-full_AdjustmentsForIncreaseDecreaseInRepurchaseAgreementsAndCashCollateralOnSecuritiesLent" xlink:label="loc_36" xlink:type="locator" />
    <link:presentationArc xlink:type="arc" xlink:arcrole="http://www.xbrl.org/2003/arcrole/parent-child" order="260.0" xlink:from="loc_2" xlink:to="loc_36" />
    <link:loc xlink:href="https://xbrl.ifrs.org/taxonomy/2023-03-23/full_ifrs/full_ifrs-cor_2023-03-23.xsd#ifrs-full_AdjustmentsForDecreaseIncreaseInReverseRepurchaseAgreementsAndCashCollateralOnSecuritiesBorrowed" xlink:label="loc_37" xlink:type="locator" />
    <link:presentationArc xlink:type="arc" xlink:arcrole="http://www.xbrl.org/2003/arcrole/parent-child" order="270.0" xlink:from="loc_2" xlink:to="loc_37" />
    <link:loc xlink:href="https://xbrl.ifrs.org/taxonomy/2023-03-23/full_ifrs/full_ifrs-cor_2023-03-23.xsd#ifrs-full_AdjustmentsForDecreaseIncreaseInFinancialAssetsHeldForTrading" xlink:label="loc_38" xlink:type="locator" />
    <link:presentationArc xlink:type="arc" xlink:arcrole="http://www.xbrl.org/2003/arcrole/parent-child" order="280.0" xlink:from="loc_2" xlink:to="loc_38" />
    <link:loc xlink:href="https://xbrl.ifrs.org/taxonomy/2023-03-23/full_ifrs/full_ifrs-cor_2023-03-23.xsd#ifrs-full_AdjustmentsForIncreaseDecreaseInFinancialLiabilitiesHeldForTrading" xlink:label="loc_39" xlink:type="locator" />
    <link:presentationArc xlink:type="arc" xlink:arcrole="http://www.xbrl.org/2003/arcrole/parent-child" order="290.0" xlink:from="loc_2" xlink:to="loc_39" />
    <link:loc xlink:href="https://xbrl.ifrs.org/taxonomy/2023-03-23/full_ifrs/full_ifrs-cor_2023-03-23.xsd#ifrs-full_AdjustmentsForDecreaseIncreaseInDerivativeFinancialAssets" xlink:label="loc_40" xlink:type="locator" />
    <link:presentationArc xlink:type="arc" xlink:arcrole="http://www.xbrl.org/2003/arcrole/parent-child" order="300.0" xlink:from="loc_2" xlink:to="loc_40" />
    <link:loc xlink:href="https://xbrl.ifrs.org/taxonomy/2023-03-23/full_ifrs/full_ifrs-cor_2023-03-23.xsd#ifrs-full_AdjustmentsForIncreaseDecreaseInDerivativeFinancialLiabilities" xlink:label="loc_41" xlink:type="locator" />
    <link:presentationArc xlink:type="arc" xlink:arcrole="http://www.xbrl.org/2003/arcrole/parent-child" order="310.0" xlink:from="loc_2" xlink:to="loc_41" />
    <link:loc xlink:href="https://xbrl.ifrs.org/taxonomy/2023-03-23/full_ifrs/full_ifrs-cor_2023-03-23.xsd#ifrs-full_AdjustmentsForDecreaseIncreaseInBiologicalAssets" xlink:label="loc_42" xlink:type="locator" />
    <link:presentationArc xlink:type="arc" xlink:arcrole="http://www.xbrl.org/2003/arcrole/parent-child" order="320.0" xlink:from="loc_2" xlink:to="loc_42" />
    <link:loc xlink:href="https://xbrl.ifrs.org/taxonomy/2023-03-23/full_ifrs/full_ifrs-cor_2023-03-23.xsd#ifrs-full_AdjustmentsForIncreaseInOtherProvisionsArisingFromPassageOfTime" xlink:label="loc_43" xlink:type="locator" />
    <link:presentationArc xlink:type="arc" xlink:arcrole="http://www.xbrl.org/2003/arcrole/parent-child" order="330.0" xlink:from="loc_2" xlink:to="loc_43" />
    <link:loc xlink:href="https://xbrl.ifrs.org/taxonomy/2023-03-23/full_ifrs/full_ifrs-cor_2023-03-23.xsd#ifrs-full_AdjustmentsForDepreciationAndAmortisationExpenseAndImpairmentLossReversalOfImpairmentLossRecognisedInProfitOrLoss" xlink:label="loc_44" xlink:type="locator" />
    <link:presentationArc xlink:type="arc" xlink:arcrole="http://www.xbrl.org/2003/arcrole/parent-child" order="340.0" xlink:from="loc_2" xlink:to="loc_44" />
    <link:loc xlink:href="https://xbrl.ifrs.org/taxonomy/2023-03-23/full_ifrs/full_ifrs-cor_2023-03-23.xsd#ifrs-full_AdjustmentsForAmortisationExpense" xlink:label="loc_45" xlink:type="locator" />
    <link:presentationArc xlink:type="arc" xlink:arcrole="http://www.xbrl.org/2003/arcrole/parent-child" order="350.0" xlink:from="loc_2" xlink:to="loc_45" />
    <link:loc xlink:href="https://xbrl.ifrs.org/taxonomy/2023-03-23/full_ifrs/full_ifrs-cor_2023-03-23.xsd#ifrs-full_AdjustmentsForDepreciationExpense" xlink:label="loc_46" xlink:type="locator" />
    <link:presentationArc xlink:type="arc" xlink:arcrole="http://www.xbrl.org/2003/arcrole/parent-child" order="360.0" xlink:from="loc_2" xlink:to="loc_46" />
    <link:loc xlink:href="https://xbrl.ifrs.org/taxonomy/2023-03-23/full_ifrs/full_ifrs-cor_2023-03-23.xsd#ifrs-full_AdjustmentsForImpairmentLossRecognisedInProfitOrLossGoodwill" xlink:label="loc_47" xlink:type="locator" />
    <link:presentationArc xlink:type="arc" xlink:arcrole="http://www.xbrl.org/2003/arcrole/parent-child" order="370.0" xlink:from="loc_2" xlink:to="loc_47" />
    <link:loc xlink:href="https://xbrl.ifrs.org/taxonomy/2023-03-23/full_ifrs/full_ifrs-cor_2023-03-23.xsd#ifrs-full_AdjustmentsForImpairmentLossReversalOfImpairmentLossRecognisedInProfitOrLossTradeAndOtherReceivables" xlink:label="loc_48" xlink:type="locator" />
    <link:presentationArc xlink:type="arc" xlink:arcrole="http://www.xbrl.org/2003/arcrole/parent-child" order="380.0" xlink:from="loc_2" xlink:to="loc_48" />
    <link:loc xlink:href="https://xbrl.ifrs.org/taxonomy/2023-03-23/full_ifrs/full_ifrs-cor_2023-03-23.xsd#ifrs-full_AdjustmentsForImpairmentLossReversalOfImpairmentLossRecognisedInProfitOrLossInventories" xlink:label="loc_49" xlink:type="locator" />
    <link:presentationArc xlink:type="arc" xlink:arcrole="http://www.xbrl.org/2003/arcrole/parent-child" order="390.0" xlink:from="loc_2" xlink:to="loc_49" />
    <link:loc xlink:href="https://xbrl.ifrs.org/taxonomy/2023-03-23/full_ifrs/full_ifrs-cor_2023-03-23.xsd#ifrs-full_AdjustmentsForImpairmentLossReversalOfImpairmentLossRecognisedInProfitOrLossPropertyPlantAndEquipment" xlink:label="loc_50" xlink:type="locator" />
    <link:presentationArc xlink:type="arc" xlink:arcrole="http://www.xbrl.org/2003/arcrole/parent-child" order="400.0" xlink:from="loc_2" xlink:to="loc_50" />
    <link:loc xlink:href="https://xbrl.ifrs.org/taxonomy/2023-03-23/full_ifrs/full_ifrs-cor_2023-03-23.xsd#ifrs-full_AdjustmentsForImpairmentLossReversalOfImpairmentLossRecognisedInProfitOrLossExplorationAndEvaluationAssets" xlink:label="loc_51" xlink:type="locator" />
    <link:presentationArc xlink:type="arc" xlink:arcrole="http://www.xbrl.org/2003/arcrole/parent-child" order="410.0" xlink:from="loc_2" xlink:to="loc_51" />
    <link:loc xlink:href="https://xbrl.ifrs.org/taxonomy/2023-03-23/full_ifrs/full_ifrs-cor_2023-03-23.xsd#ifrs-full_AdjustmentsForImpairmentLossReversalOfImpairmentLossRecognisedInProfitOrLossLoansAndAdvances" xlink:label="loc_52" xlink:type="locator" />
    <link:presentationArc xlink:type="arc" xlink:arcrole="http://www.xbrl.org/2003/arcrole/parent-child" order="420.0" xlink:from="loc_2" xlink:to="loc_52" />
    <link:loc xlink:href="https://xbrl.ifrs.org/taxonomy/2023-03-23/full_ifrs/full_ifrs-cor_2023-03-23.xsd#ifrs-full_AdjustmentsForGainsLossesOnFairValueAdjustmentInvestmentProperty" xlink:label="loc_53" xlink:type="locator" />
    <link:presentationArc xlink:type="arc" xlink:arcrole="http://www.xbrl.org/2003/arcrole/parent-child" order="430.0" xlink:from="loc_2" xlink:to="loc_53" />
    <link:loc xlink:href="https://xbrl.ifrs.org/taxonomy/2023-03-23/full_ifrs/full_ifrs-cor_2023-03-23.xsd#ifrs-full_AdjustmentsForGainsLossesOnChangeInFairValueLessCostsToSellBiologicalAssets" xlink:label="loc_54" xlink:type="locator" />
    <link:presentationArc xlink:type="arc" xlink:arcrole="http://www.xbrl.org/2003/arcrole/parent-child" order="440.0" xlink:from="loc_2" xlink:to="loc_54" />
    <link:loc xlink:href="https://xbrl.ifrs.org/taxonomy/2023-03-23/full_ifrs/full_ifrs-cor_2023-03-23.xsd#ifrs-full_AdjustmentsForGainsLossesOnChangeInFairValueOfDerivatives" xlink:label="loc_55" xlink:type="locator" />
    <link:presentationArc xlink:type="arc" xlink:arcrole="http://www.xbrl.org/2003/arcrole/parent-child" order="450.0" xlink:from="loc_2" xlink:to="loc_55" />
    <link:loc xlink:href="https://xbrl.ifrs.org/taxonomy/2023-03-23/full_ifrs/full_ifrs-cor_2023-03-23.xsd#ifrs-full_AdjustmentsForGainLossOnDisposalsPropertyPlantAndEquipment" xlink:label="loc_56" xlink:type="locator" />
    <link:presentationArc xlink:type="arc" xlink:arcrole="http://www.xbrl.org/2003/arcrole/parent-child" order="460.0" xlink:from="loc_2" xlink:to="loc_56" />
    <link:loc xlink:href="https://xbrl.ifrs.org/taxonomy/2023-03-23/full_ifrs/full_ifrs-cor_2023-03-23.xsd#ifrs-full_AdjustmentsForGainLossOnDisposalOfInvestmentsInSubsidiariesJointVenturesAndAssociates" xlink:label="loc_57" xlink:type="locator" />
    <link:presentationArc xlink:type="arc" xlink:arcrole="http://www.xbrl.org/2003/arcrole/parent-child" order="470.0" xlink:from="loc_2" xlink:to="loc_57" />
    <link:loc xlink:href="https://xbrl.ifrs.org/taxonomy/2023-03-23/full_ifrs/full_ifrs-cor_2023-03-23.xsd#ifrs-full_AdjustmentsForUndistributedProfitsOfInvestmentsAccountedForUsingEquityMethod" xlink:label="loc_58" xlink:type="locator" />
    <link:presentationArc xlink:type="arc" xlink:arcrole="http://www.xbrl.org/2003/arcrole/parent-child" order="480.0" xlink:from="loc_2" xlink:to="loc_58" />
    <link:loc xlink:href="https://xbrl.ifrs.org/taxonomy/2023-03-23/full_ifrs/full_ifrs-cor_2023-03-23.xsd#ifrs-full_IncomeTaxesPaidClassifiedAsOperatingActivities" xlink:label="loc_59" xlink:type="locator" />
    <link:presentationArc xlink:type="arc" xlink:arcrole="http://www.xbrl.org/2003/arcrole/parent-child" order="490.0" xlink:from="loc_2" xlink:to="loc_59" />
    <link:loc xlink:href="https://xbrl.ifrs.org/taxonomy/2023-03-23/full_ifrs/full_ifrs-cor_2023-03-23.xsd#ifrs-full_IncomeTaxesRefundClassifiedAsOperatingActivities" xlink:label="loc_60" xlink:type="locator" />
    <link:presentationArc xlink:type="arc" xlink:arcrole="http://www.xbrl.org/2003/arcrole/parent-child" order="500.0" xlink:from="loc_2" xlink:to="loc_60" />
    <link:loc xlink:href="https://xbrl.ifrs.org/taxonomy/2023-03-23/full_ifrs/full_ifrs-cor_2023-03-23.xsd#ifrs-full_FinanceCostsPaidClassifiedAsOperatingActivities" xlink:label="loc_61" xlink:type="locator" />
    <link:presentationArc xlink:type="arc" xlink:arcrole="http://www.xbrl.org/2003/arcrole/parent-child" order="510.0" xlink:from="loc_2" xlink:to="loc_61" />
    <link:loc xlink:href="https://xbrl.ifrs.org/taxonomy/2023-03-23/full_ifrs/full_ifrs-cor_2023-03-23.xsd#ifrs-full_FinanceIncomeReceivedClassifiedAsOperatingActivities" xlink:label="loc_62" xlink:type="locator" />
    <link:presentationArc xlink:type="arc" xlink:arcrole="http://www.xbrl.org/2003/arcrole/parent-child" order="520.0" xlink:from="loc_2" xlink:to="loc_62" />
    <link:loc xlink:href="https://xbrl.ifrs.org/taxonomy/2023-03-23/full_ifrs/full_ifrs-cor_2023-03-23.xsd#ifrs-full_CashFlowsFromUsedInInvestingActivitiesAbstract" xlink:label="loc_63" xlink:type="locator" />
    <link:presentationArc xlink:type="arc" xlink:arcrole="http://www.xbrl.org/2003/arcrole/parent-child" order="20.0" xlink:from="loc_1" xlink:to="loc_63" />
    <link:loc xlink:href="https://xbrl.ifrs.org/taxonomy/2023-03-23/full_ifrs/full_ifrs-cor_2023-03-23.xsd#ifrs-full_CashFlowsFromUsedInDecreaseIncreaseInRestrictedCashAndCashEquivalents" xlink:label="loc_64" xlink:type="locator" />
    <link:presentationArc xlink:type="arc" xlink:arcrole="http://www.xbrl.org/2003/arcrole/parent-child" order="10.0" xlink:from="loc_63" xlink:to="loc_64" />
    <link:loc xlink:href="https://xbrl.ifrs.org/taxonomy/2023-03-23/full_ifrs/full_ifrs-cor_2023-03-23.xsd#ifrs-full_DividendsReceivedFromInvestmentsAccountedForUsingEquityMethodClassifiedAsInvestingActivities" xlink:label="loc_65" xlink:type="locator" />
    <link:presentationArc xlink:type="arc" xlink:arcrole="http://www.xbrl.org/2003/arcrole/parent-child" order="20.0" xlink:from="loc_63" xlink:to="loc_65" />
    <link:loc xlink:href="https://xbrl.ifrs.org/taxonomy/2023-03-23/full_ifrs/full_ifrs-cor_2023-03-23.xsd#ifrs-full_DividendsReceivedFromAssociatesClassifiedAsInvestingActivities" xlink:label="loc_66" xlink:type="locator" />
    <link:presentationArc xlink:type="arc" xlink:arcrole="http://www.xbrl.org/2003/arcrole/parent-child" order="30.0" xlink:from="loc_63" xlink:to="loc_66" />
    <link:loc xlink:href="https://xbrl.ifrs.org/taxonomy/2023-03-23/full_ifrs/full_ifrs-cor_2023-03-23.xsd#ifrs-full_DividendsReceivedFromJointVenturesClassifiedAsInvestingActivities" xlink:label="loc_67" xlink:type="locator" />
    <link:presentationArc xlink:type="arc" xlink:arcrole="http://www.xbrl.org/2003/arcrole/parent-child" order="40.0" xlink:from="loc_63" xlink:to="loc_67" />
    <link:loc xlink:href="https://xbrl.ifrs.org/taxonomy/2023-03-23/full_ifrs/full_ifrs-cor_2023-03-23.xsd#ifrs-full_PurchaseOfInterestsInAssociates" xlink:label="loc_68" xlink:type="locator" />
    <link:presentationArc xlink:type="arc" xlink:arcrole="http://www.xbrl.org/2003/arcrole/parent-child" order="50.0" xlink:from="loc_63" xlink:to="loc_68" />
    <link:loc xlink:href="https://xbrl.ifrs.org/taxonomy/2023-03-23/full_ifrs/full_ifrs-cor_2023-03-23.xsd#ifrs-full_ProceedsFromSalesOfInterestsInAssociates" xlink:label="loc_69" xlink:type="locator" />
    <link:presentationArc xlink:type="arc" xlink:arcrole="http://www.xbrl.org/2003/arcrole/parent-child" order="60.0" xlink:from="loc_63" xlink:to="loc_69" />
    <link:loc xlink:href="https://xbrl.ifrs.org/taxonomy/2023-03-23/full_ifrs/full_ifrs-cor_2023-03-23.xsd#ifrs-full_PurchaseOfInterestsInInvestmentsAccountedForUsingEquityMethod" xlink:label="loc_70" xlink:type="locator" />
    <link:presentationArc xlink:type="arc" xlink:arcrole="http://www.xbrl.org/2003/arcrole/parent-child" order="70.0" xlink:from="loc_63" xlink:to="loc_70" />
    <link:loc xlink:href="https://xbrl.ifrs.org/taxonomy/2023-03-23/full_ifrs/full_ifrs-cor_2023-03-23.xsd#ifrs-full_ProceedsFromSalesOfInvestmentsAccountedForUsingEquityMethod" xlink:label="loc_71" xlink:type="locator" />
    <link:presentationArc xlink:type="arc" xlink:arcrole="http://www.xbrl.org/2003/arcrole/parent-child" order="80.0" xlink:from="loc_63" xlink:to="loc_71" />
    <link:loc xlink:href="https://xbrl.ifrs.org/taxonomy/2023-03-23/full_ifrs/full_ifrs-cor_2023-03-23.xsd#ifrs-full_CashAdvancesAndLoansMadeToRelatedParties" xlink:label="loc_72" xlink:type="locator" />
    <link:presentationArc xlink:type="arc" xlink:arcrole="http://www.xbrl.org/2003/arcrole/parent-child" order="90.0" xlink:from="loc_63" xlink:to="loc_72" />
    <link:loc xlink:href="https://xbrl.ifrs.org/taxonomy/2023-03-23/full_ifrs/full_ifrs-cor_2023-03-23.xsd#ifrs-full_CashReceiptsFromRepaymentOfAdvancesAndLoansMadeToRelatedParties" xlink:label="loc_73" xlink:type="locator" />
    <link:presentationArc xlink:type="arc" xlink:arcrole="http://www.xbrl.org/2003/arcrole/parent-child" order="100.0" xlink:from="loc_63" xlink:to="loc_73" />
    <link:loc xlink:href="https://xbrl.ifrs.org/taxonomy/2023-03-23/full_ifrs/full_ifrs-cor_2023-03-23.xsd#ifrs-full_PurchaseOfInvestmentProperty" xlink:label="loc_74" xlink:type="locator" />
    <link:presentationArc xlink:type="arc" xlink:arcrole="http://www.xbrl.org/2003/arcrole/parent-child" order="110.0" xlink:from="loc_63" xlink:to="loc_74" />
    <link:loc xlink:href="https://xbrl.ifrs.org/taxonomy/2023-03-23/full_ifrs/full_ifrs-cor_2023-03-23.xsd#ifrs-full_ProceedsFromSalesOfInvestmentProperty" xlink:label="loc_75" xlink:type="locator" />
    <link:presentationArc xlink:type="arc" xlink:arcrole="http://www.xbrl.org/2003/arcrole/parent-child" order="120.0" xlink:from="loc_63" xlink:to="loc_75" />
    <link:loc xlink:href="https://xbrl.ifrs.org/taxonomy/2023-03-23/full_ifrs/full_ifrs-cor_2023-03-23.xsd#ifrs-full_PurchaseOfBiologicalAssets" xlink:label="loc_76" xlink:type="locator" />
    <link:presentationArc xlink:type="arc" xlink:arcrole="http://www.xbrl.org/2003/arcrole/parent-child" order="130.0" xlink:from="loc_63" xlink:to="loc_76" />
    <link:loc xlink:href="https://xbrl.ifrs.org/taxonomy/2023-03-23/full_ifrs/full_ifrs-cor_2023-03-23.xsd#ifrs-full_ProceedsFromSalesOfBiologicalAssets" xlink:label="loc_77" xlink:type="locator" />
    <link:presentationArc xlink:type="arc" xlink:arcrole="http://www.xbrl.org/2003/arcrole/parent-child" order="140.0" xlink:from="loc_63" xlink:to="loc_77" />
    <link:loc xlink:href="https://xbrl.ifrs.org/taxonomy/2023-03-23/full_ifrs/full_ifrs-cor_2023-03-23.xsd#ifrs-full_PurchaseOfExplorationAndEvaluationAssets" xlink:label="loc_78" xlink:type="locator" />
    <link:presentationArc xlink:type="arc" xlink:arcrole="http://www.xbrl.org/2003/arcrole/parent-child" order="150.0" xlink:from="loc_63" xlink:to="loc_78" />
    <link:loc xlink:href="https://xbrl.ifrs.org/taxonomy/2023-03-23/full_ifrs/full_ifrs-cor_2023-03-23.xsd#ifrs-full_ProceedsFromDisposalOfExplorationAndEvaluationAssets" xlink:label="loc_79" xlink:type="locator" />
    <link:presentationArc xlink:type="arc" xlink:arcrole="http://www.xbrl.org/2003/arcrole/parent-child" order="160.0" xlink:from="loc_63" xlink:to="loc_79" />
    <link:loc xlink:href="https://xbrl.ifrs.org/taxonomy/2023-03-23/full_ifrs/full_ifrs-cor_2023-03-23.xsd#ifrs-full_PurchaseOfMiningAssets" xlink:label="loc_80" xlink:type="locator" />
    <link:presentationArc xlink:type="arc" xlink:arcrole="http://www.xbrl.org/2003/arcrole/parent-child" order="170.0" xlink:from="loc_63" xlink:to="loc_80" />
    <link:loc xlink:href="https://xbrl.ifrs.org/taxonomy/2023-03-23/full_ifrs/full_ifrs-cor_2023-03-23.xsd#ifrs-full_ProceedsFromDisposalOfMiningAssets" xlink:label="loc_81" xlink:type="locator" />
    <link:presentationArc xlink:type="arc" xlink:arcrole="http://www.xbrl.org/2003/arcrole/parent-child" order="180.0" xlink:from="loc_63" xlink:to="loc_81" />
    <link:loc xlink:href="https://xbrl.ifrs.org/taxonomy/2023-03-23/full_ifrs/full_ifrs-cor_2023-03-23.xsd#ifrs-full_PurchaseOfOilAndGasAssets" xlink:label="loc_82" xlink:type="locator" />
    <link:presentationArc xlink:type="arc" xlink:arcrole="http://www.xbrl.org/2003/arcrole/parent-child" order="190.0" xlink:from="loc_63" xlink:to="loc_82" />
    <link:loc xlink:href="https://xbrl.ifrs.org/taxonomy/2023-03-23/full_ifrs/full_ifrs-cor_2023-03-23.xsd#ifrs-full_ProceedsFromDisposalOfOilAndGasAssets" xlink:label="loc_83" xlink:type="locator" />
    <link:presentationArc xlink:type="arc" xlink:arcrole="http://www.xbrl.org/2003/arcrole/parent-child" order="200.0" xlink:from="loc_63" xlink:to="loc_83" />
    <link:loc xlink:href="https://xbrl.ifrs.org/taxonomy/2023-03-23/full_ifrs/full_ifrs-cor_2023-03-23.xsd#ifrs-full_ProceedsFromDisposalOfNoncurrentAssetsOrDisposalGroupsClassifiedAsHeldForSaleAndDiscontinuedOperations" xlink:label="loc_84" xlink:type="locator" />
    <link:presentationArc xlink:type="arc" xlink:arcrole="http://www.xbrl.org/2003/arcrole/parent-child" order="210.0" xlink:from="loc_63" xlink:to="loc_84" />
    <link:loc xlink:href="https://xbrl.ifrs.org/taxonomy/2023-03-23/full_ifrs/full_ifrs-cor_2023-03-23.xsd#ifrs-full_PurchaseOfPropertyPlantAndEquipmentIntangibleAssetsOtherThanGoodwillInvestmentPropertyAndOtherNoncurrentAssets" xlink:label="loc_85" xlink:type="locator" />
    <link:presentationArc xlink:type="arc" xlink:arcrole="http://www.xbrl.org/2003/arcrole/parent-child" order="220.0" xlink:from="loc_63" xlink:to="loc_85" />
    <link:loc xlink:href="https://xbrl.ifrs.org/taxonomy/2023-03-23/full_ifrs/full_ifrs-cor_2023-03-23.xsd#ifrs-full_ProceedsFromDisposalsOfPropertyPlantAndEquipmentIntangibleAssetsOtherThanGoodwillInvestmentPropertyAndOtherNoncurrentAssets" xlink:label="loc_86" xlink:type="locator" />
    <link:presentationArc xlink:type="arc" xlink:arcrole="http://www.xbrl.org/2003/arcrole/parent-child" order="230.0" xlink:from="loc_63" xlink:to="loc_86" />
    <link:loc xlink:href="https://xbrl.ifrs.org/taxonomy/2023-03-23/full_ifrs/full_ifrs-cor_2023-03-23.xsd#ifrs-full_PaymentsForDevelopmentProjectExpenditure" xlink:label="loc_87" xlink:type="locator" />
    <link:presentationArc xlink:type="arc" xlink:arcrole="http://www.xbrl.org/2003/arcrole/parent-child" order="240.0" xlink:from="loc_63" xlink:to="loc_87" />
    <link:loc xlink:href="https://xbrl.ifrs.org/taxonomy/2023-03-23/full_ifrs/full_ifrs-cor_2023-03-23.xsd#ifrs-full_CashFlowsUsedInExplorationAndDevelopmentActivities" xlink:label="loc_88" xlink:type="locator" />
    <link:presentationArc xlink:type="arc" xlink:arcrole="http://www.xbrl.org/2003/arcrole/parent-child" order="250.0" xlink:from="loc_63" xlink:to="loc_88" />
    <link:loc xlink:href="https://xbrl.ifrs.org/taxonomy/2023-03-23/full_ifrs/full_ifrs-cor_2023-03-23.xsd#ifrs-full_PurchaseOfInvestmentsOtherThanInvestmentsAccountedForUsingEquityMethod" xlink:label="loc_89" xlink:type="locator" />
    <link:presentationArc xlink:type="arc" xlink:arcrole="http://www.xbrl.org/2003/arcrole/parent-child" order="260.0" xlink:from="loc_63" xlink:to="loc_89" />
    <link:loc xlink:href="https://xbrl.ifrs.org/taxonomy/2023-03-23/full_ifrs/full_ifrs-cor_2023-03-23.xsd#ifrs-full_ProceedsFromSalesOfInvestmentsOtherThanInvestmentsAccountedForUsingEquityMethod" xlink:label="loc_90" xlink:type="locator" />
    <link:presentationArc xlink:type="arc" xlink:arcrole="http://www.xbrl.org/2003/arcrole/parent-child" order="270.0" xlink:from="loc_63" xlink:to="loc_90" />
    <link:loc xlink:href="https://xbrl.ifrs.org/taxonomy/2023-03-23/full_ifrs/full_ifrs-cor_2023-03-23.xsd#ifrs-full_PurchaseOfFinancialInstrumentsClassifiedAsInvestingActivities" xlink:label="loc_91" xlink:type="locator" />
    <link:presentationArc xlink:type="arc" xlink:arcrole="http://www.xbrl.org/2003/arcrole/parent-child" order="280.0" xlink:from="loc_63" xlink:to="loc_91" />
    <link:loc xlink:href="https://xbrl.ifrs.org/taxonomy/2023-03-23/full_ifrs/full_ifrs-cor_2023-03-23.xsd#ifrs-full_ProceedsFromSalesOrMaturityOfFinancialInstrumentsClassifiedAsInvestingActivities" xlink:label="loc_92" xlink:type="locator" />
    <link:presentationArc xlink:type="arc" xlink:arcrole="http://www.xbrl.org/2003/arcrole/parent-child" order="290.0" xlink:from="loc_63" xlink:to="loc_92" />
    <link:loc xlink:href="https://xbrl.ifrs.org/taxonomy/2023-03-23/full_ifrs/full_ifrs-cor_2023-03-23.xsd#ifrs-full_PurchaseOfAvailableforsaleFinancialAssets" xlink:label="loc_93" xlink:type="locator" />
    <link:presentationArc xlink:type="arc" xlink:arcrole="http://www.xbrl.org/2003/arcrole/parent-child" order="300.0" xlink:from="loc_63" xlink:to="loc_93" />
    <link:loc xlink:href="https://xbrl.ifrs.org/taxonomy/2023-03-23/full_ifrs/full_ifrs-cor_2023-03-23.xsd#ifrs-full_ProceedsFromDisposalOrMaturityOfAvailableforsaleFinancialAssets" xlink:label="loc_94" xlink:type="locator" />
    <link:presentationArc xlink:type="arc" xlink:arcrole="http://www.xbrl.org/2003/arcrole/parent-child" order="310.0" xlink:from="loc_63" xlink:to="loc_94" />
    <link:loc xlink:href="https://xbrl.ifrs.org/taxonomy/2023-03-23/full_ifrs/full_ifrs-cor_2023-03-23.xsd#ifrs-full_CashFlowsFromUsedInDecreaseIncreaseInShorttermDepositsAndInvestments" xlink:label="loc_95" xlink:type="locator" />
    <link:presentationArc xlink:type="arc" xlink:arcrole="http://www.xbrl.org/2003/arcrole/parent-child" order="320.0" xlink:from="loc_63" xlink:to="loc_95" />
    <link:loc xlink:href="https://xbrl.ifrs.org/taxonomy/2023-03-23/full_ifrs/full_ifrs-cor_2023-03-23.xsd#ifrs-full_InflowsOfCashFromInvestingActivities" xlink:label="loc_96" xlink:type="locator" />
    <link:presentationArc xlink:type="arc" xlink:arcrole="http://www.xbrl.org/2003/arcrole/parent-child" order="330.0" xlink:from="loc_63" xlink:to="loc_96" />
    <link:loc xlink:href="https://xbrl.ifrs.org/taxonomy/2023-03-23/full_ifrs/full_ifrs-cor_2023-03-23.xsd#ifrs-full_OutflowsOfCashFromInvestingActivities" xlink:label="loc_97" xlink:type="locator" />
    <link:presentationArc xlink:type="arc" xlink:arcrole="http://www.xbrl.org/2003/arcrole/parent-child" order="340.0" xlink:from="loc_63" xlink:to="loc_97" />
    <link:loc xlink:href="https://xbrl.ifrs.org/taxonomy/2023-03-23/full_ifrs/full_ifrs-cor_2023-03-23.xsd#ifrs-full_CashFlowsFromUsedInFinancingActivitiesAbstract" xlink:label="loc_98" xlink:type="locator" />
    <link:presentationArc xlink:type="arc" xlink:arcrole="http://www.xbrl.org/2003/arcrole/parent-child" order="30.0" xlink:from="loc_1" xlink:to="loc_98" />
    <link:loc xlink:href="https://xbrl.ifrs.org/taxonomy/2023-03-23/full_ifrs/full_ifrs-cor_2023-03-23.xsd#ifrs-full_DividendsPaidToEquityHoldersOfParentClassifiedAsFinancingActivities" xlink:label="loc_99" xlink:type="locator" />
    <link:presentationArc xlink:type="arc" xlink:arcrole="http://www.xbrl.org/2003/arcrole/parent-child" order="10.0" xlink:from="loc_98" xlink:to="loc_99" />
    <link:loc xlink:href="https://xbrl.ifrs.org/taxonomy/2023-03-23/full_ifrs/full_ifrs-cor_2023-03-23.xsd#ifrs-full_DividendsPaidToNoncontrollingInterestsClassifiedAsFinancingActivities" xlink:label="loc_100" xlink:type="locator" />
    <link:presentationArc xlink:type="arc" xlink:arcrole="http://www.xbrl.org/2003/arcrole/parent-child" order="20.0" xlink:from="loc_98" xlink:to="loc_100" />
    <link:loc xlink:href="https://xbrl.ifrs.org/taxonomy/2023-03-23/full_ifrs/full_ifrs-cor_2023-03-23.xsd#ifrs-full_ProceedsFromSaleOrIssueOfTreasuryShares" xlink:label="loc_101" xlink:type="locator" />
    <link:presentationArc xlink:type="arc" xlink:arcrole="http://www.xbrl.org/2003/arcrole/parent-child" order="30.0" xlink:from="loc_98" xlink:to="loc_101" />
    <link:loc xlink:href="https://xbrl.ifrs.org/taxonomy/2023-03-23/full_ifrs/full_ifrs-cor_2023-03-23.xsd#ifrs-full_ProceedsFromExerciseOfOptions" xlink:label="loc_102" xlink:type="locator" />
    <link:presentationArc xlink:type="arc" xlink:arcrole="http://www.xbrl.org/2003/arcrole/parent-child" order="40.0" xlink:from="loc_98" xlink:to="loc_102" />
    <link:loc xlink:href="https://xbrl.ifrs.org/taxonomy/2023-03-23/full_ifrs/full_ifrs-cor_2023-03-23.xsd#ifrs-full_ProceedsFromExerciseOfWarrants" xlink:label="loc_103" xlink:type="locator" />
    <link:presentationArc xlink:type="arc" xlink:arcrole="http://www.xbrl.org/2003/arcrole/parent-child" order="50.0" xlink:from="loc_98" xlink:to="loc_103" />
    <link:loc xlink:href="https://xbrl.ifrs.org/taxonomy/2023-03-23/full_ifrs/full_ifrs-cor_2023-03-23.xsd#ifrs-full_ProceedsFromIssueOfOrdinaryShares" xlink:label="loc_104" xlink:type="locator" />
    <link:presentationArc xlink:type="arc" xlink:arcrole="http://www.xbrl.org/2003/arcrole/parent-child" order="60.0" xlink:from="loc_98" xlink:to="loc_104" />
    <link:loc xlink:href="https://xbrl.ifrs.org/taxonomy/2023-03-23/full_ifrs/full_ifrs-cor_2023-03-23.xsd#ifrs-full_ProceedsFromIssueOfPreferenceShares" xlink:label="loc_105" xlink:type="locator" />
    <link:presentationArc xlink:type="arc" xlink:arcrole="http://www.xbrl.org/2003/arcrole/parent-child" order="70.0" xlink:from="loc_98" xlink:to="loc_105" />
    <link:loc xlink:href="https://xbrl.ifrs.org/taxonomy/2023-03-23/full_ifrs/full_ifrs-cor_2023-03-23.xsd#ifrs-full_ProceedsFromNoncurrentBorrowings" xlink:label="loc_106" xlink:type="locator" />
    <link:presentationArc xlink:type="arc" xlink:arcrole="http://www.xbrl.org/2003/arcrole/parent-child" order="80.0" xlink:from="loc_98" xlink:to="loc_106" />
    <link:loc xlink:href="https://xbrl.ifrs.org/taxonomy/2023-03-23/full_ifrs/full_ifrs-cor_2023-03-23.xsd#ifrs-full_RepaymentsOfNoncurrentBorrowings" xlink:label="loc_107" xlink:type="locator" />
    <link:presentationArc xlink:type="arc" xlink:arcrole="http://www.xbrl.org/2003/arcrole/parent-child" order="90.0" xlink:from="loc_98" xlink:to="loc_107" />
    <link:loc xlink:href="https://xbrl.ifrs.org/taxonomy/2023-03-23/full_ifrs/full_ifrs-cor_2023-03-23.xsd#ifrs-full_ProceedsFromCurrentBorrowings" xlink:label="loc_108" xlink:type="locator" />
    <link:presentationArc xlink:type="arc" xlink:arcrole="http://www.xbrl.org/2003/arcrole/parent-child" order="100.0" xlink:from="loc_98" xlink:to="loc_108" />
    <link:loc xlink:href="https://xbrl.ifrs.org/taxonomy/2023-03-23/full_ifrs/full_ifrs-cor_2023-03-23.xsd#ifrs-full_RepaymentsOfCurrentBorrowings" xlink:label="loc_109" xlink:type="locator" />
    <link:presentationArc xlink:type="arc" xlink:arcrole="http://www.xbrl.org/2003/arcrole/parent-child" order="110.0" xlink:from="loc_98" xlink:to="loc_109" />
    <link:loc xlink:href="https://xbrl.ifrs.org/taxonomy/2023-03-23/full_ifrs/full_ifrs-cor_2023-03-23.xsd#ifrs-full_CashFlowsFromUsedInIncreaseDecreaseInCurrentBorrowings" xlink:label="loc_110" xlink:type="locator" />
    <link:presentationArc xlink:type="arc" xlink:arcrole="http://www.xbrl.org/2003/arcrole/parent-child" order="120.0" xlink:from="loc_98" xlink:to="loc_110" />
    <link:loc xlink:href="https://xbrl.ifrs.org/taxonomy/2023-03-23/full_ifrs/full_ifrs-cor_2023-03-23.xsd#ifrs-full_CashAdvancesAndLoansFromRelatedParties" xlink:label="loc_111" xlink:type="locator" />
    <link:presentationArc xlink:type="arc" xlink:arcrole="http://www.xbrl.org/2003/arcrole/parent-child" order="130.0" xlink:from="loc_98" xlink:to="loc_111" />
    <link:loc xlink:href="https://xbrl.ifrs.org/taxonomy/2023-03-23/full_ifrs/full_ifrs-cor_2023-03-23.xsd#ifrs-full_CashRepaymentsOfAdvancesAndLoansFromRelatedParties" xlink:label="loc_112" xlink:type="locator" />
    <link:presentationArc xlink:type="arc" xlink:arcrole="http://www.xbrl.org/2003/arcrole/parent-child" order="140.0" xlink:from="loc_98" xlink:to="loc_112" />
    <link:loc xlink:href="https://xbrl.ifrs.org/taxonomy/2023-03-23/full_ifrs/full_ifrs-cor_2023-03-23.xsd#ifrs-full_ProceedsFromIssueOfBondsNotesAndDebentures" xlink:label="loc_113" xlink:type="locator" />
    <link:presentationArc xlink:type="arc" xlink:arcrole="http://www.xbrl.org/2003/arcrole/parent-child" order="150.0" xlink:from="loc_98" xlink:to="loc_113" />
    <link:loc xlink:href="https://xbrl.ifrs.org/taxonomy/2023-03-23/full_ifrs/full_ifrs-cor_2023-03-23.xsd#ifrs-full_RepaymentsOfBondsNotesAndDebentures" xlink:label="loc_114" xlink:type="locator" />
    <link:presentationArc xlink:type="arc" xlink:arcrole="http://www.xbrl.org/2003/arcrole/parent-child" order="160.0" xlink:from="loc_98" xlink:to="loc_114" />
    <link:loc xlink:href="https://xbrl.ifrs.org/taxonomy/2023-03-23/full_ifrs/full_ifrs-cor_2023-03-23.xsd#ifrs-full_PaymentsForShareIssueCosts" xlink:label="loc_115" xlink:type="locator" />
    <link:presentationArc xlink:type="arc" xlink:arcrole="http://www.xbrl.org/2003/arcrole/parent-child" order="170.0" xlink:from="loc_98" xlink:to="loc_115" />
    <link:loc xlink:href="https://xbrl.ifrs.org/taxonomy/2023-03-23/full_ifrs/full_ifrs-cor_2023-03-23.xsd#ifrs-full_PaymentsForDebtIssueCosts" xlink:label="loc_116" xlink:type="locator" />
    <link:presentationArc xlink:type="arc" xlink:arcrole="http://www.xbrl.org/2003/arcrole/parent-child" order="180.0" xlink:from="loc_98" xlink:to="loc_116" />
    <link:loc xlink:href="https://xbrl.ifrs.org/taxonomy/2023-03-23/full_ifrs/full_ifrs-cor_2023-03-23.xsd#ifrs-full_ProceedsFromContributionsOfNoncontrollingInterests" xlink:label="loc_117" xlink:type="locator" />
    <link:presentationArc xlink:type="arc" xlink:arcrole="http://www.xbrl.org/2003/arcrole/parent-child" order="190.0" xlink:from="loc_98" xlink:to="loc_117" />
    <link:loc xlink:href="https://xbrl.ifrs.org/taxonomy/2023-03-23/full_ifrs/full_ifrs-cor_2023-03-23.xsd#ifrs-full_ProceedsFromIssueOfSubordinatedLiabilities" xlink:label="loc_118" xlink:type="locator" />
    <link:presentationArc xlink:type="arc" xlink:arcrole="http://www.xbrl.org/2003/arcrole/parent-child" order="200.0" xlink:from="loc_98" xlink:to="loc_118" />
    <link:loc xlink:href="https://xbrl.ifrs.org/taxonomy/2023-03-23/full_ifrs/full_ifrs-cor_2023-03-23.xsd#ifrs-full_RepaymentsOfSubordinatedLiabilities" xlink:label="loc_119" xlink:type="locator" />
    <link:presentationArc xlink:type="arc" xlink:arcrole="http://www.xbrl.org/2003/arcrole/parent-child" order="210.0" xlink:from="loc_98" xlink:to="loc_119" />
    <link:loc xlink:href="../../../../def/ca/cipc_ca-cor_2023-09-30.xsd#cipc-ca_NetIncomeBeforeCapitalItemsAndEquityAccountedEarnings" xlink:label="loc_120" xlink:type="locator" />
    <link:presentationArc xlink:type="arc" xlink:arcrole="http://www.xbrl.org/2003/arcrole/parent-child" order="220.0" xlink:from="loc_98" xlink:to="loc_120" />
    <link:loc xlink:href="../../../../def/ca/cipc_ca-cor_2023-09-30.xsd#cipc-ca_IncreaseDecreaseInIncomeearningAssets" xlink:label="loc_121" xlink:type="locator" />
    <link:presentationArc xlink:type="arc" xlink:arcrole="http://www.xbrl.org/2003/arcrole/parent-child" order="230.0" xlink:from="loc_98" xlink:to="loc_121" />
    <link:loc xlink:href="../../../../def/ca/cipc_ca-cor_2023-09-30.xsd#cipc-ca_IncreaseDecreaseInDepositsTradingAndOtherLiabilities" xlink:label="loc_122" xlink:type="locator" />
    <link:presentationArc xlink:type="arc" xlink:arcrole="http://www.xbrl.org/2003/arcrole/parent-child" order="240.0" xlink:from="loc_98" xlink:to="loc_122" />
    <link:loc xlink:href="../../../../def/ca/cipc_ca-cor_2023-09-30.xsd#cipc-ca_DirectTaxationPaid" xlink:label="loc_123" xlink:type="locator" />
    <link:presentationArc xlink:type="arc" xlink:arcrole="http://www.xbrl.org/2003/arcrole/parent-child" order="250.0" xlink:from="loc_98" xlink:to="loc_123" />
    <link:loc xlink:href="../../../../def/ca/cipc_ca-cor_2023-09-30.xsd#cipc-ca_NetPurchaseProceedsOfFinancialInstruments" xlink:label="loc_124" xlink:type="locator" />
    <link:presentationArc xlink:type="arc" xlink:arcrole="http://www.xbrl.org/2003/arcrole/parent-child" order="260.0" xlink:from="loc_98" xlink:to="loc_124" />
    <link:loc xlink:href="../../../../def/ca/cipc_ca-cor_2023-09-30.xsd#cipc-ca_ProceedsOnRealisationOfFairValueGainOnCashAndCashEquivalents" xlink:label="loc_125" xlink:type="locator" />
    <link:presentationArc xlink:type="arc" xlink:arcrole="http://www.xbrl.org/2003/arcrole/parent-child" order="270.0" xlink:from="loc_98" xlink:to="loc_125" />
    <link:loc xlink:href="../../../../def/ca/cipc_ca-cor_2023-09-30.xsd#cipc-ca_RepaymentOfProceedsOnCollateralDepositsPayable" xlink:label="loc_126" xlink:type="locator" />
    <link:presentationArc xlink:type="arc" xlink:arcrole="http://www.xbrl.org/2003/arcrole/parent-child" order="280.0" xlink:from="loc_98" xlink:to="loc_126" />
    <link:loc xlink:href="../../../../def/ca/cipc_ca-cor_2023-09-30.xsd#cipc-ca_AcquisitionsOfAssociatesAndJointVentures" xlink:label="loc_127" xlink:type="locator" />
    <link:presentationArc xlink:type="arc" xlink:arcrole="http://www.xbrl.org/2003/arcrole/parent-child" order="290.0" xlink:from="loc_98" xlink:to="loc_127" />
    <link:loc xlink:href="../../../../def/ca/cipc_ca-cor_2023-09-30.xsd#cipc-ca_CapitalExpenditureOnIntangibleAssets" xlink:label="loc_128" xlink:type="locator" />
    <link:presentationArc xlink:type="arc" xlink:arcrole="http://www.xbrl.org/2003/arcrole/parent-child" order="300.0" xlink:from="loc_98" xlink:to="loc_128" />
    <link:loc xlink:href="../../../../def/ca/cipc_ca-cor_2023-09-30.xsd#cipc-ca_BuybackIssuanceOfOrdinaryShareCapital" xlink:label="loc_129" xlink:type="locator" />
    <link:presentationArc xlink:type="arc" xlink:arcrole="http://www.xbrl.org/2003/arcrole/parent-child" order="310.0" xlink:from="loc_98" xlink:to="loc_129" />
  </link:presentationLink>
</link:linkbase>
