<?xml version="1.0" encoding="UTF-8"?>
<!--  Companies & Intellectual Property Commission  -->
<link:linkbase xmlns:link="http://www.xbrl.org/2003/linkbase" xmlns:xbrldt="http://xbrl.org/2005/xbrldt" xmlns:xlink="http://www.w3.org/1999/xlink" xmlns:xsi="http://www.w3.org/2001/XMLSchema-instance" xsi:schemaLocation="http://www.xbrl.org/2003/linkbase http://www.xbrl.org/2003/xbrl-linkbase-2003-12-31.xsd http://www.w3.org/1999/xlink http://www.xbrl.org/2003/xlink-2003-12-31.xsd">
  <link:roleRef roleURI="http://www.xbrl.org/2009/role/negatedLabel" xlink:type="simple" xlink:href="http://www.xbrl.org/lrr/role/negated-2009-12-16.xsd#negatedLabel" />
  <link:roleRef roleURI="http://xbrl.cipc.co.za/taxonomy/role/ifrs_full_role_802100" xlink:type="simple" xlink:href="../rol_full_ifrs_2023-09-30.xsd#role_ifrs_full_role_802100" />
  <link:presentationLink xlink:role="http://xbrl.cipc.co.za/taxonomy/role/ifrs_full_role_802100" xlink:type="extended">
    <link:loc xlink:href="https://xbrl.ifrs.org/taxonomy/2023-03-23/full_ifrs/full_ifrs-cor_2023-03-23.xsd#ifrs-full_DisclosureOfRegulatoryDeferralAccountsExplanatory" xlink:label="loc_1" xlink:type="locator" />
    <link:loc xlink:href="https://xbrl.ifrs.org/taxonomy/2023-03-23/full_ifrs/full_ifrs-cor_2023-03-23.xsd#ifrs-full_ItemsForPresentationOfRegulatoryDeferralAccountsAbstract" xlink:label="loc_2" xlink:type="locator" />
    <link:presentationArc xlink:type="arc" xlink:arcrole="http://www.xbrl.org/2003/arcrole/parent-child" order="10.0" xlink:from="loc_1" xlink:to="loc_2" />
    <link:loc xlink:href="https://xbrl.ifrs.org/taxonomy/2023-03-23/full_ifrs/full_ifrs-cor_2023-03-23.xsd#ifrs-full_StatementOfFinancialPositionAbstract" xlink:label="loc_3" xlink:type="locator" />
    <link:presentationArc xlink:type="arc" xlink:arcrole="http://www.xbrl.org/2003/arcrole/parent-child" order="10.0" xlink:from="loc_2" xlink:to="loc_3" />
    <link:loc xlink:href="https://xbrl.ifrs.org/taxonomy/2023-03-23/full_ifrs/full_ifrs-cor_2023-03-23.xsd#ifrs-full_RegulatoryDeferralAccountDebitBalancesAndRelatedDeferredTaxAssetAbstract" xlink:label="loc_4" xlink:type="locator" />
    <link:presentationArc xlink:type="arc" xlink:arcrole="http://www.xbrl.org/2003/arcrole/parent-child" order="10.0" xlink:from="loc_3" xlink:to="loc_4" />
    <link:loc xlink:href="https://xbrl.ifrs.org/taxonomy/2023-03-23/full_ifrs/full_ifrs-cor_2023-03-23.xsd#ifrs-full_RegulatoryDeferralAccountDebitBalancesAbstract" xlink:label="loc_5" xlink:type="locator" />
    <link:presentationArc xlink:type="arc" xlink:arcrole="http://www.xbrl.org/2003/arcrole/parent-child" order="10.0" xlink:from="loc_4" xlink:to="loc_5" />
    <link:loc xlink:href="https://xbrl.ifrs.org/taxonomy/2023-03-23/full_ifrs/full_ifrs-cor_2023-03-23.xsd#ifrs-full_RegulatoryDeferralAccountDebitBalancesDirectlyRelatedToDisposalGroup" xlink:label="loc_6" xlink:type="locator" />
    <link:presentationArc xlink:type="arc" xlink:arcrole="http://www.xbrl.org/2003/arcrole/parent-child" order="10.0" xlink:from="loc_5" xlink:to="loc_6" />
    <link:loc xlink:href="https://xbrl.ifrs.org/taxonomy/2023-03-23/full_ifrs/full_ifrs-cor_2023-03-23.xsd#ifrs-full_OtherRegulatoryDeferralAccountDebitBalances" xlink:label="loc_7" xlink:type="locator" />
    <link:presentationArc xlink:type="arc" xlink:arcrole="http://www.xbrl.org/2003/arcrole/parent-child" order="20.0" xlink:from="loc_5" xlink:to="loc_7" />
    <link:loc xlink:href="https://xbrl.ifrs.org/taxonomy/2023-03-23/full_ifrs/full_ifrs-cor_2023-03-23.xsd#ifrs-full_RegulatoryDeferralAccountDebitBalances" xlink:label="loc_8" xlink:type="locator" />
    <link:presentationArc xlink:type="arc" xlink:arcrole="http://www.xbrl.org/2003/arcrole/parent-child" order="30.0" xlink:from="loc_5" xlink:to="loc_8" preferredLabel="http://www.xbrl.org/2003/role/totalLabel" />
    <link:loc xlink:href="https://xbrl.ifrs.org/taxonomy/2023-03-23/full_ifrs/full_ifrs-cor_2023-03-23.xsd#ifrs-full_DeferredTaxAssetAssociatedWithRegulatoryDeferralAccountBalances" xlink:label="loc_9" xlink:type="locator" />
    <link:presentationArc xlink:type="arc" xlink:arcrole="http://www.xbrl.org/2003/arcrole/parent-child" order="20.0" xlink:from="loc_4" xlink:to="loc_9" />
    <link:loc xlink:href="https://xbrl.ifrs.org/taxonomy/2023-03-23/full_ifrs/full_ifrs-cor_2023-03-23.xsd#ifrs-full_RegulatoryDeferralAccountDebitBalancesAndRelatedDeferredTaxAsset" xlink:label="loc_10" xlink:type="locator" />
    <link:presentationArc xlink:type="arc" xlink:arcrole="http://www.xbrl.org/2003/arcrole/parent-child" order="30.0" xlink:from="loc_4" xlink:to="loc_10" preferredLabel="http://www.xbrl.org/2003/role/totalLabel" />
    <link:loc xlink:href="https://xbrl.ifrs.org/taxonomy/2023-03-23/full_ifrs/full_ifrs-cor_2023-03-23.xsd#ifrs-full_AssetsAndRegulatoryDeferralAccountDebitBalances" xlink:label="loc_11" xlink:type="locator" />
    <link:presentationArc xlink:type="arc" xlink:arcrole="http://www.xbrl.org/2003/arcrole/parent-child" order="20.0" xlink:from="loc_3" xlink:to="loc_11" />
    <link:loc xlink:href="https://xbrl.ifrs.org/taxonomy/2023-03-23/full_ifrs/full_ifrs-cor_2023-03-23.xsd#ifrs-full_RegulatoryDeferralAccountCreditBalancesAndRelatedDeferredTaxLiabilityAbstract" xlink:label="loc_12" xlink:type="locator" />
    <link:presentationArc xlink:type="arc" xlink:arcrole="http://www.xbrl.org/2003/arcrole/parent-child" order="30.0" xlink:from="loc_3" xlink:to="loc_12" />
    <link:loc xlink:href="https://xbrl.ifrs.org/taxonomy/2023-03-23/full_ifrs/full_ifrs-cor_2023-03-23.xsd#ifrs-full_RegulatoryDeferralAccountCreditBalancesAbstract" xlink:label="loc_13" xlink:type="locator" />
    <link:presentationArc xlink:type="arc" xlink:arcrole="http://www.xbrl.org/2003/arcrole/parent-child" order="10.0" xlink:from="loc_12" xlink:to="loc_13" />
    <link:loc xlink:href="https://xbrl.ifrs.org/taxonomy/2023-03-23/full_ifrs/full_ifrs-cor_2023-03-23.xsd#ifrs-full_RegulatoryDeferralAccountCreditBalancesDirectlyRelatedToDisposalGroup" xlink:label="loc_14" xlink:type="locator" />
    <link:presentationArc xlink:type="arc" xlink:arcrole="http://www.xbrl.org/2003/arcrole/parent-child" order="10.0" xlink:from="loc_13" xlink:to="loc_14" />
    <link:loc xlink:href="https://xbrl.ifrs.org/taxonomy/2023-03-23/full_ifrs/full_ifrs-cor_2023-03-23.xsd#ifrs-full_OtherRegulatoryDeferralAccountCreditBalances" xlink:label="loc_15" xlink:type="locator" />
    <link:presentationArc xlink:type="arc" xlink:arcrole="http://www.xbrl.org/2003/arcrole/parent-child" order="20.0" xlink:from="loc_13" xlink:to="loc_15" />
    <link:loc xlink:href="https://xbrl.ifrs.org/taxonomy/2023-03-23/full_ifrs/full_ifrs-cor_2023-03-23.xsd#ifrs-full_RegulatoryDeferralAccountCreditBalances" xlink:label="loc_16" xlink:type="locator" />
    <link:presentationArc xlink:type="arc" xlink:arcrole="http://www.xbrl.org/2003/arcrole/parent-child" order="30.0" xlink:from="loc_13" xlink:to="loc_16" preferredLabel="http://www.xbrl.org/2003/role/totalLabel" />
    <link:loc xlink:href="https://xbrl.ifrs.org/taxonomy/2023-03-23/full_ifrs/full_ifrs-cor_2023-03-23.xsd#ifrs-full_DeferredTaxLiabilityAssociatedWithRegulatoryDeferralAccountBalances" xlink:label="loc_17" xlink:type="locator" />
    <link:presentationArc xlink:type="arc" xlink:arcrole="http://www.xbrl.org/2003/arcrole/parent-child" order="20.0" xlink:from="loc_12" xlink:to="loc_17" />
    <link:loc xlink:href="https://xbrl.ifrs.org/taxonomy/2023-03-23/full_ifrs/full_ifrs-cor_2023-03-23.xsd#ifrs-full_RegulatoryDeferralAccountCreditBalancesAndRelatedDeferredTaxLiability" xlink:label="loc_18" xlink:type="locator" />
    <link:presentationArc xlink:type="arc" xlink:arcrole="http://www.xbrl.org/2003/arcrole/parent-child" order="30.0" xlink:from="loc_12" xlink:to="loc_18" preferredLabel="http://www.xbrl.org/2003/role/totalLabel" />
    <link:loc xlink:href="https://xbrl.ifrs.org/taxonomy/2023-03-23/full_ifrs/full_ifrs-cor_2023-03-23.xsd#ifrs-full_EquityLiabilitiesAndRegulatoryDeferralAccountCreditBalances" xlink:label="loc_19" xlink:type="locator" />
    <link:presentationArc xlink:type="arc" xlink:arcrole="http://www.xbrl.org/2003/arcrole/parent-child" order="40.0" xlink:from="loc_3" xlink:to="loc_19" />
    <link:loc xlink:href="https://xbrl.ifrs.org/taxonomy/2023-03-23/full_ifrs/full_ifrs-cor_2023-03-23.xsd#ifrs-full_StatementOfProfitOrLossAndOtherComprehensiveIncomeAbstract" xlink:label="loc_20" xlink:type="locator" />
    <link:presentationArc xlink:type="arc" xlink:arcrole="http://www.xbrl.org/2003/arcrole/parent-child" order="20.0" xlink:from="loc_2" xlink:to="loc_20" />
    <link:loc xlink:href="https://xbrl.ifrs.org/taxonomy/2023-03-23/full_ifrs/full_ifrs-cor_2023-03-23.xsd#ifrs-full_ProfitLossIncludingNetMovementInRegulatoryDeferralAccountBalancesRelatedToProfitOrLossAndNetMovementInRelatedDeferredTax" xlink:label="loc_21" xlink:type="locator" />
    <link:presentationArc xlink:type="arc" xlink:arcrole="http://www.xbrl.org/2003/arcrole/parent-child" order="10.0" xlink:from="loc_20" xlink:to="loc_21" />
    <link:loc xlink:href="https://xbrl.ifrs.org/taxonomy/2023-03-23/full_ifrs/full_ifrs-cor_2023-03-23.xsd#ifrs-full_ProfitLossIncludingNetMovementInRegulatoryDeferralAccountBalancesRelatedToProfitOrLossAndNetMovementInRelatedDeferredTaxAttributableToOwnersOfParent" xlink:label="loc_22" xlink:type="locator" />
    <link:presentationArc xlink:type="arc" xlink:arcrole="http://www.xbrl.org/2003/arcrole/parent-child" order="20.0" xlink:from="loc_20" xlink:to="loc_22" />
    <link:loc xlink:href="https://xbrl.ifrs.org/taxonomy/2023-03-23/full_ifrs/full_ifrs-cor_2023-03-23.xsd#ifrs-full_ProfitLossIncludingNetMovementInRegulatoryDeferralAccountBalancesRelatedToProfitOrLossAndNetMovementInRelatedDeferredTaxAttributableToNoncontrollingInterests" xlink:label="loc_23" xlink:type="locator" />
    <link:presentationArc xlink:type="arc" xlink:arcrole="http://www.xbrl.org/2003/arcrole/parent-child" order="30.0" xlink:from="loc_20" xlink:to="loc_23" />
    <link:loc xlink:href="https://xbrl.ifrs.org/taxonomy/2023-03-23/full_ifrs/full_ifrs-cor_2023-03-23.xsd#ifrs-full_NetMovementInRegulatoryDeferralAccountBalancesRelatedToProfitOrLossAndNetMovementInRelatedDeferredTaxAbstract" xlink:label="loc_24" xlink:type="locator" />
    <link:presentationArc xlink:type="arc" xlink:arcrole="http://www.xbrl.org/2003/arcrole/parent-child" order="40.0" xlink:from="loc_20" xlink:to="loc_24" />
    <link:loc xlink:href="https://xbrl.ifrs.org/taxonomy/2023-03-23/full_ifrs/full_ifrs-cor_2023-03-23.xsd#ifrs-full_NetMovementInRegulatoryDeferralAccountBalancesRelatedToProfitOrLossAbstract" xlink:label="loc_25" xlink:type="locator" />
    <link:presentationArc xlink:type="arc" xlink:arcrole="http://www.xbrl.org/2003/arcrole/parent-child" order="10.0" xlink:from="loc_24" xlink:to="loc_25" />
    <link:loc xlink:href="https://xbrl.ifrs.org/taxonomy/2023-03-23/full_ifrs/full_ifrs-cor_2023-03-23.xsd#ifrs-full_NetMovementInRegulatoryDeferralAccountBalancesRelatedToProfitOrLossDirectlyAssociatedWithDiscontinuedOperation" xlink:label="loc_26" xlink:type="locator" />
    <link:presentationArc xlink:type="arc" xlink:arcrole="http://www.xbrl.org/2003/arcrole/parent-child" order="10.0" xlink:from="loc_25" xlink:to="loc_26" />
    <link:loc xlink:href="https://xbrl.ifrs.org/taxonomy/2023-03-23/full_ifrs/full_ifrs-cor_2023-03-23.xsd#ifrs-full_NetMovementInOtherRegulatoryDeferralAccountBalancesRelatedToProfitOrLoss" xlink:label="loc_27" xlink:type="locator" />
    <link:presentationArc xlink:type="arc" xlink:arcrole="http://www.xbrl.org/2003/arcrole/parent-child" order="20.0" xlink:from="loc_25" xlink:to="loc_27" />
    <link:loc xlink:href="https://xbrl.ifrs.org/taxonomy/2023-03-23/full_ifrs/full_ifrs-cor_2023-03-23.xsd#ifrs-full_NetMovementInRegulatoryDeferralAccountBalancesRelatedToProfitOrLoss" xlink:label="loc_28" xlink:type="locator" />
    <link:presentationArc xlink:type="arc" xlink:arcrole="http://www.xbrl.org/2003/arcrole/parent-child" order="30.0" xlink:from="loc_25" xlink:to="loc_28" preferredLabel="http://www.xbrl.org/2003/role/totalLabel" />
    <link:loc xlink:href="https://xbrl.ifrs.org/taxonomy/2023-03-23/full_ifrs/full_ifrs-cor_2023-03-23.xsd#ifrs-full_NetMovementInDeferredTaxArisingFromRegulatoryDeferralAccountBalancesRelatedToProfitOrLoss" xlink:label="loc_29" xlink:type="locator" />
    <link:presentationArc xlink:type="arc" xlink:arcrole="http://www.xbrl.org/2003/arcrole/parent-child" order="20.0" xlink:from="loc_24" xlink:to="loc_29" />
    <link:loc xlink:href="https://xbrl.ifrs.org/taxonomy/2023-03-23/full_ifrs/full_ifrs-cor_2023-03-23.xsd#ifrs-full_NetMovementInRegulatoryDeferralAccountBalancesRelatedToProfitOrLossAndNetMovementInRelatedDeferredTax" xlink:label="loc_30" xlink:type="locator" />
    <link:presentationArc xlink:type="arc" xlink:arcrole="http://www.xbrl.org/2003/arcrole/parent-child" order="30.0" xlink:from="loc_24" xlink:to="loc_30" preferredLabel="http://www.xbrl.org/2003/role/totalLabel" />
    <link:loc xlink:href="https://xbrl.ifrs.org/taxonomy/2023-03-23/full_ifrs/full_ifrs-cor_2023-03-23.xsd#ifrs-full_NetMovementInRegulatoryDeferralAccountBalancesRelatedToOtherComprehensiveIncomeAbstract" xlink:label="loc_31" xlink:type="locator" />
    <link:presentationArc xlink:type="arc" xlink:arcrole="http://www.xbrl.org/2003/arcrole/parent-child" order="50.0" xlink:from="loc_20" xlink:to="loc_31" />
    <link:loc xlink:href="https://xbrl.ifrs.org/taxonomy/2023-03-23/full_ifrs/full_ifrs-cor_2023-03-23.xsd#ifrs-full_OtherComprehensiveIncomeNetOfTaxNetMovementInRegulatoryDeferralAccountBalancesRelatedToItemsThatWillNotBeReclassifiedToProfitOrLoss" xlink:label="loc_32" xlink:type="locator" />
    <link:presentationArc xlink:type="arc" xlink:arcrole="http://www.xbrl.org/2003/arcrole/parent-child" order="10.0" xlink:from="loc_31" xlink:to="loc_32" />
    <link:loc xlink:href="https://xbrl.ifrs.org/taxonomy/2023-03-23/full_ifrs/full_ifrs-cor_2023-03-23.xsd#ifrs-full_OtherComprehensiveIncomeBeforeTaxNetMovementInRegulatoryDeferralAccountBalancesRelatedToItemsThatWillNotBeReclassifiedToProfitOrLoss" xlink:label="loc_33" xlink:type="locator" />
    <link:presentationArc xlink:type="arc" xlink:arcrole="http://www.xbrl.org/2003/arcrole/parent-child" order="20.0" xlink:from="loc_31" xlink:to="loc_33" />
    <link:loc xlink:href="https://xbrl.ifrs.org/taxonomy/2023-03-23/full_ifrs/full_ifrs-cor_2023-03-23.xsd#ifrs-full_IncomeTaxRelatingToNetMovementInRegulatoryDeferralAccountBalancesRelatedToItemsThatWillNotBeReclassifiedToProfitOrLoss" xlink:label="loc_34" xlink:type="locator" />
    <link:presentationArc xlink:type="arc" xlink:arcrole="http://www.xbrl.org/2003/arcrole/parent-child" order="30.0" xlink:from="loc_31" xlink:to="loc_34" />
    <link:loc xlink:href="https://xbrl.ifrs.org/taxonomy/2023-03-23/full_ifrs/full_ifrs-cor_2023-03-23.xsd#ifrs-full_OtherComprehensiveIncomeNetOfTaxNetMovementInRegulatoryDeferralAccountBalancesRelatedToItemsThatWillBeReclassifiedToProfitOrLossAbstract" xlink:label="loc_35" xlink:type="locator" />
    <link:presentationArc xlink:type="arc" xlink:arcrole="http://www.xbrl.org/2003/arcrole/parent-child" order="40.0" xlink:from="loc_31" xlink:to="loc_35" />
    <link:loc xlink:href="https://xbrl.ifrs.org/taxonomy/2023-03-23/full_ifrs/full_ifrs-cor_2023-03-23.xsd#ifrs-full_GainsLossesOnNetMovementInRegulatoryDeferralAccountBalancesRelatedToItemsThatWillBeReclassifiedToProfitOrLossNetOfTax" xlink:label="loc_36" xlink:type="locator" />
    <link:presentationArc xlink:type="arc" xlink:arcrole="http://www.xbrl.org/2003/arcrole/parent-child" order="10.0" xlink:from="loc_35" xlink:to="loc_36" />
    <link:loc xlink:href="https://xbrl.ifrs.org/taxonomy/2023-03-23/full_ifrs/full_ifrs-cor_2023-03-23.xsd#ifrs-full_ReclassificationAdjustmentsOnNetMovementInRegulatoryDeferralAccountBalancesNetOfTax" xlink:label="loc_37" xlink:type="locator" />
    <link:presentationArc xlink:type="arc" xlink:arcrole="http://www.xbrl.org/2003/arcrole/parent-child" order="20.0" xlink:from="loc_35" xlink:to="loc_37" preferredLabel="http://www.xbrl.org/2009/role/negatedLabel" />
    <link:loc xlink:href="https://xbrl.ifrs.org/taxonomy/2023-03-23/full_ifrs/full_ifrs-cor_2023-03-23.xsd#ifrs-full_OtherComprehensiveIncomeNetOfTaxNetMovementInRegulatoryDeferralAccountBalancesRelatedToItemsThatWillBeReclassifiedToProfitOrLoss" xlink:label="loc_38" xlink:type="locator" />
    <link:presentationArc xlink:type="arc" xlink:arcrole="http://www.xbrl.org/2003/arcrole/parent-child" order="30.0" xlink:from="loc_35" xlink:to="loc_38" preferredLabel="http://www.xbrl.org/2003/role/totalLabel" />
    <link:loc xlink:href="https://xbrl.ifrs.org/taxonomy/2023-03-23/full_ifrs/full_ifrs-cor_2023-03-23.xsd#ifrs-full_OtherComprehensiveIncomeBeforeTaxNetMovementInRegulatoryDeferralAccountBalancesRelatedToItemsThatWillBeReclassifiedToProfitOrLossAbstract" xlink:label="loc_39" xlink:type="locator" />
    <link:presentationArc xlink:type="arc" xlink:arcrole="http://www.xbrl.org/2003/arcrole/parent-child" order="50.0" xlink:from="loc_31" xlink:to="loc_39" />
    <link:loc xlink:href="https://xbrl.ifrs.org/taxonomy/2023-03-23/full_ifrs/full_ifrs-cor_2023-03-23.xsd#ifrs-full_GainsLossesOnNetMovementInRegulatoryDeferralAccountBalancesRelatedToItemsThatWillBeReclassifiedToProfitOrLossBeforeTax" xlink:label="loc_40" xlink:type="locator" />
    <link:presentationArc xlink:type="arc" xlink:arcrole="http://www.xbrl.org/2003/arcrole/parent-child" order="10.0" xlink:from="loc_39" xlink:to="loc_40" />
    <link:loc xlink:href="https://xbrl.ifrs.org/taxonomy/2023-03-23/full_ifrs/full_ifrs-cor_2023-03-23.xsd#ifrs-full_ReclassificationAdjustmentsOnNetMovementInRegulatoryDeferralAccountBalancesBeforeTax" xlink:label="loc_41" xlink:type="locator" />
    <link:presentationArc xlink:type="arc" xlink:arcrole="http://www.xbrl.org/2003/arcrole/parent-child" order="20.0" xlink:from="loc_39" xlink:to="loc_41" preferredLabel="http://www.xbrl.org/2009/role/negatedLabel" />
    <link:loc xlink:href="https://xbrl.ifrs.org/taxonomy/2023-03-23/full_ifrs/full_ifrs-cor_2023-03-23.xsd#ifrs-full_OtherComprehensiveIncomeBeforeTaxNetMovementInRegulatoryDeferralAccountBalancesRelatedToItemsThatWillBeReclassifiedToProfitOrLoss" xlink:label="loc_42" xlink:type="locator" />
    <link:presentationArc xlink:type="arc" xlink:arcrole="http://www.xbrl.org/2003/arcrole/parent-child" order="30.0" xlink:from="loc_39" xlink:to="loc_42" preferredLabel="http://www.xbrl.org/2003/role/totalLabel" />
    <link:loc xlink:href="https://xbrl.ifrs.org/taxonomy/2023-03-23/full_ifrs/full_ifrs-cor_2023-03-23.xsd#ifrs-full_IncomeTaxRelatingToNetMovementInRegulatoryDeferralAccountBalancesRelatedToItemsThatWillBeReclassifiedToProfitOrLoss" xlink:label="loc_43" xlink:type="locator" />
    <link:presentationArc xlink:type="arc" xlink:arcrole="http://www.xbrl.org/2003/arcrole/parent-child" order="60.0" xlink:from="loc_31" xlink:to="loc_43" />
    <link:loc xlink:href="https://xbrl.ifrs.org/taxonomy/2023-03-23/full_ifrs/full_ifrs-cor_2023-03-23.xsd#ifrs-full_EarningsPerShareAbstract" xlink:label="loc_44" xlink:type="locator" />
    <link:presentationArc xlink:type="arc" xlink:arcrole="http://www.xbrl.org/2003/arcrole/parent-child" order="30.0" xlink:from="loc_2" xlink:to="loc_44" />
    <link:loc xlink:href="https://xbrl.ifrs.org/taxonomy/2023-03-23/full_ifrs/full_ifrs-cor_2023-03-23.xsd#ifrs-full_BasicEarningsLossPerShareIncludingNetMovementInRegulatoryDeferralAccountBalancesAndNetMovementInRelatedDeferredTax" xlink:label="loc_45" xlink:type="locator" />
    <link:presentationArc xlink:type="arc" xlink:arcrole="http://www.xbrl.org/2003/arcrole/parent-child" order="10.0" xlink:from="loc_44" xlink:to="loc_45" />
    <link:loc xlink:href="https://xbrl.ifrs.org/taxonomy/2023-03-23/full_ifrs/full_ifrs-cor_2023-03-23.xsd#ifrs-full_DilutedEarningsLossPerShareIncludingNetMovementInRegulatoryDeferralAccountBalancesAndNetMovementInRelatedDeferredTax" xlink:label="loc_46" xlink:type="locator" />
    <link:presentationArc xlink:type="arc" xlink:arcrole="http://www.xbrl.org/2003/arcrole/parent-child" order="20.0" xlink:from="loc_44" xlink:to="loc_46" />
    <link:loc xlink:href="https://xbrl.ifrs.org/taxonomy/2023-03-23/full_ifrs/full_ifrs-cor_2023-03-23.xsd#ifrs-full_BasicEarningsLossPerShareFromContinuingOperationsIncludingNetMovementInRegulatoryDeferralAccountBalancesAndNetMovementInRelatedDeferredTax" xlink:label="loc_47" xlink:type="locator" />
    <link:presentationArc xlink:type="arc" xlink:arcrole="http://www.xbrl.org/2003/arcrole/parent-child" order="30.0" xlink:from="loc_44" xlink:to="loc_47" />
    <link:loc xlink:href="https://xbrl.ifrs.org/taxonomy/2023-03-23/full_ifrs/full_ifrs-cor_2023-03-23.xsd#ifrs-full_DilutedEarningsLossPerShareFromContinuingOperationsIncludingNetMovementInRegulatoryDeferralAccountBalancesAndNetMovementInRelatedDeferredTax" xlink:label="loc_48" xlink:type="locator" />
    <link:presentationArc xlink:type="arc" xlink:arcrole="http://www.xbrl.org/2003/arcrole/parent-child" order="40.0" xlink:from="loc_44" xlink:to="loc_48" />
    <link:loc xlink:href="https://xbrl.ifrs.org/taxonomy/2023-03-23/full_ifrs/full_ifrs-cor_2023-03-23.xsd#ifrs-full_BasicEarningsLossPerShareFromDiscontinuedOperationsIncludingNetMovementInRegulatoryDeferralAccountBalancesAndNetMovementInRelatedDeferredTax" xlink:label="loc_49" xlink:type="locator" />
    <link:presentationArc xlink:type="arc" xlink:arcrole="http://www.xbrl.org/2003/arcrole/parent-child" order="50.0" xlink:from="loc_44" xlink:to="loc_49" />
    <link:loc xlink:href="https://xbrl.ifrs.org/taxonomy/2023-03-23/full_ifrs/full_ifrs-cor_2023-03-23.xsd#ifrs-full_DilutedEarningsLossPerShareFromDiscontinuedOperationsIncludingNetMovementInRegulatoryDeferralAccountBalancesAndNetMovementInRelatedDeferredTax" xlink:label="loc_50" xlink:type="locator" />
    <link:presentationArc xlink:type="arc" xlink:arcrole="http://www.xbrl.org/2003/arcrole/parent-child" order="60.0" xlink:from="loc_44" xlink:to="loc_50" />
    <link:loc xlink:href="https://xbrl.ifrs.org/taxonomy/2023-03-23/full_ifrs/full_ifrs-cor_2023-03-23.xsd#ifrs-full_DescriptionOfBasisOnWhichRegulatoryDeferralAccountBalancesAreRecognisedAndDerecognisedAndHowTheyAreMeasuredInitiallyAndSubsequently" xlink:label="loc_51" xlink:type="locator" />
    <link:presentationArc xlink:type="arc" xlink:arcrole="http://www.xbrl.org/2003/arcrole/parent-child" order="20.0" xlink:from="loc_1" xlink:to="loc_51" />
    <link:loc xlink:href="https://xbrl.ifrs.org/taxonomy/2023-03-23/full_ifrs/full_ifrs-cor_2023-03-23.xsd#ifrs-full_DisclosureOfInformationAboutActivitiesSubjectToRateRegulationExplanatory" xlink:label="loc_52" xlink:type="locator" />
    <link:presentationArc xlink:type="arc" xlink:arcrole="http://www.xbrl.org/2003/arcrole/parent-child" order="30.0" xlink:from="loc_1" xlink:to="loc_52" />
    <link:loc xlink:href="https://xbrl.ifrs.org/taxonomy/2023-03-23/full_ifrs/full_ifrs-cor_2023-03-23.xsd#ifrs-full_DisclosureOfInformationAboutActivitiesSubjectToRateRegulationAbstract" xlink:label="loc_53" xlink:type="locator" />
    <link:presentationArc xlink:type="arc" xlink:arcrole="http://www.xbrl.org/2003/arcrole/parent-child" order="10.0" xlink:from="loc_52" xlink:to="loc_53" />
    <link:loc xlink:href="https://xbrl.ifrs.org/taxonomy/2023-03-23/full_ifrs/full_ifrs-cor_2023-03-23.xsd#ifrs-full_DisclosureOfInformationAboutActivitiesSubjectToRateRegulationTable" xlink:label="loc_54" xlink:type="locator" />
    <link:presentationArc xlink:type="arc" xlink:arcrole="http://www.xbrl.org/2003/arcrole/parent-child" xlink:from="loc_53" xlink:to="loc_54" />
    <link:loc xlink:href="https://xbrl.ifrs.org/taxonomy/2023-03-23/full_ifrs/full_ifrs-cor_2023-03-23.xsd#ifrs-full_TypesOfRateregulatedActivitiesAxis" xlink:label="loc_55" xlink:type="locator" />
    <link:presentationArc xlink:type="arc" xlink:arcrole="http://www.xbrl.org/2003/arcrole/parent-child" order="1.0" xlink:from="loc_54" xlink:to="loc_55" />
    <link:loc xlink:href="https://xbrl.ifrs.org/taxonomy/2023-03-23/full_ifrs/full_ifrs-cor_2023-03-23.xsd#ifrs-full_RateregulatedActivitiesMember" xlink:label="loc_56" xlink:type="locator" />
    <link:presentationArc xlink:type="arc" xlink:arcrole="http://www.xbrl.org/2003/arcrole/parent-child" order="10.0" xlink:from="loc_55" xlink:to="loc_56" />
    <link:loc xlink:href="https://xbrl.ifrs.org/taxonomy/2023-03-23/full_ifrs/full_ifrs-cor_2023-03-23.xsd#ifrs-full_ElectricityDistributionMember" xlink:label="loc_57" xlink:type="locator" />
    <link:presentationArc xlink:type="arc" xlink:arcrole="http://www.xbrl.org/2003/arcrole/parent-child" order="10.0" xlink:from="loc_56" xlink:to="loc_57" />
    <link:loc xlink:href="https://xbrl.ifrs.org/taxonomy/2023-03-23/full_ifrs/full_ifrs-cor_2023-03-23.xsd#ifrs-full_GasDistributionMember" xlink:label="loc_58" xlink:type="locator" />
    <link:presentationArc xlink:type="arc" xlink:arcrole="http://www.xbrl.org/2003/arcrole/parent-child" order="20.0" xlink:from="loc_56" xlink:to="loc_58" />
    <link:loc xlink:href="https://xbrl.ifrs.org/taxonomy/2023-03-23/full_ifrs/full_ifrs-cor_2023-03-23.xsd#ifrs-full_ClassesOfRegulatoryDeferralAccountBalancesAxis" xlink:label="loc_59" xlink:type="locator" />
    <link:presentationArc xlink:type="arc" xlink:arcrole="http://www.xbrl.org/2003/arcrole/parent-child" order="2.0" xlink:from="loc_54" xlink:to="loc_59" />
    <link:loc xlink:href="https://xbrl.ifrs.org/taxonomy/2023-03-23/full_ifrs/full_ifrs-cor_2023-03-23.xsd#ifrs-full_ClassesOfRegulatoryDeferralAccountBalancesMember" xlink:label="loc_60" xlink:type="locator" />
    <link:presentationArc xlink:type="arc" xlink:arcrole="http://www.xbrl.org/2003/arcrole/parent-child" order="10.0" xlink:from="loc_59" xlink:to="loc_60" />
    <link:loc xlink:href="https://xbrl.ifrs.org/taxonomy/2023-03-23/full_ifrs/full_ifrs-cor_2023-03-23.xsd#ifrs-full_TaxationrelatedRegulatoryDeferralAccountBalancesMember" xlink:label="loc_61" xlink:type="locator" />
    <link:presentationArc xlink:type="arc" xlink:arcrole="http://www.xbrl.org/2003/arcrole/parent-child" order="10.0" xlink:from="loc_60" xlink:to="loc_61" />
    <link:loc xlink:href="https://xbrl.ifrs.org/taxonomy/2023-03-23/full_ifrs/full_ifrs-cor_2023-03-23.xsd#ifrs-full_DisclosureOfInformationAboutActivitiesSubjectToRateRegulationLineItems" xlink:label="loc_62" xlink:type="locator" />
    <link:presentationArc xlink:type="arc" xlink:arcrole="http://www.xbrl.org/2003/arcrole/parent-child" order="10.0" xlink:from="loc_53" xlink:to="loc_62" />
    <link:loc xlink:href="https://xbrl.ifrs.org/taxonomy/2023-03-23/full_ifrs/full_ifrs-cor_2023-03-23.xsd#ifrs-full_DescriptionOfNatureAndExtentOfRateregulatedActivity" xlink:label="loc_63" xlink:type="locator" />
    <link:presentationArc xlink:type="arc" xlink:arcrole="http://www.xbrl.org/2003/arcrole/parent-child" order="10.0" xlink:from="loc_62" xlink:to="loc_63" />
    <link:loc xlink:href="https://xbrl.ifrs.org/taxonomy/2023-03-23/full_ifrs/full_ifrs-cor_2023-03-23.xsd#ifrs-full_DescriptionOfNatureOfRegulatoryRatesettingProcess" xlink:label="loc_64" xlink:type="locator" />
    <link:presentationArc xlink:type="arc" xlink:arcrole="http://www.xbrl.org/2003/arcrole/parent-child" order="20.0" xlink:from="loc_62" xlink:to="loc_64" />
    <link:loc xlink:href="https://xbrl.ifrs.org/taxonomy/2023-03-23/full_ifrs/full_ifrs-cor_2023-03-23.xsd#ifrs-full_DescriptionOfIdentityOfRateRegulators" xlink:label="loc_65" xlink:type="locator" />
    <link:presentationArc xlink:type="arc" xlink:arcrole="http://www.xbrl.org/2003/arcrole/parent-child" order="30.0" xlink:from="loc_62" xlink:to="loc_65" />
    <link:loc xlink:href="https://xbrl.ifrs.org/taxonomy/2023-03-23/full_ifrs/full_ifrs-cor_2023-03-23.xsd#ifrs-full_StatementThatRateRegulatorIsRelatedParty" xlink:label="loc_66" xlink:type="locator" />
    <link:presentationArc xlink:type="arc" xlink:arcrole="http://www.xbrl.org/2003/arcrole/parent-child" order="40.0" xlink:from="loc_62" xlink:to="loc_66" />
    <link:loc xlink:href="https://xbrl.ifrs.org/taxonomy/2023-03-23/full_ifrs/full_ifrs-cor_2023-03-23.xsd#ifrs-full_ExplanationOfHowRateRegulatorIsRelated" xlink:label="loc_67" xlink:type="locator" />
    <link:presentationArc xlink:type="arc" xlink:arcrole="http://www.xbrl.org/2003/arcrole/parent-child" order="50.0" xlink:from="loc_62" xlink:to="loc_67" />
    <link:loc xlink:href="https://xbrl.ifrs.org/taxonomy/2023-03-23/full_ifrs/full_ifrs-cor_2023-03-23.xsd#ifrs-full_DescriptionOfHowFutureRecoveryOrReversalOfRegulatoryDeferralAccountBalancesIsAffectedByRisksAndUncertainty" xlink:label="loc_68" xlink:type="locator" />
    <link:presentationArc xlink:type="arc" xlink:arcrole="http://www.xbrl.org/2003/arcrole/parent-child" order="60.0" xlink:from="loc_62" xlink:to="loc_68" />
    <link:loc xlink:href="https://xbrl.ifrs.org/taxonomy/2023-03-23/full_ifrs/full_ifrs-cor_2023-03-23.xsd#ifrs-full_DescriptionOfCrossreferenceToDisclosuresAboutActivitiesSubjectToRateRegulation" xlink:label="loc_69" xlink:type="locator" />
    <link:presentationArc xlink:type="arc" xlink:arcrole="http://www.xbrl.org/2003/arcrole/parent-child" order="70.0" xlink:from="loc_62" xlink:to="loc_69" />
    <link:loc xlink:href="https://xbrl.ifrs.org/taxonomy/2023-03-23/full_ifrs/full_ifrs-cor_2023-03-23.xsd#ifrs-full_DisclosureOfInformationAboutAmountsRecognisedInRelationToRegulatoryDeferralAccountBalancesExplanatory" xlink:label="loc_70" xlink:type="locator" />
    <link:presentationArc xlink:type="arc" xlink:arcrole="http://www.xbrl.org/2003/arcrole/parent-child" order="40.0" xlink:from="loc_1" xlink:to="loc_70" />
    <link:loc xlink:href="https://xbrl.ifrs.org/taxonomy/2023-03-23/full_ifrs/full_ifrs-cor_2023-03-23.xsd#ifrs-full_DisclosureOfInformationAboutAmountsRecognisedInRelationToRegulatoryDeferralAccountBalancesAbstract" xlink:label="loc_71" xlink:type="locator" />
    <link:presentationArc xlink:type="arc" xlink:arcrole="http://www.xbrl.org/2003/arcrole/parent-child" order="10.0" xlink:from="loc_70" xlink:to="loc_71" />
    <link:loc xlink:href="https://xbrl.ifrs.org/taxonomy/2023-03-23/full_ifrs/full_ifrs-cor_2023-03-23.xsd#ifrs-full_DisclosureOfInformationAboutAmountsRecognisedInRelationToRegulatoryDeferralAccountBalancesTable" xlink:label="loc_72" xlink:type="locator" />
    <link:presentationArc xlink:type="arc" xlink:arcrole="http://www.xbrl.org/2003/arcrole/parent-child" xlink:from="loc_71" xlink:to="loc_72" />
    <link:presentationArc xlink:type="arc" xlink:arcrole="http://www.xbrl.org/2003/arcrole/parent-child" order="1.0" xlink:from="loc_72" xlink:to="loc_55" />
    <link:loc xlink:href="https://xbrl.ifrs.org/taxonomy/2023-03-23/full_ifrs/full_ifrs-cor_2023-03-23.xsd#ifrs-full_RegulatoryDeferralAccountBalancesAxis" xlink:label="loc_73" xlink:type="locator" />
    <link:presentationArc xlink:type="arc" xlink:arcrole="http://www.xbrl.org/2003/arcrole/parent-child" order="2.0" xlink:from="loc_72" xlink:to="loc_73" />
    <link:loc xlink:href="https://xbrl.ifrs.org/taxonomy/2023-03-23/full_ifrs/full_ifrs-cor_2023-03-23.xsd#ifrs-full_RegulatoryDeferralAccountBalancesMember" xlink:label="loc_74" xlink:type="locator" />
    <link:presentationArc xlink:type="arc" xlink:arcrole="http://www.xbrl.org/2003/arcrole/parent-child" order="10.0" xlink:from="loc_73" xlink:to="loc_74" />
    <link:loc xlink:href="https://xbrl.ifrs.org/taxonomy/2023-03-23/full_ifrs/full_ifrs-cor_2023-03-23.xsd#ifrs-full_RegulatoryDeferralAccountBalancesNotClassifiedAsDisposalGroupsMember" xlink:label="loc_75" xlink:type="locator" />
    <link:presentationArc xlink:type="arc" xlink:arcrole="http://www.xbrl.org/2003/arcrole/parent-child" order="10.0" xlink:from="loc_74" xlink:to="loc_75" />
    <link:loc xlink:href="https://xbrl.ifrs.org/taxonomy/2023-03-23/full_ifrs/full_ifrs-cor_2023-03-23.xsd#ifrs-full_RegulatoryDeferralAccountBalancesClassifiedAsDisposalGroupsMember" xlink:label="loc_76" xlink:type="locator" />
    <link:presentationArc xlink:type="arc" xlink:arcrole="http://www.xbrl.org/2003/arcrole/parent-child" order="20.0" xlink:from="loc_74" xlink:to="loc_76" />
    <link:presentationArc xlink:type="arc" xlink:arcrole="http://www.xbrl.org/2003/arcrole/parent-child" order="3.0" xlink:from="loc_72" xlink:to="loc_59" />
    <link:loc xlink:href="https://xbrl.ifrs.org/taxonomy/2023-03-23/full_ifrs/full_ifrs-cor_2023-03-23.xsd#ifrs-full_RangeAxis" xlink:label="loc_77" xlink:type="locator" />
    <link:presentationArc xlink:type="arc" xlink:arcrole="http://www.xbrl.org/2003/arcrole/parent-child" order="4.0" xlink:from="loc_72" xlink:to="loc_77" />
    <link:loc xlink:href="https://xbrl.ifrs.org/taxonomy/2023-03-23/full_ifrs/full_ifrs-cor_2023-03-23.xsd#ifrs-full_RangesMember" xlink:label="loc_78" xlink:type="locator" />
    <link:presentationArc xlink:type="arc" xlink:arcrole="http://www.xbrl.org/2003/arcrole/parent-child" order="10.0" xlink:from="loc_77" xlink:to="loc_78" />
    <link:loc xlink:href="https://xbrl.ifrs.org/taxonomy/2023-03-23/full_ifrs/full_ifrs-cor_2023-03-23.xsd#ifrs-full_BottomOfRangeMember" xlink:label="loc_79" xlink:type="locator" />
    <link:presentationArc xlink:type="arc" xlink:arcrole="http://www.xbrl.org/2003/arcrole/parent-child" order="10.0" xlink:from="loc_78" xlink:to="loc_79" />
    <link:loc xlink:href="https://xbrl.ifrs.org/taxonomy/2023-03-23/full_ifrs/full_ifrs-cor_2023-03-23.xsd#ifrs-full_WeightedAverageMember" xlink:label="loc_80" xlink:type="locator" />
    <link:presentationArc xlink:type="arc" xlink:arcrole="http://www.xbrl.org/2003/arcrole/parent-child" order="20.0" xlink:from="loc_78" xlink:to="loc_80" />
    <link:loc xlink:href="https://xbrl.ifrs.org/taxonomy/2023-03-23/full_ifrs/full_ifrs-cor_2023-03-23.xsd#ifrs-full_TopOfRangeMember" xlink:label="loc_81" xlink:type="locator" />
    <link:presentationArc xlink:type="arc" xlink:arcrole="http://www.xbrl.org/2003/arcrole/parent-child" order="30.0" xlink:from="loc_78" xlink:to="loc_81" />
    <link:loc xlink:href="https://xbrl.ifrs.org/taxonomy/2023-03-23/full_ifrs/full_ifrs-cor_2023-03-23.xsd#ifrs-full_DisclosureOfInformationAboutAmountsRecognisedInRelationToRegulatoryDeferralAccountBalancesLineItems" xlink:label="loc_82" xlink:type="locator" />
    <link:presentationArc xlink:type="arc" xlink:arcrole="http://www.xbrl.org/2003/arcrole/parent-child" order="10.0" xlink:from="loc_71" xlink:to="loc_82" />
    <link:loc xlink:href="https://xbrl.ifrs.org/taxonomy/2023-03-23/full_ifrs/full_ifrs-cor_2023-03-23.xsd#ifrs-full_ReconciliationOfRegulatoryDeferralAccountDebitBalancesAbstract" xlink:label="loc_83" xlink:type="locator" />
    <link:presentationArc xlink:type="arc" xlink:arcrole="http://www.xbrl.org/2003/arcrole/parent-child" order="10.0" xlink:from="loc_82" xlink:to="loc_83" />
    <link:loc xlink:href="https://xbrl.ifrs.org/taxonomy/2023-03-23/full_ifrs/full_ifrs-cor_2023-03-23.xsd#ifrs-full_RegulatoryDeferralAccountDebitBalances" xlink:label="loc_84" xlink:type="locator" />
    <link:presentationArc xlink:type="arc" xlink:arcrole="http://www.xbrl.org/2003/arcrole/parent-child" order="10.0" xlink:from="loc_83" xlink:to="loc_84" preferredLabel="http://www.xbrl.org/2003/role/periodStartLabel" />
    <link:loc xlink:href="https://xbrl.ifrs.org/taxonomy/2023-03-23/full_ifrs/full_ifrs-cor_2023-03-23.xsd#ifrs-full_ChangesInRegulatoryDeferralAccountDebitBalancesAbstract" xlink:label="loc_85" xlink:type="locator" />
    <link:presentationArc xlink:type="arc" xlink:arcrole="http://www.xbrl.org/2003/arcrole/parent-child" order="20.0" xlink:from="loc_83" xlink:to="loc_85" />
    <link:loc xlink:href="https://xbrl.ifrs.org/taxonomy/2023-03-23/full_ifrs/full_ifrs-cor_2023-03-23.xsd#ifrs-full_IncreaseDecreaseThroughBalancesRecognisedInCurrentPeriodInStatementOfFinancialPositionRegulatoryDeferralAccountDebitBalances" xlink:label="loc_86" xlink:type="locator" />
    <link:presentationArc xlink:type="arc" xlink:arcrole="http://www.xbrl.org/2003/arcrole/parent-child" order="10.0" xlink:from="loc_85" xlink:to="loc_86" />
    <link:loc xlink:href="https://xbrl.ifrs.org/taxonomy/2023-03-23/full_ifrs/full_ifrs-cor_2023-03-23.xsd#ifrs-full_DecreaseThroughBalancesRecoveredInCurrentPeriodRegulatoryDeferralAccountDebitBalances" xlink:label="loc_87" xlink:type="locator" />
    <link:presentationArc xlink:type="arc" xlink:arcrole="http://www.xbrl.org/2003/arcrole/parent-child" order="20.0" xlink:from="loc_85" xlink:to="loc_87" preferredLabel="http://www.xbrl.org/2009/role/negatedLabel" />
    <link:loc xlink:href="https://xbrl.ifrs.org/taxonomy/2023-03-23/full_ifrs/full_ifrs-cor_2023-03-23.xsd#ifrs-full_IncreaseDecreaseThroughOtherChangesRegulatoryDeferralAccountDebitBalancesAbstract" xlink:label="loc_88" xlink:type="locator" />
    <link:presentationArc xlink:type="arc" xlink:arcrole="http://www.xbrl.org/2003/arcrole/parent-child" order="30.0" xlink:from="loc_85" xlink:to="loc_88" />
    <link:loc xlink:href="https://xbrl.ifrs.org/taxonomy/2023-03-23/full_ifrs/full_ifrs-cor_2023-03-23.xsd#ifrs-full_DecreaseThroughImpairmentsRegulatoryDeferralAccountDebitBalances" xlink:label="loc_89" xlink:type="locator" />
    <link:presentationArc xlink:type="arc" xlink:arcrole="http://www.xbrl.org/2003/arcrole/parent-child" order="10.0" xlink:from="loc_88" xlink:to="loc_89" preferredLabel="http://www.xbrl.org/2009/role/negatedLabel" />
    <link:loc xlink:href="https://xbrl.ifrs.org/taxonomy/2023-03-23/full_ifrs/full_ifrs-cor_2023-03-23.xsd#ifrs-full_IncreaseThroughItemsAcquiredInBusinessCombinationRegulatoryDeferralAccountDebitBalances" xlink:label="loc_90" xlink:type="locator" />
    <link:presentationArc xlink:type="arc" xlink:arcrole="http://www.xbrl.org/2003/arcrole/parent-child" order="20.0" xlink:from="loc_88" xlink:to="loc_90" />
    <link:loc xlink:href="https://xbrl.ifrs.org/taxonomy/2023-03-23/full_ifrs/full_ifrs-cor_2023-03-23.xsd#ifrs-full_DecreaseThroughDisposalsRegulatoryDeferralAccountDebitBalances" xlink:label="loc_91" xlink:type="locator" />
    <link:presentationArc xlink:type="arc" xlink:arcrole="http://www.xbrl.org/2003/arcrole/parent-child" order="30.0" xlink:from="loc_88" xlink:to="loc_91" preferredLabel="http://www.xbrl.org/2009/role/negatedLabel" />
    <link:loc xlink:href="https://xbrl.ifrs.org/taxonomy/2023-03-23/full_ifrs/full_ifrs-cor_2023-03-23.xsd#ifrs-full_IncreaseDecreaseThroughChangesInForeignExchangeRatesRegulatoryDeferralAccountDebitBalances" xlink:label="loc_92" xlink:type="locator" />
    <link:presentationArc xlink:type="arc" xlink:arcrole="http://www.xbrl.org/2003/arcrole/parent-child" order="40.0" xlink:from="loc_88" xlink:to="loc_92" />
    <link:loc xlink:href="https://xbrl.ifrs.org/taxonomy/2023-03-23/full_ifrs/full_ifrs-cor_2023-03-23.xsd#ifrs-full_IncreaseDecreaseThroughChangesInDiscountRatesRegulatoryDeferralAccountDebitBalances" xlink:label="loc_93" xlink:type="locator" />
    <link:presentationArc xlink:type="arc" xlink:arcrole="http://www.xbrl.org/2003/arcrole/parent-child" order="50.0" xlink:from="loc_88" xlink:to="loc_93" />
    <link:loc xlink:href="https://xbrl.ifrs.org/taxonomy/2023-03-23/full_ifrs/full_ifrs-cor_2023-03-23.xsd#ifrs-full_IncreaseDecreaseThroughTransfersToDisposalGroupsRegulatoryDeferralAccountDebitBalances" xlink:label="loc_94" xlink:type="locator" />
    <link:presentationArc xlink:type="arc" xlink:arcrole="http://www.xbrl.org/2003/arcrole/parent-child" order="60.0" xlink:from="loc_88" xlink:to="loc_94" />
    <link:loc xlink:href="https://xbrl.ifrs.org/taxonomy/2023-03-23/full_ifrs/full_ifrs-cor_2023-03-23.xsd#ifrs-full_IncreaseDecreaseThroughOtherChangesRegulatoryDeferralAccountDebitBalances" xlink:label="loc_95" xlink:type="locator" />
    <link:presentationArc xlink:type="arc" xlink:arcrole="http://www.xbrl.org/2003/arcrole/parent-child" order="70.0" xlink:from="loc_88" xlink:to="loc_95" preferredLabel="http://www.xbrl.org/2003/role/totalLabel" />
    <link:loc xlink:href="https://xbrl.ifrs.org/taxonomy/2023-03-23/full_ifrs/full_ifrs-cor_2023-03-23.xsd#ifrs-full_IncreaseDecreaseInRegulatoryDeferralAccountDebitBalances" xlink:label="loc_96" xlink:type="locator" />
    <link:presentationArc xlink:type="arc" xlink:arcrole="http://www.xbrl.org/2003/arcrole/parent-child" order="40.0" xlink:from="loc_85" xlink:to="loc_96" preferredLabel="http://www.xbrl.org/2003/role/totalLabel" />
    <link:loc xlink:href="https://xbrl.ifrs.org/taxonomy/2023-03-23/full_ifrs/full_ifrs-cor_2023-03-23.xsd#ifrs-full_RegulatoryDeferralAccountDebitBalances" xlink:label="loc_97" xlink:type="locator" />
    <link:presentationArc xlink:type="arc" xlink:arcrole="http://www.xbrl.org/2003/arcrole/parent-child" order="30.0" xlink:from="loc_83" xlink:to="loc_97" preferredLabel="http://www.xbrl.org/2003/role/periodEndLabel" />
    <link:loc xlink:href="https://xbrl.ifrs.org/taxonomy/2023-03-23/full_ifrs/full_ifrs-cor_2023-03-23.xsd#ifrs-full_ReconciliationOfRegulatoryDeferralAccountCreditBalancesAbstract" xlink:label="loc_98" xlink:type="locator" />
    <link:presentationArc xlink:type="arc" xlink:arcrole="http://www.xbrl.org/2003/arcrole/parent-child" order="20.0" xlink:from="loc_82" xlink:to="loc_98" />
    <link:loc xlink:href="https://xbrl.ifrs.org/taxonomy/2023-03-23/full_ifrs/full_ifrs-cor_2023-03-23.xsd#ifrs-full_RegulatoryDeferralAccountCreditBalances" xlink:label="loc_99" xlink:type="locator" />
    <link:presentationArc xlink:type="arc" xlink:arcrole="http://www.xbrl.org/2003/arcrole/parent-child" order="10.0" xlink:from="loc_98" xlink:to="loc_99" preferredLabel="http://www.xbrl.org/2003/role/periodStartLabel" />
    <link:loc xlink:href="https://xbrl.ifrs.org/taxonomy/2023-03-23/full_ifrs/full_ifrs-cor_2023-03-23.xsd#ifrs-full_ChangesInRegulatoryDeferralAccountCreditBalancesAbstract" xlink:label="loc_100" xlink:type="locator" />
    <link:presentationArc xlink:type="arc" xlink:arcrole="http://www.xbrl.org/2003/arcrole/parent-child" order="20.0" xlink:from="loc_98" xlink:to="loc_100" />
    <link:loc xlink:href="https://xbrl.ifrs.org/taxonomy/2023-03-23/full_ifrs/full_ifrs-cor_2023-03-23.xsd#ifrs-full_IncreaseDecreaseThroughBalancesRecognisedInCurrentPeriodInStatementOfFinancialPositionRegulatoryDeferralAccountCreditBalances" xlink:label="loc_101" xlink:type="locator" />
    <link:presentationArc xlink:type="arc" xlink:arcrole="http://www.xbrl.org/2003/arcrole/parent-child" order="10.0" xlink:from="loc_100" xlink:to="loc_101" />
    <link:loc xlink:href="https://xbrl.ifrs.org/taxonomy/2023-03-23/full_ifrs/full_ifrs-cor_2023-03-23.xsd#ifrs-full_DecreaseThroughBalancesReversedInCurrentPeriodRegulatoryDeferralAccountCreditBalances" xlink:label="loc_102" xlink:type="locator" />
    <link:presentationArc xlink:type="arc" xlink:arcrole="http://www.xbrl.org/2003/arcrole/parent-child" order="20.0" xlink:from="loc_100" xlink:to="loc_102" preferredLabel="http://www.xbrl.org/2009/role/negatedLabel" />
    <link:loc xlink:href="https://xbrl.ifrs.org/taxonomy/2023-03-23/full_ifrs/full_ifrs-cor_2023-03-23.xsd#ifrs-full_IncreaseDecreaseThroughOtherChangesRegulatoryDeferralAccountCreditBalancesAbstract" xlink:label="loc_103" xlink:type="locator" />
    <link:presentationArc xlink:type="arc" xlink:arcrole="http://www.xbrl.org/2003/arcrole/parent-child" order="30.0" xlink:from="loc_100" xlink:to="loc_103" />
    <link:loc xlink:href="https://xbrl.ifrs.org/taxonomy/2023-03-23/full_ifrs/full_ifrs-cor_2023-03-23.xsd#ifrs-full_IncreaseThroughItemsAssumedInBusinessCombinationRegulatoryDeferralAccountCreditBalances" xlink:label="loc_104" xlink:type="locator" />
    <link:presentationArc xlink:type="arc" xlink:arcrole="http://www.xbrl.org/2003/arcrole/parent-child" order="10.0" xlink:from="loc_103" xlink:to="loc_104" />
    <link:loc xlink:href="https://xbrl.ifrs.org/taxonomy/2023-03-23/full_ifrs/full_ifrs-cor_2023-03-23.xsd#ifrs-full_DecreaseThroughDisposalsRegulatoryDeferralAccountCreditBalances" xlink:label="loc_105" xlink:type="locator" />
    <link:presentationArc xlink:type="arc" xlink:arcrole="http://www.xbrl.org/2003/arcrole/parent-child" order="20.0" xlink:from="loc_103" xlink:to="loc_105" preferredLabel="http://www.xbrl.org/2009/role/negatedLabel" />
    <link:loc xlink:href="https://xbrl.ifrs.org/taxonomy/2023-03-23/full_ifrs/full_ifrs-cor_2023-03-23.xsd#ifrs-full_IncreaseDecreaseThroughChangesInForeignExchangeRatesRegulatoryDeferralAccountCreditBalances" xlink:label="loc_106" xlink:type="locator" />
    <link:presentationArc xlink:type="arc" xlink:arcrole="http://www.xbrl.org/2003/arcrole/parent-child" order="30.0" xlink:from="loc_103" xlink:to="loc_106" />
    <link:loc xlink:href="https://xbrl.ifrs.org/taxonomy/2023-03-23/full_ifrs/full_ifrs-cor_2023-03-23.xsd#ifrs-full_IncreaseDecreaseThroughChangesInDiscountRatesRegulatoryDeferralAccountCreditBalances" xlink:label="loc_107" xlink:type="locator" />
    <link:presentationArc xlink:type="arc" xlink:arcrole="http://www.xbrl.org/2003/arcrole/parent-child" order="40.0" xlink:from="loc_103" xlink:to="loc_107" />
    <link:loc xlink:href="https://xbrl.ifrs.org/taxonomy/2023-03-23/full_ifrs/full_ifrs-cor_2023-03-23.xsd#ifrs-full_IncreaseDecreaseThroughTransfersToDisposalGroupsRegulatoryDeferralAccountCreditBalances" xlink:label="loc_108" xlink:type="locator" />
    <link:presentationArc xlink:type="arc" xlink:arcrole="http://www.xbrl.org/2003/arcrole/parent-child" order="50.0" xlink:from="loc_103" xlink:to="loc_108" />
    <link:loc xlink:href="https://xbrl.ifrs.org/taxonomy/2023-03-23/full_ifrs/full_ifrs-cor_2023-03-23.xsd#ifrs-full_IncreaseDecreaseThroughOtherChangesRegulatoryDeferralAccountCreditBalances" xlink:label="loc_109" xlink:type="locator" />
    <link:presentationArc xlink:type="arc" xlink:arcrole="http://www.xbrl.org/2003/arcrole/parent-child" order="60.0" xlink:from="loc_103" xlink:to="loc_109" preferredLabel="http://www.xbrl.org/2003/role/totalLabel" />
    <link:loc xlink:href="https://xbrl.ifrs.org/taxonomy/2023-03-23/full_ifrs/full_ifrs-cor_2023-03-23.xsd#ifrs-full_IncreaseDecreaseInRegulatoryDeferralAccountCreditBalances" xlink:label="loc_110" xlink:type="locator" />
    <link:presentationArc xlink:type="arc" xlink:arcrole="http://www.xbrl.org/2003/arcrole/parent-child" order="40.0" xlink:from="loc_100" xlink:to="loc_110" preferredLabel="http://www.xbrl.org/2003/role/totalLabel" />
    <link:loc xlink:href="https://xbrl.ifrs.org/taxonomy/2023-03-23/full_ifrs/full_ifrs-cor_2023-03-23.xsd#ifrs-full_RegulatoryDeferralAccountCreditBalances" xlink:label="loc_111" xlink:type="locator" />
    <link:presentationArc xlink:type="arc" xlink:arcrole="http://www.xbrl.org/2003/arcrole/parent-child" order="30.0" xlink:from="loc_98" xlink:to="loc_111" preferredLabel="http://www.xbrl.org/2003/role/periodEndLabel" />
    <link:loc xlink:href="https://xbrl.ifrs.org/taxonomy/2023-03-23/full_ifrs/full_ifrs-cor_2023-03-23.xsd#ifrs-full_RateOfReturnUsedToReflectTimeValueOfMoneyRegulatoryDeferralAccountBalances" xlink:label="loc_112" xlink:type="locator" />
    <link:presentationArc xlink:type="arc" xlink:arcrole="http://www.xbrl.org/2003/arcrole/parent-child" order="30.0" xlink:from="loc_82" xlink:to="loc_112" />
    <link:loc xlink:href="https://xbrl.ifrs.org/taxonomy/2023-03-23/full_ifrs/full_ifrs-cor_2023-03-23.xsd#ifrs-full_DiscountRateUsedToReflectTimeValueOfMoneyRegulatoryDeferralAccountBalances" xlink:label="loc_113" xlink:type="locator" />
    <link:presentationArc xlink:type="arc" xlink:arcrole="http://www.xbrl.org/2003/arcrole/parent-child" order="40.0" xlink:from="loc_82" xlink:to="loc_113" />
    <link:loc xlink:href="https://xbrl.ifrs.org/taxonomy/2023-03-23/full_ifrs/full_ifrs-cor_2023-03-23.xsd#ifrs-full_RemainingRecoveryPeriodOfRegulatoryDeferralAccountDebitBalances2019" xlink:label="loc_114" xlink:type="locator" />
    <link:presentationArc xlink:type="arc" xlink:arcrole="http://www.xbrl.org/2003/arcrole/parent-child" order="50.0" xlink:from="loc_82" xlink:to="loc_114" />
    <link:loc xlink:href="https://xbrl.ifrs.org/taxonomy/2023-03-23/full_ifrs/full_ifrs-cor_2023-03-23.xsd#ifrs-full_RemainingReversalPeriodOfRegulatoryDeferralAccountCreditBalances2019" xlink:label="loc_115" xlink:type="locator" />
    <link:presentationArc xlink:type="arc" xlink:arcrole="http://www.xbrl.org/2003/arcrole/parent-child" order="60.0" xlink:from="loc_82" xlink:to="loc_115" />
    <link:loc xlink:href="https://xbrl.ifrs.org/taxonomy/2023-03-23/full_ifrs/full_ifrs-cor_2023-03-23.xsd#ifrs-full_StatementThatRegulatoryDeferralAccountBalanceIsNoLongerFullyRecoverableOrReversible" xlink:label="loc_116" xlink:type="locator" />
    <link:presentationArc xlink:type="arc" xlink:arcrole="http://www.xbrl.org/2003/arcrole/parent-child" order="70.0" xlink:from="loc_82" xlink:to="loc_116" />
    <link:loc xlink:href="https://xbrl.ifrs.org/taxonomy/2023-03-23/full_ifrs/full_ifrs-cor_2023-03-23.xsd#ifrs-full_DescriptionOfReasonWhyRegulatoryDeferralAccountBalanceIsNoLongerFullyRecoverableOrReversible" xlink:label="loc_117" xlink:type="locator" />
    <link:presentationArc xlink:type="arc" xlink:arcrole="http://www.xbrl.org/2003/arcrole/parent-child" order="80.0" xlink:from="loc_82" xlink:to="loc_117" />
    <link:loc xlink:href="https://xbrl.ifrs.org/taxonomy/2023-03-23/full_ifrs/full_ifrs-cor_2023-03-23.xsd#ifrs-full_AmountByWhichRegulatoryDeferralAccountDebitBalanceHasBeenReducedBecauseItIsNoLongerFullyRecoverable" xlink:label="loc_118" xlink:type="locator" />
    <link:presentationArc xlink:type="arc" xlink:arcrole="http://www.xbrl.org/2003/arcrole/parent-child" order="90.0" xlink:from="loc_82" xlink:to="loc_118" />
    <link:loc xlink:href="https://xbrl.ifrs.org/taxonomy/2023-03-23/full_ifrs/full_ifrs-cor_2023-03-23.xsd#ifrs-full_AmountByWhichRegulatoryDeferralAccountCreditBalanceHasBeenReducedBecauseItIsNoLongerFullyReversible" xlink:label="loc_119" xlink:type="locator" />
    <link:presentationArc xlink:type="arc" xlink:arcrole="http://www.xbrl.org/2003/arcrole/parent-child" order="100.0" xlink:from="loc_82" xlink:to="loc_119" />
    <link:loc xlink:href="https://xbrl.ifrs.org/taxonomy/2023-03-23/full_ifrs/full_ifrs-cor_2023-03-23.xsd#ifrs-full_DescriptionOfImpactOfRateRegulationOnCurrentAndDeferredTax" xlink:label="loc_120" xlink:type="locator" />
    <link:presentationArc xlink:type="arc" xlink:arcrole="http://www.xbrl.org/2003/arcrole/parent-child" order="50.0" xlink:from="loc_1" xlink:to="loc_120" />
    <link:loc xlink:href="https://xbrl.ifrs.org/taxonomy/2023-03-23/full_ifrs/full_ifrs-cor_2023-03-23.xsd#ifrs-full_IncreaseDecreaseInCurrentTaxExpenseIncomeDueToRateRegulation" xlink:label="loc_121" xlink:type="locator" />
    <link:presentationArc xlink:type="arc" xlink:arcrole="http://www.xbrl.org/2003/arcrole/parent-child" order="10.0" xlink:from="loc_120" xlink:to="loc_121" />
    <link:loc xlink:href="https://xbrl.ifrs.org/taxonomy/2023-03-23/full_ifrs/full_ifrs-cor_2023-03-23.xsd#ifrs-full_IncreaseDecreaseInDeferredTaxExpenseIncomeDueToRateRegulation" xlink:label="loc_122" xlink:type="locator" />
    <link:presentationArc xlink:type="arc" xlink:arcrole="http://www.xbrl.org/2003/arcrole/parent-child" order="20.0" xlink:from="loc_120" xlink:to="loc_122" />
    <link:loc xlink:href="https://xbrl.ifrs.org/taxonomy/2023-03-23/full_ifrs/full_ifrs-cor_2023-03-23.xsd#ifrs-full_AdditionalDisclosuresRelatedToRegulatoryDeferralAccountsAbstract" xlink:label="loc_123" xlink:type="locator" />
    <link:presentationArc xlink:type="arc" xlink:arcrole="http://www.xbrl.org/2003/arcrole/parent-child" order="60.0" xlink:from="loc_1" xlink:to="loc_123" />
    <link:loc xlink:href="https://xbrl.ifrs.org/taxonomy/2023-03-23/full_ifrs/full_ifrs-cor_2023-03-23.xsd#ifrs-full_NetMovementInRegulatoryDeferralAccountBalancesRelatedToProfitOrLossAttributableToNoncontrollingInterests" xlink:label="loc_124" xlink:type="locator" />
    <link:presentationArc xlink:type="arc" xlink:arcrole="http://www.xbrl.org/2003/arcrole/parent-child" order="10.0" xlink:from="loc_123" xlink:to="loc_124" />
    <link:loc xlink:href="https://xbrl.ifrs.org/taxonomy/2023-03-23/full_ifrs/full_ifrs-cor_2023-03-23.xsd#ifrs-full_PortionOfGainsLossesRecognisedWhenControlOfSubsidiaryIsLostAttributableToDerecognisingRegulatoryDeferralAccountBalancesInFormerSubsidiary" xlink:label="loc_125" xlink:type="locator" />
    <link:presentationArc xlink:type="arc" xlink:arcrole="http://www.xbrl.org/2003/arcrole/parent-child" order="20.0" xlink:from="loc_123" xlink:to="loc_125" />
  </link:presentationLink>
</link:linkbase>
