<?xml version="1.0" encoding="UTF-8"?>
<!--  Companies & Intellectual Property Commission  -->
<link:linkbase xmlns:link="http://www.xbrl.org/2003/linkbase" xmlns:xbrldt="http://xbrl.org/2005/xbrldt" xmlns:xlink="http://www.w3.org/1999/xlink" xmlns:xsi="http://www.w3.org/2001/XMLSchema-instance" xsi:schemaLocation="http://www.xbrl.org/2003/linkbase http://www.xbrl.org/2003/xbrl-linkbase-2003-12-31.xsd http://www.w3.org/1999/xlink http://www.xbrl.org/2003/xlink-2003-12-31.xsd">
  <link:roleRef roleURI="http://www.xbrl.org/2009/role/netLabel" xlink:type="simple" xlink:href="http://www.xbrl.org/lrr/role/net-2009-12-16.xsd#netLabel" />
  <link:roleRef roleURI="http://xbrl.cipc.co.za/taxonomy/role/ifrs_full_role_802800" xlink:type="simple" xlink:href="../rol_full_ifrs_2023-09-30.xsd#role_ifrs_full_role_802800" />
  <link:presentationLink xlink:role="http://xbrl.cipc.co.za/taxonomy/role/ifrs_full_role_802800" xlink:type="extended">
    <link:loc xlink:href="https://xbrl.ifrs.org/taxonomy/2023-03-23/full_ifrs/full_ifrs-cor_2023-03-23.xsd#ifrs-full_DisclosureOfNoncurrentAssetsHeldForSaleAndDiscontinuedOperationsExplanatory" xlink:label="loc_1" xlink:type="locator" />
    <link:loc xlink:href="https://xbrl.ifrs.org/taxonomy/2023-03-23/full_ifrs/full_ifrs-cor_2023-03-23.xsd#ifrs-full_DisclosureOfAnalysisOfSingleAmountOfDiscontinuedOperationsExplanatory" xlink:label="loc_2" xlink:type="locator" />
    <link:presentationArc xlink:type="arc" xlink:arcrole="http://www.xbrl.org/2003/arcrole/parent-child" order="10.0" xlink:from="loc_1" xlink:to="loc_2" />
    <link:loc xlink:href="https://xbrl.ifrs.org/taxonomy/2023-03-23/full_ifrs/full_ifrs-cor_2023-03-23.xsd#ifrs-full_DisclosureOfAnalysisOfSingleAmountOfDiscontinuedOperationsAbstract" xlink:label="loc_3" xlink:type="locator" />
    <link:presentationArc xlink:type="arc" xlink:arcrole="http://www.xbrl.org/2003/arcrole/parent-child" order="10.0" xlink:from="loc_2" xlink:to="loc_3" />
    <link:loc xlink:href="https://xbrl.ifrs.org/taxonomy/2023-03-23/full_ifrs/full_ifrs-cor_2023-03-23.xsd#ifrs-full_DisclosureOfAnalysisOfSingleAmountOfDiscontinuedOperationsTable" xlink:label="loc_4" xlink:type="locator" />
    <link:presentationArc xlink:type="arc" xlink:arcrole="http://www.xbrl.org/2003/arcrole/parent-child" xlink:from="loc_3" xlink:to="loc_4" />
    <link:loc xlink:href="https://xbrl.ifrs.org/taxonomy/2023-03-23/full_ifrs/full_ifrs-cor_2023-03-23.xsd#ifrs-full_ContinuingAndDiscontinuedOperationsAxis" xlink:label="loc_5" xlink:type="locator" />
    <link:presentationArc xlink:type="arc" xlink:arcrole="http://www.xbrl.org/2003/arcrole/parent-child" order="1.0" xlink:from="loc_4" xlink:to="loc_5" />
    <link:loc xlink:href="https://xbrl.ifrs.org/taxonomy/2023-03-23/full_ifrs/full_ifrs-cor_2023-03-23.xsd#ifrs-full_ContinuingOperationsMember" xlink:label="loc_6" xlink:type="locator" />
    <link:presentationArc xlink:type="arc" xlink:arcrole="http://www.xbrl.org/2003/arcrole/parent-child" order="10.0" xlink:from="loc_5" xlink:to="loc_6" />
    <link:loc xlink:href="https://xbrl.ifrs.org/taxonomy/2023-03-23/full_ifrs/full_ifrs-cor_2023-03-23.xsd#ifrs-full_DiscontinuedOperationsMember" xlink:label="loc_7" xlink:type="locator" />
    <link:presentationArc xlink:type="arc" xlink:arcrole="http://www.xbrl.org/2003/arcrole/parent-child" order="10.0" xlink:from="loc_6" xlink:to="loc_7" />
    <link:loc xlink:href="https://xbrl.ifrs.org/taxonomy/2023-03-23/full_ifrs/full_ifrs-cor_2023-03-23.xsd#ifrs-full_DisclosureOfAnalysisOfSingleAmountOfDiscontinuedOperationsLineItems" xlink:label="loc_8" xlink:type="locator" />
    <link:presentationArc xlink:type="arc" xlink:arcrole="http://www.xbrl.org/2003/arcrole/parent-child" order="10.0" xlink:from="loc_3" xlink:to="loc_8" />
    <link:loc xlink:href="https://xbrl.ifrs.org/taxonomy/2023-03-23/full_ifrs/full_ifrs-cor_2023-03-23.xsd#ifrs-full_ProfitLossBeforeTax" xlink:label="loc_9" xlink:type="locator" />
    <link:presentationArc xlink:type="arc" xlink:arcrole="http://www.xbrl.org/2003/arcrole/parent-child" order="10.0" xlink:from="loc_8" xlink:to="loc_9" />
    <link:loc xlink:href="https://xbrl.ifrs.org/taxonomy/2023-03-23/full_ifrs/full_ifrs-cor_2023-03-23.xsd#ifrs-full_Revenue" xlink:label="loc_10" xlink:type="locator" />
    <link:presentationArc xlink:type="arc" xlink:arcrole="http://www.xbrl.org/2003/arcrole/parent-child" order="10.0" xlink:from="loc_9" xlink:to="loc_10" />
    <link:loc xlink:href="https://xbrl.ifrs.org/taxonomy/2023-03-23/full_ifrs/full_ifrs-cor_2023-03-23.xsd#ifrs-full_TaxExpenseRelatingToProfitLossFromOrdinaryActivitiesOfDiscontinuedOperations" xlink:label="loc_11" xlink:type="locator" />
    <link:presentationArc xlink:type="arc" xlink:arcrole="http://www.xbrl.org/2003/arcrole/parent-child" order="20.0" xlink:from="loc_8" xlink:to="loc_11" />
    <link:loc xlink:href="https://xbrl.ifrs.org/taxonomy/2023-03-23/full_ifrs/full_ifrs-cor_2023-03-23.xsd#ifrs-full_GainLossRecognisedOnMeasurementToFairValueLessCostsToSellOrOnDisposalOfAssetsOrDisposalGroupsConstitutingDiscontinuedOperation" xlink:label="loc_12" xlink:type="locator" />
    <link:presentationArc xlink:type="arc" xlink:arcrole="http://www.xbrl.org/2003/arcrole/parent-child" order="30.0" xlink:from="loc_8" xlink:to="loc_12" />
    <link:loc xlink:href="https://xbrl.ifrs.org/taxonomy/2023-03-23/full_ifrs/full_ifrs-cor_2023-03-23.xsd#ifrs-full_TaxExpenseRelatingToGainLossOnDiscontinuance" xlink:label="loc_13" xlink:type="locator" />
    <link:presentationArc xlink:type="arc" xlink:arcrole="http://www.xbrl.org/2003/arcrole/parent-child" order="40.0" xlink:from="loc_8" xlink:to="loc_13" />
    <link:loc xlink:href="https://xbrl.ifrs.org/taxonomy/2023-03-23/full_ifrs/full_ifrs-cor_2023-03-23.xsd#ifrs-full_ProfitLossFromDiscontinuedOperations" xlink:label="loc_14" xlink:type="locator" />
    <link:presentationArc xlink:type="arc" xlink:arcrole="http://www.xbrl.org/2003/arcrole/parent-child" order="50.0" xlink:from="loc_8" xlink:to="loc_14" />
    <link:loc xlink:href="https://xbrl.ifrs.org/taxonomy/2023-03-23/full_ifrs/full_ifrs-cor_2023-03-23.xsd#ifrs-full_CashFlowsFromContinuingAndDiscontinuedOperationsAbstract" xlink:label="loc_15" xlink:type="locator" />
    <link:presentationArc xlink:type="arc" xlink:arcrole="http://www.xbrl.org/2003/arcrole/parent-child" order="20.0" xlink:from="loc_1" xlink:to="loc_15" />
    <link:loc xlink:href="https://xbrl.ifrs.org/taxonomy/2023-03-23/full_ifrs/full_ifrs-cor_2023-03-23.xsd#ifrs-full_CashFlowsFromUsedInOperatingActivitiesAbstract" xlink:label="loc_16" xlink:type="locator" />
    <link:presentationArc xlink:type="arc" xlink:arcrole="http://www.xbrl.org/2003/arcrole/parent-child" order="10.0" xlink:from="loc_15" xlink:to="loc_16" />
    <link:loc xlink:href="https://xbrl.ifrs.org/taxonomy/2023-03-23/full_ifrs/full_ifrs-cor_2023-03-23.xsd#ifrs-full_CashFlowsFromUsedInOperatingActivitiesContinuingOperations" xlink:label="loc_17" xlink:type="locator" />
    <link:presentationArc xlink:type="arc" xlink:arcrole="http://www.xbrl.org/2003/arcrole/parent-child" order="10.0" xlink:from="loc_16" xlink:to="loc_17" preferredLabel="http://www.xbrl.org/2009/role/netLabel" />
    <link:loc xlink:href="https://xbrl.ifrs.org/taxonomy/2023-03-23/full_ifrs/full_ifrs-cor_2023-03-23.xsd#ifrs-full_CashFlowsFromUsedInOperatingActivitiesDiscontinuedOperations" xlink:label="loc_18" xlink:type="locator" />
    <link:presentationArc xlink:type="arc" xlink:arcrole="http://www.xbrl.org/2003/arcrole/parent-child" order="20.0" xlink:from="loc_16" xlink:to="loc_18" preferredLabel="http://www.xbrl.org/2009/role/netLabel" />
    <link:loc xlink:href="https://xbrl.ifrs.org/taxonomy/2023-03-23/full_ifrs/full_ifrs-cor_2023-03-23.xsd#ifrs-full_CashFlowsFromUsedInOperatingActivities" xlink:label="loc_19" xlink:type="locator" />
    <link:presentationArc xlink:type="arc" xlink:arcrole="http://www.xbrl.org/2003/arcrole/parent-child" order="30.0" xlink:from="loc_16" xlink:to="loc_19" preferredLabel="http://www.xbrl.org/2009/role/netLabel" />
    <link:loc xlink:href="https://xbrl.ifrs.org/taxonomy/2023-03-23/full_ifrs/full_ifrs-cor_2023-03-23.xsd#ifrs-full_CashFlowsFromUsedInInvestingActivitiesAbstract" xlink:label="loc_20" xlink:type="locator" />
    <link:presentationArc xlink:type="arc" xlink:arcrole="http://www.xbrl.org/2003/arcrole/parent-child" order="20.0" xlink:from="loc_15" xlink:to="loc_20" />
    <link:loc xlink:href="https://xbrl.ifrs.org/taxonomy/2023-03-23/full_ifrs/full_ifrs-cor_2023-03-23.xsd#ifrs-full_CashFlowsFromUsedInInvestingActivitiesContinuingOperations" xlink:label="loc_21" xlink:type="locator" />
    <link:presentationArc xlink:type="arc" xlink:arcrole="http://www.xbrl.org/2003/arcrole/parent-child" order="10.0" xlink:from="loc_20" xlink:to="loc_21" preferredLabel="http://www.xbrl.org/2009/role/netLabel" />
    <link:loc xlink:href="https://xbrl.ifrs.org/taxonomy/2023-03-23/full_ifrs/full_ifrs-cor_2023-03-23.xsd#ifrs-full_CashFlowsFromUsedInInvestingActivitiesDiscontinuedOperations" xlink:label="loc_22" xlink:type="locator" />
    <link:presentationArc xlink:type="arc" xlink:arcrole="http://www.xbrl.org/2003/arcrole/parent-child" order="20.0" xlink:from="loc_20" xlink:to="loc_22" preferredLabel="http://www.xbrl.org/2009/role/netLabel" />
    <link:loc xlink:href="https://xbrl.ifrs.org/taxonomy/2023-03-23/full_ifrs/full_ifrs-cor_2023-03-23.xsd#ifrs-full_CashFlowsFromUsedInInvestingActivities" xlink:label="loc_23" xlink:type="locator" />
    <link:presentationArc xlink:type="arc" xlink:arcrole="http://www.xbrl.org/2003/arcrole/parent-child" order="30.0" xlink:from="loc_20" xlink:to="loc_23" preferredLabel="http://www.xbrl.org/2009/role/netLabel" />
    <link:loc xlink:href="https://xbrl.ifrs.org/taxonomy/2023-03-23/full_ifrs/full_ifrs-cor_2023-03-23.xsd#ifrs-full_CashFlowsFromUsedInFinancingActivitiesAbstract" xlink:label="loc_24" xlink:type="locator" />
    <link:presentationArc xlink:type="arc" xlink:arcrole="http://www.xbrl.org/2003/arcrole/parent-child" order="30.0" xlink:from="loc_15" xlink:to="loc_24" />
    <link:loc xlink:href="https://xbrl.ifrs.org/taxonomy/2023-03-23/full_ifrs/full_ifrs-cor_2023-03-23.xsd#ifrs-full_CashFlowsFromUsedInFinancingActivitiesContinuingOperations" xlink:label="loc_25" xlink:type="locator" />
    <link:presentationArc xlink:type="arc" xlink:arcrole="http://www.xbrl.org/2003/arcrole/parent-child" order="10.0" xlink:from="loc_24" xlink:to="loc_25" preferredLabel="http://www.xbrl.org/2009/role/netLabel" />
    <link:loc xlink:href="https://xbrl.ifrs.org/taxonomy/2023-03-23/full_ifrs/full_ifrs-cor_2023-03-23.xsd#ifrs-full_CashFlowsFromUsedInFinancingActivitiesDiscontinuedOperations" xlink:label="loc_26" xlink:type="locator" />
    <link:presentationArc xlink:type="arc" xlink:arcrole="http://www.xbrl.org/2003/arcrole/parent-child" order="20.0" xlink:from="loc_24" xlink:to="loc_26" preferredLabel="http://www.xbrl.org/2009/role/netLabel" />
    <link:loc xlink:href="https://xbrl.ifrs.org/taxonomy/2023-03-23/full_ifrs/full_ifrs-cor_2023-03-23.xsd#ifrs-full_CashFlowsFromUsedInFinancingActivities" xlink:label="loc_27" xlink:type="locator" />
    <link:presentationArc xlink:type="arc" xlink:arcrole="http://www.xbrl.org/2003/arcrole/parent-child" order="30.0" xlink:from="loc_24" xlink:to="loc_27" preferredLabel="http://www.xbrl.org/2009/role/netLabel" />
    <link:loc xlink:href="https://xbrl.ifrs.org/taxonomy/2023-03-23/full_ifrs/full_ifrs-cor_2023-03-23.xsd#ifrs-full_IncreaseDecreaseInCashAndCashEquivalentsDiscontinuedOperations" xlink:label="loc_28" xlink:type="locator" />
    <link:presentationArc xlink:type="arc" xlink:arcrole="http://www.xbrl.org/2003/arcrole/parent-child" order="40.0" xlink:from="loc_15" xlink:to="loc_28" />
    <link:loc xlink:href="https://xbrl.ifrs.org/taxonomy/2023-03-23/full_ifrs/full_ifrs-cor_2023-03-23.xsd#ifrs-full_IncomeFromContinuingOperationsAttributableToOwnersOfParent" xlink:label="loc_29" xlink:type="locator" />
    <link:presentationArc xlink:type="arc" xlink:arcrole="http://www.xbrl.org/2003/arcrole/parent-child" order="30.0" xlink:from="loc_1" xlink:to="loc_29" />
    <link:loc xlink:href="https://xbrl.ifrs.org/taxonomy/2023-03-23/full_ifrs/full_ifrs-cor_2023-03-23.xsd#ifrs-full_IncomeFromDiscontinuedOperationsAttributableToOwnersOfParent" xlink:label="loc_30" xlink:type="locator" />
    <link:presentationArc xlink:type="arc" xlink:arcrole="http://www.xbrl.org/2003/arcrole/parent-child" order="40.0" xlink:from="loc_1" xlink:to="loc_30" />
    <link:loc xlink:href="https://xbrl.ifrs.org/taxonomy/2023-03-23/full_ifrs/full_ifrs-cor_2023-03-23.xsd#ifrs-full_ProfitLossFromContinuingOperationsAttributableToNoncontrollingInterests" xlink:label="loc_31" xlink:type="locator" />
    <link:presentationArc xlink:type="arc" xlink:arcrole="http://www.xbrl.org/2003/arcrole/parent-child" order="50.0" xlink:from="loc_1" xlink:to="loc_31" />
    <link:loc xlink:href="https://xbrl.ifrs.org/taxonomy/2023-03-23/full_ifrs/full_ifrs-cor_2023-03-23.xsd#ifrs-full_ProfitLossFromDiscontinuedOperationsAttributableToNoncontrollingInterests" xlink:label="loc_32" xlink:type="locator" />
    <link:presentationArc xlink:type="arc" xlink:arcrole="http://www.xbrl.org/2003/arcrole/parent-child" order="60.0" xlink:from="loc_1" xlink:to="loc_32" />
    <link:loc xlink:href="https://xbrl.ifrs.org/taxonomy/2023-03-23/full_ifrs/full_ifrs-cor_2023-03-23.xsd#ifrs-full_ExplanationOfNatureAndAdjustmentsToAmountsPreviouslyPresentedInDiscontinuedOperations" xlink:label="loc_33" xlink:type="locator" />
    <link:presentationArc xlink:type="arc" xlink:arcrole="http://www.xbrl.org/2003/arcrole/parent-child" order="70.0" xlink:from="loc_1" xlink:to="loc_33" />
    <link:loc xlink:href="https://xbrl.ifrs.org/taxonomy/2023-03-23/full_ifrs/full_ifrs-cor_2023-03-23.xsd#ifrs-full_DescriptionOfNoncurrentAssetOrDisposalGroupHeldForSaleWhichWereSoldOrReclassified" xlink:label="loc_34" xlink:type="locator" />
    <link:presentationArc xlink:type="arc" xlink:arcrole="http://www.xbrl.org/2003/arcrole/parent-child" order="80.0" xlink:from="loc_1" xlink:to="loc_34" />
    <link:loc xlink:href="https://xbrl.ifrs.org/taxonomy/2023-03-23/full_ifrs/full_ifrs-cor_2023-03-23.xsd#ifrs-full_ExplanationOfFactsAndCircumstancesOfSaleOrReclassificationAndExpectedDisposalMannerAndTiming" xlink:label="loc_35" xlink:type="locator" />
    <link:presentationArc xlink:type="arc" xlink:arcrole="http://www.xbrl.org/2003/arcrole/parent-child" order="90.0" xlink:from="loc_1" xlink:to="loc_35" />
    <link:loc xlink:href="https://xbrl.ifrs.org/taxonomy/2023-03-23/full_ifrs/full_ifrs-cor_2023-03-23.xsd#ifrs-full_GainsLossesOnSubsequentIncreaseInFairValueLessCostsToSellNotInExcessOfRecognisedCumulativeImpairmentLoss" xlink:label="loc_36" xlink:type="locator" />
    <link:presentationArc xlink:type="arc" xlink:arcrole="http://www.xbrl.org/2003/arcrole/parent-child" order="100.0" xlink:from="loc_1" xlink:to="loc_36" />
    <link:loc xlink:href="https://xbrl.ifrs.org/taxonomy/2023-03-23/full_ifrs/full_ifrs-cor_2023-03-23.xsd#ifrs-full_SegmentInWhichNoncurrentAssetOrDisposalGroupHeldForSaleIsPresented" xlink:label="loc_37" xlink:type="locator" />
    <link:presentationArc xlink:type="arc" xlink:arcrole="http://www.xbrl.org/2003/arcrole/parent-child" order="110.0" xlink:from="loc_1" xlink:to="loc_37" />
    <link:loc xlink:href="https://xbrl.ifrs.org/taxonomy/2023-03-23/full_ifrs/full_ifrs-cor_2023-03-23.xsd#ifrs-full_ExplanationOfEffectOfChangesInPlanToSellNoncurrentAssetOrDisposalGroupHeldForSaleOnResultsOfOperationsForCurrentPeriod" xlink:label="loc_38" xlink:type="locator" />
    <link:presentationArc xlink:type="arc" xlink:arcrole="http://www.xbrl.org/2003/arcrole/parent-child" order="120.0" xlink:from="loc_1" xlink:to="loc_38" />
    <link:loc xlink:href="https://xbrl.ifrs.org/taxonomy/2023-03-23/full_ifrs/full_ifrs-cor_2023-03-23.xsd#ifrs-full_ExplanationOfEffectOfChangesInPlanToSellNoncurrentAssetOrDisposalGroupHeldForSaleOnResultsOfOperationsForPriorPeriod" xlink:label="loc_39" xlink:type="locator" />
    <link:presentationArc xlink:type="arc" xlink:arcrole="http://www.xbrl.org/2003/arcrole/parent-child" order="130.0" xlink:from="loc_1" xlink:to="loc_39" />
    <link:loc xlink:href="https://xbrl.ifrs.org/taxonomy/2023-03-23/full_ifrs/full_ifrs-cor_2023-03-23.xsd#ifrs-full_DescriptionOfChangesInPlanToSellNoncurrentAssetOrDisposalGroupHeldForSale" xlink:label="loc_40" xlink:type="locator" />
    <link:presentationArc xlink:type="arc" xlink:arcrole="http://www.xbrl.org/2003/arcrole/parent-child" order="140.0" xlink:from="loc_1" xlink:to="loc_40" />
  </link:presentationLink>
</link:linkbase>
