<?xml version="1.0" encoding="UTF-8"?>
<!--  Companies & Intellectual Property Commission  -->
<link:linkbase xmlns:link="http://www.xbrl.org/2003/linkbase" xmlns:xbrldt="http://xbrl.org/2005/xbrldt" xmlns:xlink="http://www.w3.org/1999/xlink" xmlns:xsi="http://www.w3.org/2001/XMLSchema-instance" xsi:schemaLocation="http://www.xbrl.org/2003/linkbase http://www.xbrl.org/2003/xbrl-linkbase-2003-12-31.xsd http://www.w3.org/1999/xlink http://www.xbrl.org/2003/xlink-2003-12-31.xsd">
  <link:arcroleRef arcroleURI="http://xbrl.org/int/dim/arcrole/dimension-default" xlink:type="simple" xlink:href="http://www.xbrl.org/2005/xbrldt-2005.xsd#dimension-default" />
  <link:roleRef roleURI="http://xbrl.cipc.co.za/taxonomy/role/dimensions/role/full_ifrs_role_990000" xlink:type="simple" xlink:href="rol_cipc-full-ifrs-dim_2023-09-30.xsd#cipc-dim_2023-09-30_role-990000" />
  <link:definitionLink xlink:role="http://xbrl.cipc.co.za/taxonomy/role/dimensions/role/full_ifrs_role_990000" xlink:type="extended">
    <link:loc xlink:href="https://xbrl.ifrs.org/taxonomy/2023-03-23/full_ifrs/full_ifrs-cor_2023-03-23.xsd#ifrs-full_TypesOfNoncurrentLiabilitiesWithCovenantsMember" xlink:label="TypesOfNoncurrentLiabilitiesWithCovenantsMember" xlink:type="locator"/>
    <link:loc xlink:href="https://xbrl.ifrs.org/taxonomy/2023-03-23/full_ifrs/full_ifrs-cor_2023-03-23.xsd#ifrs-full_TypesOfNoncurrentLiabilitiesWithCovenantsAxis" xlink:label="TypesOfNoncurrentLiabilitiesWithCovenantsAxis" xlink:type="locator"/>
    <link:definitionArc xlink:arcrole="http://xbrl.org/int/dim/arcrole/dimension-default" xlink:from="TypesOfNoncurrentLiabilitiesWithCovenantsAxis" xlink:to="TypesOfNoncurrentLiabilitiesWithCovenantsMember" xlink:type="arc"/>
	<link:loc xlink:type="locator" xlink:href="https://xbrl.ifrs.org/taxonomy/2023-03-23/full_ifrs/full_ifrs-cor_2023-03-23.xsd#ifrs-full_TypesOfAntidilutiveInstrumentsAxis" xlink:label="TypesOfAntidilutiveInstrumentsAxis"/>
    <link:loc xlink:type="locator" xlink:href="https://xbrl.ifrs.org/taxonomy/2023-03-23/full_ifrs/full_ifrs-cor_2023-03-23.xsd#ifrs-full_AntidilutiveInstrumentsMember" xlink:label="AntidilutiveInstrumentsMember"/>
    <link:definitionArc xlink:arcrole="http://xbrl.org/int/dim/arcrole/dimension-default" xlink:from="TypesOfAntidilutiveInstrumentsAxis" xlink:to="AntidilutiveInstrumentsMember" xlink:type="arc"/>
    <link:loc xlink:type="locator" xlink:href="https://xbrl.ifrs.org/taxonomy/2023-03-23/full_ifrs/full_ifrs-cor_2023-03-23.xsd#ifrs-full_ClassesOfOrdinarySharesAxis" xlink:label="ClassesOfOrdinarySharesAxis"/>
    <link:loc xlink:type="locator" xlink:href="https://xbrl.ifrs.org/taxonomy/2023-03-23/full_ifrs/full_ifrs-cor_2023-03-23.xsd#ifrs-full_OrdinarySharesMember" xlink:label="OrdinarySharesMember"/>
    <link:definitionArc xlink:type="arc" xlink:arcrole="http://xbrl.org/int/dim/arcrole/dimension-default" xlink:from="ClassesOfOrdinarySharesAxis" xlink:to="OrdinarySharesMember" order="1.0"/>
    <link:loc xlink:type="locator" xlink:href="https://xbrl.ifrs.org/taxonomy/2023-03-23/full_ifrs/full_ifrs-cor_2023-03-23.xsd#ifrs-full_ConsolidatedAndSeparateFinancialStatementsAxis" xlink:label="ConsolidatedAndSeparateFinancialStatementsAxis"/>
    <link:loc xlink:type="locator" xlink:href="https://xbrl.ifrs.org/taxonomy/2023-03-23/full_ifrs/full_ifrs-cor_2023-03-23.xsd#ifrs-full_ConsolidatedMember" xlink:label="ConsolidatedMember"/>
    <link:definitionArc xlink:type="arc" xlink:arcrole="http://xbrl.org/int/dim/arcrole/dimension-default" xlink:from="ConsolidatedAndSeparateFinancialStatementsAxis" xlink:to="ConsolidatedMember" order="1.0"/>
    <link:loc xlink:type="locator" xlink:href="https://xbrl.ifrs.org/taxonomy/2023-03-23/full_ifrs/full_ifrs-cor_2023-03-23.xsd#ifrs-full_AttributionOfExpensesByNatureToTheirFunctionAxis" xlink:label="AttributionOfExpensesByNatureToTheirFunctionAxis"/>
    <link:loc xlink:type="locator" xlink:href="https://xbrl.ifrs.org/taxonomy/2023-03-23/full_ifrs/full_ifrs-cor_2023-03-23.xsd#ifrs-full_LineItemsByFunctionMember" xlink:label="LineItemsByFunctionMember"/>
    <link:definitionArc xlink:type="arc" xlink:arcrole="http://xbrl.org/int/dim/arcrole/dimension-default" xlink:from="AttributionOfExpensesByNatureToTheirFunctionAxis" xlink:to="LineItemsByFunctionMember" order="1.0"/>
    <link:loc xlink:type="locator" xlink:href="https://xbrl.ifrs.org/taxonomy/2023-03-23/full_ifrs/full_ifrs-cor_2023-03-23.xsd#ifrs-full_CapitalRequirementsAxis" xlink:label="CapitalRequirementsAxis"/>
    <link:loc xlink:type="locator" xlink:href="https://xbrl.ifrs.org/taxonomy/2023-03-23/full_ifrs/full_ifrs-cor_2023-03-23.xsd#ifrs-full_CapitalRequirementsMember" xlink:label="CapitalRequirementsMember"/>
    <link:definitionArc xlink:type="arc" xlink:arcrole="http://xbrl.org/int/dim/arcrole/dimension-default" xlink:from="CapitalRequirementsAxis" xlink:to="CapitalRequirementsMember" order="1.0"/>
    <link:loc xlink:type="locator" xlink:href="https://xbrl.ifrs.org/taxonomy/2023-03-23/full_ifrs/full_ifrs-cor_2023-03-23.xsd#ifrs-full_MaturityAxis" xlink:label="MaturityAxis"/>
    <link:loc xlink:type="locator" xlink:href="https://xbrl.ifrs.org/taxonomy/2023-03-23/full_ifrs/full_ifrs-cor_2023-03-23.xsd#ifrs-full_AggregatedTimeBandsMember" xlink:label="AggregatedTimeBandsMember"/>
    <link:definitionArc xlink:type="arc" xlink:arcrole="http://xbrl.org/int/dim/arcrole/dimension-default" xlink:from="MaturityAxis" xlink:to="AggregatedTimeBandsMember" order="1.0"/>
    <link:loc xlink:type="locator" xlink:href="https://xbrl.ifrs.org/taxonomy/2023-03-23/full_ifrs/full_ifrs-cor_2023-03-23.xsd#ifrs-full_ReclassifiedItemsAxis" xlink:label="ReclassifiedItemsAxis"/>
    <link:loc xlink:type="locator" xlink:href="https://xbrl.ifrs.org/taxonomy/2023-03-23/full_ifrs/full_ifrs-cor_2023-03-23.xsd#ifrs-full_ReclassifiedItemsMember" xlink:label="ReclassifiedItemsMember"/>
    <link:definitionArc xlink:type="arc" xlink:arcrole="http://xbrl.org/int/dim/arcrole/dimension-default" xlink:from="ReclassifiedItemsAxis" xlink:to="ReclassifiedItemsMember" order="1.0"/>
    <link:loc xlink:type="locator" xlink:href="https://xbrl.ifrs.org/taxonomy/2023-03-23/full_ifrs/full_ifrs-cor_2023-03-23.xsd#ifrs-full_AssetsAndLiabilitiesAxis" xlink:label="AssetsAndLiabilitiesAxis"/>
    <link:loc xlink:type="locator" xlink:href="https://xbrl.ifrs.org/taxonomy/2023-03-23/full_ifrs/full_ifrs-cor_2023-03-23.xsd#ifrs-full_AssetsAndLiabilitiesMember" xlink:label="AssetsAndLiabilitiesMember"/>
    <link:definitionArc xlink:type="arc" xlink:arcrole="http://xbrl.org/int/dim/arcrole/dimension-default" xlink:from="AssetsAndLiabilitiesAxis" xlink:to="AssetsAndLiabilitiesMember" order="1.0"/>
    <link:loc xlink:type="locator" xlink:href="https://xbrl.ifrs.org/taxonomy/2023-03-23/full_ifrs/full_ifrs-cor_2023-03-23.xsd#ifrs-full_NewIFRSsAxis" xlink:label="NewIFRSsAxis"/>
    <link:loc xlink:type="locator" xlink:href="https://xbrl.ifrs.org/taxonomy/2023-03-23/full_ifrs/full_ifrs-cor_2023-03-23.xsd#ifrs-full_NewIFRSsMember" xlink:label="NewIFRSsMember"/>
    <link:definitionArc xlink:type="arc" xlink:arcrole="http://xbrl.org/int/dim/arcrole/dimension-default" xlink:from="NewIFRSsAxis" xlink:to="NewIFRSsMember" order="1.0"/>
    <link:loc xlink:type="locator" xlink:href="https://xbrl.ifrs.org/taxonomy/2023-03-23/full_ifrs/full_ifrs-cor_2023-03-23.xsd#ifrs-full_InitiallyAppliedIFRSsAxis" xlink:label="InitiallyAppliedIFRSsAxis"/>
    <link:loc xlink:type="locator" xlink:href="https://xbrl.ifrs.org/taxonomy/2023-03-23/full_ifrs/full_ifrs-cor_2023-03-23.xsd#ifrs-full_InitiallyAppliedIFRSsMember" xlink:label="InitiallyAppliedIFRSsMember"/>
    <link:definitionArc xlink:type="arc" xlink:arcrole="http://xbrl.org/int/dim/arcrole/dimension-default" xlink:from="InitiallyAppliedIFRSsAxis" xlink:to="InitiallyAppliedIFRSsMember" order="1.0"/>
    <link:loc xlink:type="locator" xlink:href="https://xbrl.ifrs.org/taxonomy/2023-03-23/full_ifrs/full_ifrs-cor_2023-03-23.xsd#ifrs-full_VoluntaryChangesInAccountingPolicyAxis" xlink:label="VoluntaryChangesInAccountingPolicyAxis"/>
    <link:loc xlink:type="locator" xlink:href="https://xbrl.ifrs.org/taxonomy/2023-03-23/full_ifrs/full_ifrs-cor_2023-03-23.xsd#ifrs-full_VoluntaryChangesInAccountingPolicyMember" xlink:label="VoluntaryChangesInAccountingPolicyMember"/>
    <link:definitionArc xlink:type="arc" xlink:arcrole="http://xbrl.org/int/dim/arcrole/dimension-default" xlink:from="VoluntaryChangesInAccountingPolicyAxis" xlink:to="VoluntaryChangesInAccountingPolicyMember" order="1.0"/>
    <link:loc xlink:type="locator" xlink:href="https://xbrl.ifrs.org/taxonomy/2023-03-23/full_ifrs/full_ifrs-cor_2023-03-23.xsd#ifrs-full_AccountingEstimatesAxis" xlink:label="AccountingEstimatesAxis"/>
    <link:loc xlink:type="locator" xlink:href="https://xbrl.ifrs.org/taxonomy/2023-03-23/full_ifrs/full_ifrs-cor_2023-03-23.xsd#ifrs-full_AccountingEstimatesMember" xlink:label="AccountingEstimatesMember"/>
    <link:definitionArc xlink:type="arc" xlink:arcrole="http://xbrl.org/int/dim/arcrole/dimension-default" xlink:from="AccountingEstimatesAxis" xlink:to="AccountingEstimatesMember" order="1.0"/>
    <link:loc xlink:type="locator" xlink:href="https://xbrl.ifrs.org/taxonomy/2023-03-23/full_ifrs/full_ifrs-cor_2023-03-23.xsd#ifrs-full_NonadjustingEventsAfterReportingPeriodAxis" xlink:label="NonadjustingEventsAfterReportingPeriodAxis"/>
    <link:loc xlink:type="locator" xlink:href="https://xbrl.ifrs.org/taxonomy/2023-03-23/full_ifrs/full_ifrs-cor_2023-03-23.xsd#ifrs-full_NonadjustingEventsMember" xlink:label="NonadjustingEventsMember"/>
    <link:definitionArc xlink:type="arc" xlink:arcrole="http://xbrl.org/int/dim/arcrole/dimension-default" xlink:from="NonadjustingEventsAfterReportingPeriodAxis" xlink:to="NonadjustingEventsMember" order="1.0"/>
    <link:loc xlink:type="locator" xlink:href="https://xbrl.ifrs.org/taxonomy/2023-03-23/full_ifrs/full_ifrs-cor_2023-03-23.xsd#ifrs-full_BusinessCombinationsAxis" xlink:label="BusinessCombinationsAxis"/>
    <link:loc xlink:type="locator" xlink:href="https://xbrl.ifrs.org/taxonomy/2023-03-23/full_ifrs/full_ifrs-cor_2023-03-23.xsd#ifrs-full_EntitysTotalForBusinessCombinationsMember" xlink:label="EntitysTotalForBusinessCombinationsMember"/>
    <link:definitionArc xlink:type="arc" xlink:arcrole="http://xbrl.org/int/dim/arcrole/dimension-default" xlink:from="BusinessCombinationsAxis" xlink:to="EntitysTotalForBusinessCombinationsMember" order="1.0"/>
    <link:loc xlink:type="locator" xlink:href="https://xbrl.ifrs.org/taxonomy/2023-03-23/full_ifrs/full_ifrs-cor_2023-03-23.xsd#ifrs-full_TransactionsRecognisedSeparatelyFromAcquisitionOfAssetsAndAssumptionOfLiabilitiesInBusinessCombinationAxis" xlink:label="TransactionsRecognisedSeparatelyFromAcquisitionOfAssetsAndAssumptionOfLiabilitiesInBusinessCombinationAxis"/>
    <link:loc xlink:type="locator" xlink:href="https://xbrl.ifrs.org/taxonomy/2023-03-23/full_ifrs/full_ifrs-cor_2023-03-23.xsd#ifrs-full_TransactionsRecognisedSeparatelyFromAcquisitionOfAssetsAndAssumptionOfLiabilitiesInBusinessCombinationMember" xlink:label="TransactionsRecognisedSeparatelyFromAcquisitionOfAssetsAndAssumptionOfLiabilitiesInBusinessCombinationMember"/>
    <link:definitionArc xlink:type="arc" xlink:arcrole="http://xbrl.org/int/dim/arcrole/dimension-default" xlink:from="TransactionsRecognisedSeparatelyFromAcquisitionOfAssetsAndAssumptionOfLiabilitiesInBusinessCombinationAxis" xlink:to="TransactionsRecognisedSeparatelyFromAcquisitionOfAssetsAndAssumptionOfLiabilitiesInBusinessCombinationMember" order="1.0"/>
    <link:loc xlink:type="locator" xlink:href="https://xbrl.ifrs.org/taxonomy/2023-03-23/full_ifrs/full_ifrs-cor_2023-03-23.xsd#ifrs-full_ClassesOfAcquiredReceivablesAxis" xlink:label="ClassesOfAcquiredReceivablesAxis"/>
    <link:loc xlink:type="locator" xlink:href="https://xbrl.ifrs.org/taxonomy/2023-03-23/full_ifrs/full_ifrs-cor_2023-03-23.xsd#ifrs-full_ClassesOfAcquiredReceivablesMember" xlink:label="ClassesOfAcquiredReceivablesMember"/>
    <link:definitionArc xlink:type="arc" xlink:arcrole="http://xbrl.org/int/dim/arcrole/dimension-default" xlink:from="ClassesOfAcquiredReceivablesAxis" xlink:to="ClassesOfAcquiredReceivablesMember" order="1.0"/>
    <link:loc xlink:type="locator" xlink:href="https://xbrl.ifrs.org/taxonomy/2023-03-23/full_ifrs/full_ifrs-cor_2023-03-23.xsd#ifrs-full_ClassesOfContingentLiabilitiesAxis" xlink:label="ClassesOfContingentLiabilitiesAxis"/>
    <link:loc xlink:type="locator" xlink:href="https://xbrl.ifrs.org/taxonomy/2023-03-23/full_ifrs/full_ifrs-cor_2023-03-23.xsd#ifrs-full_ContingentLiabilitiesMember" xlink:label="ContingentLiabilitiesMember"/>
    <link:definitionArc xlink:type="arc" xlink:arcrole="http://xbrl.org/int/dim/arcrole/dimension-default" xlink:from="ClassesOfContingentLiabilitiesAxis" xlink:to="ContingentLiabilitiesMember" order="1.0"/>
    <link:loc xlink:type="locator" xlink:href="https://xbrl.ifrs.org/taxonomy/2023-03-23/full_ifrs/full_ifrs-cor_2023-03-23.xsd#ifrs-full_ItemsOfContingentLiabilitiesAxis" xlink:label="ItemsOfContingentLiabilitiesAxis"/>
    <link:loc xlink:type="locator" xlink:href="https://xbrl.ifrs.org/taxonomy/2023-03-23/full_ifrs/full_ifrs-cor_2023-03-23.xsd#ifrs-full_ItemsOfContingentLiabilitiesMember" xlink:label="ItemsOfContingentLiabilitiesMember"/>
    <link:definitionArc xlink:type="arc" xlink:arcrole="http://xbrl.org/int/dim/arcrole/dimension-default" xlink:from="ItemsOfContingentLiabilitiesAxis" xlink:to="ItemsOfContingentLiabilitiesMember" order="1.0"/>
    <link:loc xlink:type="locator" xlink:href="https://xbrl.ifrs.org/taxonomy/2023-03-23/full_ifrs/full_ifrs-cor_2023-03-23.xsd#ifrs-full_CarryingAmountAccumulatedDepreciationAmortisationAndImpairmentAndGrossCarryingAmountAxis" xlink:label="CarryingAmountAccumulatedDepreciationAmortisationAndImpairmentAndGrossCarryingAmountAxis"/>
    <link:loc xlink:type="locator" xlink:href="https://xbrl.ifrs.org/taxonomy/2023-03-23/full_ifrs/full_ifrs-cor_2023-03-23.xsd#ifrs-full_CarryingAmountMember" xlink:label="CarryingAmountMember"/>
    <link:definitionArc xlink:type="arc" xlink:arcrole="http://xbrl.org/int/dim/arcrole/dimension-default" xlink:from="CarryingAmountAccumulatedDepreciationAmortisationAndImpairmentAndGrossCarryingAmountAxis" xlink:to="CarryingAmountMember" order="1.0"/>
    <link:loc xlink:type="locator" xlink:href="https://xbrl.ifrs.org/taxonomy/2023-03-23/full_ifrs/full_ifrs-cor_2023-03-23.xsd#ifrs-full_CategoriesOfRelatedPartiesAxis" xlink:label="CategoriesOfRelatedPartiesAxis"/>
    <link:loc xlink:type="locator" xlink:href="https://xbrl.ifrs.org/taxonomy/2023-03-23/full_ifrs/full_ifrs-cor_2023-03-23.xsd#ifrs-full_EntitysTotalForRelatedPartiesMember" xlink:label="EntitysTotalForRelatedPartiesMember"/>
    <link:definitionArc xlink:type="arc" xlink:arcrole="http://xbrl.org/int/dim/arcrole/dimension-default" xlink:from="CategoriesOfRelatedPartiesAxis" xlink:to="EntitysTotalForRelatedPartiesMember" order="1.0"/>
    <link:loc xlink:type="locator" xlink:href="https://xbrl.ifrs.org/taxonomy/2023-03-23/full_ifrs/full_ifrs-cor_2023-03-23.xsd#ifrs-full_SeparateManagementEntitiesAxis" xlink:label="SeparateManagementEntitiesAxis"/>
    <link:loc xlink:type="locator" xlink:href="https://xbrl.ifrs.org/taxonomy/2023-03-23/full_ifrs/full_ifrs-cor_2023-03-23.xsd#ifrs-full_SeparateManagementEntitiesMember" xlink:label="SeparateManagementEntitiesMember"/>
    <link:definitionArc xlink:type="arc" xlink:arcrole="http://xbrl.org/int/dim/arcrole/dimension-default" xlink:from="SeparateManagementEntitiesAxis" xlink:to="SeparateManagementEntitiesMember" order="1.0"/>
    <link:loc xlink:type="locator" xlink:href="https://xbrl.ifrs.org/taxonomy/2023-03-23/full_ifrs/full_ifrs-cor_2023-03-23.xsd#ifrs-full_FinancialEffectOfTransitionFromPreviousGAAPToIFRSsAxis" xlink:label="FinancialEffectOfTransitionFromPreviousGAAPToIFRSsAxis"/>
    <link:loc xlink:type="locator" xlink:href="https://xbrl.ifrs.org/taxonomy/2023-03-23/full_ifrs/full_ifrs-cor_2023-03-23.xsd#ifrs-full_IFRSsMember" xlink:label="IFRSsMember"/>
    <link:definitionArc xlink:type="arc" xlink:arcrole="http://xbrl.org/int/dim/arcrole/dimension-default" xlink:from="FinancialEffectOfTransitionFromPreviousGAAPToIFRSsAxis" xlink:to="IFRSsMember" order="1.0"/>
    <link:loc xlink:type="locator" xlink:href="https://xbrl.ifrs.org/taxonomy/2023-03-23/full_ifrs/full_ifrs-cor_2023-03-23.xsd#ifrs-full_RedesignationAxis" xlink:label="RedesignationAxis"/>
    <link:loc xlink:type="locator" xlink:href="https://xbrl.ifrs.org/taxonomy/2023-03-23/full_ifrs/full_ifrs-cor_2023-03-23.xsd#ifrs-full_RedesignatedMember" xlink:label="RedesignatedMember"/>
    <link:definitionArc xlink:type="arc" xlink:arcrole="http://xbrl.org/int/dim/arcrole/dimension-default" xlink:from="RedesignationAxis" xlink:to="RedesignatedMember" order="1.0"/>
    <link:loc xlink:type="locator" xlink:href="https://xbrl.ifrs.org/taxonomy/2023-03-23/full_ifrs/full_ifrs-cor_2023-03-23.xsd#ifrs-full_FairValueAsDeemedCostAxis" xlink:label="FairValueAsDeemedCostAxis"/>
    <link:loc xlink:type="locator" xlink:href="https://xbrl.ifrs.org/taxonomy/2023-03-23/full_ifrs/full_ifrs-cor_2023-03-23.xsd#ifrs-full_AggregateOfFairValuesMember" xlink:label="AggregateOfFairValuesMember"/>
    <link:definitionArc xlink:type="arc" xlink:arcrole="http://xbrl.org/int/dim/arcrole/dimension-default" xlink:from="FairValueAsDeemedCostAxis" xlink:to="AggregateOfFairValuesMember" order="1.0"/>
    <link:loc xlink:type="locator" xlink:href="https://xbrl.ifrs.org/taxonomy/2023-03-23/full_ifrs/full_ifrs-cor_2023-03-23.xsd#ifrs-full_ClassesOfPropertyPlantAndEquipmentAxis" xlink:label="ClassesOfPropertyPlantAndEquipmentAxis"/>
    <link:loc xlink:type="locator" xlink:href="https://xbrl.ifrs.org/taxonomy/2023-03-23/full_ifrs/full_ifrs-cor_2023-03-23.xsd#ifrs-full_PropertyPlantAndEquipmentMember" xlink:label="PropertyPlantAndEquipmentMember"/>
    <link:definitionArc xlink:type="arc" xlink:arcrole="http://xbrl.org/int/dim/arcrole/dimension-default" xlink:from="ClassesOfPropertyPlantAndEquipmentAxis" xlink:to="PropertyPlantAndEquipmentMember" order="1.0"/>
    <link:loc xlink:type="locator" xlink:href="https://xbrl.ifrs.org/taxonomy/2023-03-23/full_ifrs/full_ifrs-cor_2023-03-23.xsd#ifrs-full_PropertyPlantAndEquipmentByOperatingLeaseStatusAxis" xlink:label="PropertyPlantAndEquipmentByOperatingLeaseStatusAxis"/>
    <link:loc xlink:type="locator" xlink:href="https://xbrl.ifrs.org/taxonomy/2023-03-23/full_ifrs/full_ifrs-cor_2023-03-23.xsd#ifrs-full_PropertyPlantAndEquipmentByOperatingLeaseStatusMember" xlink:label="PropertyPlantAndEquipmentByOperatingLeaseStatusMember"/>
    <link:definitionArc xlink:type="arc" xlink:arcrole="http://xbrl.org/int/dim/arcrole/dimension-default" xlink:from="PropertyPlantAndEquipmentByOperatingLeaseStatusAxis" xlink:to="PropertyPlantAndEquipmentByOperatingLeaseStatusMember" order="1.0"/>
    <link:loc xlink:type="locator" xlink:href="https://xbrl.ifrs.org/taxonomy/2023-03-23/full_ifrs/full_ifrs-cor_2023-03-23.xsd#ifrs-full_ClassesOfFinancialAssetsAxis" xlink:label="ClassesOfFinancialAssetsAxis"/>
    <link:loc xlink:type="locator" xlink:href="https://xbrl.ifrs.org/taxonomy/2023-03-23/full_ifrs/full_ifrs-cor_2023-03-23.xsd#ifrs-full_FinancialAssetsMember" xlink:label="FinancialAssetsMember"/>
    <link:definitionArc xlink:type="arc" xlink:arcrole="http://xbrl.org/int/dim/arcrole/dimension-default" xlink:from="ClassesOfFinancialAssetsAxis" xlink:to="FinancialAssetsMember" order="1.0"/>
    <link:loc xlink:type="locator" xlink:href="https://xbrl.ifrs.org/taxonomy/2023-03-23/full_ifrs/full_ifrs-cor_2023-03-23.xsd#ifrs-full_CategoriesOfFinancialAssetsAxis" xlink:label="CategoriesOfFinancialAssetsAxis"/>
    <link:loc xlink:type="locator" xlink:href="https://xbrl.ifrs.org/taxonomy/2023-03-23/full_ifrs/full_ifrs-cor_2023-03-23.xsd#ifrs-full_FinancialAssetsCategoryMember" xlink:label="FinancialAssetsCategoryMember"/>
    <link:definitionArc xlink:type="arc" xlink:arcrole="http://xbrl.org/int/dim/arcrole/dimension-default" xlink:from="CategoriesOfFinancialAssetsAxis" xlink:to="FinancialAssetsCategoryMember" order="1.0"/>
    <link:loc xlink:type="locator" xlink:href="https://xbrl.ifrs.org/taxonomy/2023-03-23/full_ifrs/full_ifrs-cor_2023-03-23.xsd#ifrs-full_ClassesOfFinancialLiabilitiesAxis" xlink:label="ClassesOfFinancialLiabilitiesAxis"/>
    <link:loc xlink:type="locator" xlink:href="https://xbrl.ifrs.org/taxonomy/2023-03-23/full_ifrs/full_ifrs-cor_2023-03-23.xsd#ifrs-full_FinancialLiabilitiesMember" xlink:label="FinancialLiabilitiesMember"/>
    <link:definitionArc xlink:type="arc" xlink:arcrole="http://xbrl.org/int/dim/arcrole/dimension-default" xlink:from="ClassesOfFinancialLiabilitiesAxis" xlink:to="FinancialLiabilitiesMember" order="1.0"/>
    <link:loc xlink:type="locator" xlink:href="https://xbrl.ifrs.org/taxonomy/2023-03-23/full_ifrs/full_ifrs-cor_2023-03-23.xsd#ifrs-full_CategoriesOfFinancialLiabilitiesAxis" xlink:label="CategoriesOfFinancialLiabilitiesAxis"/>
    <link:loc xlink:type="locator" xlink:href="https://xbrl.ifrs.org/taxonomy/2023-03-23/full_ifrs/full_ifrs-cor_2023-03-23.xsd#ifrs-full_FinancialLiabilitiesCategoryMember" xlink:label="FinancialLiabilitiesCategoryMember"/>
    <link:definitionArc xlink:type="arc" xlink:arcrole="http://xbrl.org/int/dim/arcrole/dimension-default" xlink:from="CategoriesOfFinancialLiabilitiesAxis" xlink:to="FinancialLiabilitiesCategoryMember" order="1.0"/>
    <link:loc xlink:type="locator" xlink:href="https://xbrl.ifrs.org/taxonomy/2023-03-23/full_ifrs/full_ifrs-cor_2023-03-23.xsd#ifrs-full_FinancialAssetsWhichDoNotQualifyForDerecognitionAxis" xlink:label="FinancialAssetsWhichDoNotQualifyForDerecognitionAxis"/>
    <link:loc xlink:type="locator" xlink:href="https://xbrl.ifrs.org/taxonomy/2023-03-23/full_ifrs/full_ifrs-cor_2023-03-23.xsd#ifrs-full_FinancialAssetsWhichDoNotQualifyForDerecognitionMember" xlink:label="FinancialAssetsWhichDoNotQualifyForDerecognitionMember"/>
    <link:definitionArc xlink:type="arc" xlink:arcrole="http://xbrl.org/int/dim/arcrole/dimension-default" xlink:from="FinancialAssetsWhichDoNotQualifyForDerecognitionAxis" xlink:to="FinancialAssetsWhichDoNotQualifyForDerecognitionMember" order="1.0"/>
    <link:loc xlink:type="locator" xlink:href="https://xbrl.ifrs.org/taxonomy/2023-03-23/full_ifrs/full_ifrs-cor_2023-03-23.xsd#ifrs-full_ClassesOfFinancialInstrumentsAxis" xlink:label="ClassesOfFinancialInstrumentsAxis"/>
    <link:loc xlink:type="locator" xlink:href="https://xbrl.ifrs.org/taxonomy/2023-03-23/full_ifrs/full_ifrs-cor_2023-03-23.xsd#ifrs-full_ClassesOfFinancialInstrumentsMember" xlink:label="ClassesOfFinancialInstrumentsMember"/>
    <link:definitionArc xlink:type="arc" xlink:arcrole="http://xbrl.org/int/dim/arcrole/dimension-default" xlink:from="ClassesOfFinancialInstrumentsAxis" xlink:to="ClassesOfFinancialInstrumentsMember" order="1.0"/>
    <link:loc xlink:type="locator" xlink:href="https://xbrl.ifrs.org/taxonomy/2023-03-23/full_ifrs/full_ifrs-cor_2023-03-23.xsd#ifrs-full_ImpairmentOfFinancialAssetsAxis" xlink:label="ImpairmentOfFinancialAssetsAxis"/>
    <link:loc xlink:type="locator" xlink:href="https://xbrl.ifrs.org/taxonomy/2023-03-23/full_ifrs/full_ifrs-cor_2023-03-23.xsd#ifrs-full_EntitysTotalForImpairmentOfFinancialAssetsMember" xlink:label="EntitysTotalForImpairmentOfFinancialAssetsMember"/>
    <link:definitionArc xlink:type="arc" xlink:arcrole="http://xbrl.org/int/dim/arcrole/dimension-default" xlink:from="ImpairmentOfFinancialAssetsAxis" xlink:to="EntitysTotalForImpairmentOfFinancialAssetsMember" order="1.0"/>
    <link:loc xlink:type="locator" xlink:href="https://xbrl.ifrs.org/taxonomy/2023-03-23/full_ifrs/full_ifrs-cor_2023-03-23.xsd#ifrs-full_PastDueStatusAxis" xlink:label="PastDueStatusAxis"/>
    <link:loc xlink:type="locator" xlink:href="https://xbrl.ifrs.org/taxonomy/2023-03-23/full_ifrs/full_ifrs-cor_2023-03-23.xsd#ifrs-full_PastDueStatusMember" xlink:label="PastDueStatusMember"/>
    <link:definitionArc xlink:type="arc" xlink:arcrole="http://xbrl.org/int/dim/arcrole/dimension-default" xlink:from="PastDueStatusAxis" xlink:to="PastDueStatusMember" order="1.0"/>
    <link:loc xlink:type="locator" xlink:href="https://xbrl.ifrs.org/taxonomy/2023-03-23/full_ifrs/full_ifrs-cor_2023-03-23.xsd#ifrs-full_TypesOfHedgesAxis" xlink:label="TypesOfHedgesAxis"/>
    <link:loc xlink:type="locator" xlink:href="https://xbrl.ifrs.org/taxonomy/2023-03-23/full_ifrs/full_ifrs-cor_2023-03-23.xsd#ifrs-full_TypesOfHedgesMember" xlink:label="TypesOfHedgesMember"/>
    <link:definitionArc xlink:type="arc" xlink:arcrole="http://xbrl.org/int/dim/arcrole/dimension-default" xlink:from="TypesOfHedgesAxis" xlink:to="TypesOfHedgesMember" order="1.0"/>
    <link:loc xlink:type="locator" xlink:href="https://xbrl.ifrs.org/taxonomy/2023-03-23/full_ifrs/full_ifrs-cor_2023-03-23.xsd#ifrs-full_TypesOfRisksAxis" xlink:label="TypesOfRisksAxis"/>
    <link:loc xlink:type="locator" xlink:href="https://xbrl.ifrs.org/taxonomy/2023-03-23/full_ifrs/full_ifrs-cor_2023-03-23.xsd#ifrs-full_TypesOfRisksMember" xlink:label="TypesOfRisksMember"/>
    <link:definitionArc xlink:type="arc" xlink:arcrole="http://xbrl.org/int/dim/arcrole/dimension-default" xlink:from="TypesOfRisksAxis" xlink:to="TypesOfRisksMember" order="1.0"/>
    <link:loc xlink:type="locator" xlink:href="https://xbrl.ifrs.org/taxonomy/2023-03-23/full_ifrs/full_ifrs-cor_2023-03-23.xsd#ifrs-full_ContinuingInvolvementInDerecognisedFinancialAssetsByTypeOfInstrumentAxis" xlink:label="ContinuingInvolvementInDerecognisedFinancialAssetsByTypeOfInstrumentAxis"/>
    <link:loc xlink:type="locator" xlink:href="https://xbrl.ifrs.org/taxonomy/2023-03-23/full_ifrs/full_ifrs-cor_2023-03-23.xsd#ifrs-full_TypesOfInstrumentMember" xlink:label="TypesOfInstrumentMember"/>
    <link:definitionArc xlink:type="arc" xlink:arcrole="http://xbrl.org/int/dim/arcrole/dimension-default" xlink:from="ContinuingInvolvementInDerecognisedFinancialAssetsByTypeOfInstrumentAxis" xlink:to="TypesOfInstrumentMember" order="1.0"/>
    <link:loc xlink:type="locator" xlink:href="https://xbrl.ifrs.org/taxonomy/2023-03-23/full_ifrs/full_ifrs-cor_2023-03-23.xsd#ifrs-full_ContinuingInvolvementInDerecognisedFinancialAssetsByTypeOfTransferAxis" xlink:label="ContinuingInvolvementInDerecognisedFinancialAssetsByTypeOfTransferAxis"/>
    <link:loc xlink:type="locator" xlink:href="https://xbrl.ifrs.org/taxonomy/2023-03-23/full_ifrs/full_ifrs-cor_2023-03-23.xsd#ifrs-full_TypesOfTransferMember" xlink:label="TypesOfTransferMember"/>
    <link:definitionArc xlink:type="arc" xlink:arcrole="http://xbrl.org/int/dim/arcrole/dimension-default" xlink:from="ContinuingInvolvementInDerecognisedFinancialAssetsByTypeOfTransferAxis" xlink:to="TypesOfTransferMember" order="1.0"/>
    <link:loc xlink:type="locator" xlink:href="https://xbrl.ifrs.org/taxonomy/2023-03-23/full_ifrs/full_ifrs-cor_2023-03-23.xsd#ifrs-full_InvestmentsInEquityInstrumentsMeasuredAtFairValueThroughOtherComprehensiveIncomeAxis" xlink:label="InvestmentsInEquityInstrumentsMeasuredAtFairValueThroughOtherComprehensiveIncomeAxis"/>
    <link:loc xlink:type="locator" xlink:href="https://xbrl.ifrs.org/taxonomy/2023-03-23/full_ifrs/full_ifrs-cor_2023-03-23.xsd#ifrs-full_InvestmentsInEquityInstrumentsMeasuredAtFairValueThroughOtherComprehensiveIncomeMember" xlink:label="InvestmentsInEquityInstrumentsMeasuredAtFairValueThroughOtherComprehensiveIncomeMember"/>
    <link:definitionArc xlink:type="arc" xlink:arcrole="http://xbrl.org/int/dim/arcrole/dimension-default" xlink:from="InvestmentsInEquityInstrumentsMeasuredAtFairValueThroughOtherComprehensiveIncomeAxis" xlink:to="InvestmentsInEquityInstrumentsMeasuredAtFairValueThroughOtherComprehensiveIncomeMember" order="1.0"/>
    <link:loc xlink:type="locator" xlink:href="https://xbrl.ifrs.org/taxonomy/2023-03-23/full_ifrs/full_ifrs-cor_2023-03-23.xsd#ifrs-full_ExternalCreditGradesAxis" xlink:label="ExternalCreditGradesAxis"/>
    <link:loc xlink:type="locator" xlink:href="https://xbrl.ifrs.org/taxonomy/2023-03-23/full_ifrs/full_ifrs-cor_2023-03-23.xsd#ifrs-full_EntitysTotalForExternalCreditGradesMember" xlink:label="EntitysTotalForExternalCreditGradesMember"/>
    <link:definitionArc xlink:type="arc" xlink:arcrole="http://xbrl.org/int/dim/arcrole/dimension-default" xlink:from="ExternalCreditGradesAxis" xlink:to="EntitysTotalForExternalCreditGradesMember" order="1.0"/>
    <link:loc xlink:type="locator" xlink:href="https://xbrl.ifrs.org/taxonomy/2023-03-23/full_ifrs/full_ifrs-cor_2023-03-23.xsd#ifrs-full_InternalCreditGradesAxis" xlink:label="InternalCreditGradesAxis"/>
    <link:loc xlink:type="locator" xlink:href="https://xbrl.ifrs.org/taxonomy/2023-03-23/full_ifrs/full_ifrs-cor_2023-03-23.xsd#ifrs-full_EntitysTotalForInternalCreditGradesMember" xlink:label="EntitysTotalForInternalCreditGradesMember"/>
    <link:definitionArc xlink:type="arc" xlink:arcrole="http://xbrl.org/int/dim/arcrole/dimension-default" xlink:from="InternalCreditGradesAxis" xlink:to="EntitysTotalForInternalCreditGradesMember" order="1.0"/>
    <link:loc xlink:type="locator" xlink:href="https://xbrl.ifrs.org/taxonomy/2023-03-23/full_ifrs/full_ifrs-cor_2023-03-23.xsd#ifrs-full_TypesOfFinancialAssetsAxis" xlink:label="TypesOfFinancialAssetsAxis"/>
    <link:loc xlink:type="locator" xlink:href="https://xbrl.ifrs.org/taxonomy/2023-03-23/full_ifrs/full_ifrs-cor_2023-03-23.xsd#ifrs-full_FinancialAssetsTypeMember" xlink:label="FinancialAssetsTypeMember"/>
    <link:definitionArc xlink:type="arc" xlink:arcrole="http://xbrl.org/int/dim/arcrole/dimension-default" xlink:from="TypesOfFinancialAssetsAxis" xlink:to="FinancialAssetsTypeMember" order="1.0"/>
    <link:loc xlink:type="locator" xlink:href="https://xbrl.ifrs.org/taxonomy/2023-03-23/full_ifrs/full_ifrs-cor_2023-03-23.xsd#ifrs-full_CounterpartiesAxis" xlink:label="CounterpartiesAxis"/>
    <link:loc xlink:type="locator" xlink:href="https://xbrl.ifrs.org/taxonomy/2023-03-23/full_ifrs/full_ifrs-cor_2023-03-23.xsd#ifrs-full_CounterpartiesMember" xlink:label="CounterpartiesMember"/>
    <link:definitionArc xlink:type="arc" xlink:arcrole="http://xbrl.org/int/dim/arcrole/dimension-default" xlink:from="CounterpartiesAxis" xlink:to="CounterpartiesMember" order="1.0"/>
    <link:loc xlink:type="locator" xlink:href="https://xbrl.ifrs.org/taxonomy/2023-03-23/full_ifrs/full_ifrs-cor_2023-03-23.xsd#ifrs-full_TypesOfFinancialLiabilitiesAxis" xlink:label="TypesOfFinancialLiabilitiesAxis"/>
    <link:loc xlink:type="locator" xlink:href="https://xbrl.ifrs.org/taxonomy/2023-03-23/full_ifrs/full_ifrs-cor_2023-03-23.xsd#ifrs-full_FinancialLiabilitiesTypeMember" xlink:label="FinancialLiabilitiesTypeMember"/>
    <link:definitionArc xlink:type="arc" xlink:arcrole="http://xbrl.org/int/dim/arcrole/dimension-default" xlink:from="TypesOfFinancialLiabilitiesAxis" xlink:to="FinancialLiabilitiesTypeMember" order="1.0"/>
    <link:loc xlink:type="locator" xlink:href="https://xbrl.ifrs.org/taxonomy/2023-03-23/full_ifrs/full_ifrs-cor_2023-03-23.xsd#ifrs-full_TypesOfInterestRatesAxis" xlink:label="TypesOfInterestRatesAxis"/>
    <link:loc xlink:type="locator" xlink:href="https://xbrl.ifrs.org/taxonomy/2023-03-23/full_ifrs/full_ifrs-cor_2023-03-23.xsd#ifrs-full_InterestRateTypesMember" xlink:label="InterestRateTypesMember"/>
    <link:definitionArc xlink:type="arc" xlink:arcrole="http://xbrl.org/int/dim/arcrole/dimension-default" xlink:from="TypesOfInterestRatesAxis" xlink:to="InterestRateTypesMember" order="1.0"/>
    <link:loc xlink:type="locator" xlink:href="https://xbrl.ifrs.org/taxonomy/2023-03-23/full_ifrs/full_ifrs-cor_2023-03-23.xsd#ifrs-full_HedgingInstrumentsAxis" xlink:label="HedgingInstrumentsAxis"/>
    <link:loc xlink:type="locator" xlink:href="https://xbrl.ifrs.org/taxonomy/2023-03-23/full_ifrs/full_ifrs-cor_2023-03-23.xsd#ifrs-full_HedgingInstrumentsMember" xlink:label="HedgingInstrumentsMember"/>
    <link:definitionArc xlink:type="arc" xlink:arcrole="http://xbrl.org/int/dim/arcrole/dimension-default" xlink:from="HedgingInstrumentsAxis" xlink:to="HedgingInstrumentsMember" order="1.0"/>
    <link:loc xlink:type="locator" xlink:href="https://xbrl.ifrs.org/taxonomy/2023-03-23/full_ifrs/full_ifrs-cor_2023-03-23.xsd#ifrs-full_HedgedItemsAxis" xlink:label="HedgedItemsAxis"/>
    <link:loc xlink:type="locator" xlink:href="https://xbrl.ifrs.org/taxonomy/2023-03-23/full_ifrs/full_ifrs-cor_2023-03-23.xsd#ifrs-full_HedgedItemsMember" xlink:label="HedgedItemsMember"/>
    <link:definitionArc xlink:type="arc" xlink:arcrole="http://xbrl.org/int/dim/arcrole/dimension-default" xlink:from="HedgedItemsAxis" xlink:to="HedgedItemsMember" order="1.0"/>
    <link:loc xlink:type="locator" xlink:href="https://xbrl.ifrs.org/taxonomy/2023-03-23/full_ifrs/full_ifrs-cor_2023-03-23.xsd#ifrs-full_FinancialInstrumentsMeasuredAtFairValueThroughProfitOrLossBecauseCreditDerivativeIsUsedToManageCreditRiskAxis" xlink:label="FinancialInstrumentsMeasuredAtFairValueThroughProfitOrLossBecauseCreditDerivativeIsUsedToManageCreditRiskAxis"/>
    <link:loc xlink:type="locator" xlink:href="https://xbrl.ifrs.org/taxonomy/2023-03-23/full_ifrs/full_ifrs-cor_2023-03-23.xsd#ifrs-full_FinancialInstrumentsMeasuredAtFairValueThroughProfitOrLossBecauseCreditDerivativeIsUsedToManageCreditRiskMember" xlink:label="FinancialInstrumentsMeasuredAtFairValueThroughProfitOrLossBecauseCreditDerivativeIsUsedToManageCreditRiskMember"/>
    <link:definitionArc xlink:type="arc" xlink:arcrole="http://xbrl.org/int/dim/arcrole/dimension-default" xlink:from="FinancialInstrumentsMeasuredAtFairValueThroughProfitOrLossBecauseCreditDerivativeIsUsedToManageCreditRiskAxis" xlink:to="FinancialInstrumentsMeasuredAtFairValueThroughProfitOrLossBecauseCreditDerivativeIsUsedToManageCreditRiskMember" order="1.0"/>
    <link:loc xlink:type="locator" xlink:href="https://xbrl.ifrs.org/taxonomy/2023-03-23/full_ifrs/full_ifrs-cor_2023-03-23.xsd#ifrs-full_BorrowingsByNameAxis" xlink:label="BorrowingsByNameAxis"/>
    <link:loc xlink:type="locator" xlink:href="https://xbrl.ifrs.org/taxonomy/2023-03-23/full_ifrs/full_ifrs-cor_2023-03-23.xsd#ifrs-full_BorrowingsByNameMember" xlink:label="BorrowingsByNameMember"/>
    <link:definitionArc xlink:type="arc" xlink:arcrole="http://xbrl.org/int/dim/arcrole/dimension-default" xlink:from="BorrowingsByNameAxis" xlink:to="BorrowingsByNameMember" order="1.0"/>
    <link:loc xlink:type="locator" xlink:href="https://xbrl.ifrs.org/taxonomy/2023-03-23/full_ifrs/full_ifrs-cor_2023-03-23.xsd#ifrs-full_RangeAxis" xlink:label="RangeAxis"/>
    <link:loc xlink:type="locator" xlink:href="https://xbrl.ifrs.org/taxonomy/2023-03-23/full_ifrs/full_ifrs-cor_2023-03-23.xsd#ifrs-full_RangesMember" xlink:label="RangesMember"/>
    <link:definitionArc xlink:type="arc" xlink:arcrole="http://xbrl.org/int/dim/arcrole/dimension-default" xlink:from="RangeAxis" xlink:to="RangesMember" order="1.0"/>
    <link:loc xlink:type="locator" xlink:href="https://xbrl.ifrs.org/taxonomy/2023-03-23/full_ifrs/full_ifrs-cor_2023-03-23.xsd#ifrs-full_EventsOfReclassificationOfFinancialAssetsAxis" xlink:label="EventsOfReclassificationOfFinancialAssetsAxis"/>
    <link:loc xlink:type="locator" xlink:href="https://xbrl.ifrs.org/taxonomy/2023-03-23/full_ifrs/full_ifrs-cor_2023-03-23.xsd#ifrs-full_EventsOfReclassificationOfFinancialAssetsMember" xlink:label="EventsOfReclassificationOfFinancialAssetsMember"/>
    <link:definitionArc xlink:type="arc" xlink:arcrole="http://xbrl.org/int/dim/arcrole/dimension-default" xlink:from="EventsOfReclassificationOfFinancialAssetsAxis" xlink:to="EventsOfReclassificationOfFinancialAssetsMember" order="1.0"/>
    <link:loc xlink:type="locator" xlink:href="https://xbrl.ifrs.org/taxonomy/2023-03-23/full_ifrs/full_ifrs-cor_2023-03-23.xsd#ifrs-full_TypeOfMeasurementOfExpectedCreditLossesAxis" xlink:label="TypeOfMeasurementOfExpectedCreditLossesAxis"/>
    <link:loc xlink:type="locator" xlink:href="https://xbrl.ifrs.org/taxonomy/2023-03-23/full_ifrs/full_ifrs-cor_2023-03-23.xsd#ifrs-full_TypeOfMeasurementOfExpectedCreditLossesMember" xlink:label="TypeOfMeasurementOfExpectedCreditLossesMember"/>
    <link:definitionArc xlink:type="arc" xlink:arcrole="http://xbrl.org/int/dim/arcrole/dimension-default" xlink:from="TypeOfMeasurementOfExpectedCreditLossesAxis" xlink:to="TypeOfMeasurementOfExpectedCreditLossesMember" order="1.0"/>
    <link:loc xlink:type="locator" xlink:href="https://xbrl.ifrs.org/taxonomy/2023-03-23/full_ifrs/full_ifrs-cor_2023-03-23.xsd#ifrs-full_MethodOfAssessmentOfExpectedCreditLossesAxis" xlink:label="MethodOfAssessmentOfExpectedCreditLossesAxis"/>
    <link:loc xlink:type="locator" xlink:href="https://xbrl.ifrs.org/taxonomy/2023-03-23/full_ifrs/full_ifrs-cor_2023-03-23.xsd#ifrs-full_MethodOfAssessmentOfExpectedCreditLossesMember" xlink:label="MethodOfAssessmentOfExpectedCreditLossesMember"/>
    <link:definitionArc xlink:type="arc" xlink:arcrole="http://xbrl.org/int/dim/arcrole/dimension-default" xlink:from="MethodOfAssessmentOfExpectedCreditLossesAxis" xlink:to="MethodOfAssessmentOfExpectedCreditLossesMember" order="1.0"/>
    <link:loc xlink:type="locator" xlink:href="https://xbrl.ifrs.org/taxonomy/2023-03-23/full_ifrs/full_ifrs-cor_2023-03-23.xsd#ifrs-full_CreditImpairmentOfFinancialInstrumentsAxis" xlink:label="CreditImpairmentOfFinancialInstrumentsAxis"/>
    <link:loc xlink:type="locator" xlink:href="https://xbrl.ifrs.org/taxonomy/2023-03-23/full_ifrs/full_ifrs-cor_2023-03-23.xsd#ifrs-full_CreditImpairmentOfFinancialInstrumentsMember" xlink:label="CreditImpairmentOfFinancialInstrumentsMember"/>
    <link:definitionArc xlink:type="arc" xlink:arcrole="http://xbrl.org/int/dim/arcrole/dimension-default" xlink:from="CreditImpairmentOfFinancialInstrumentsAxis" xlink:to="CreditImpairmentOfFinancialInstrumentsMember" order="1.0"/>
    <link:loc xlink:type="locator" xlink:href="https://xbrl.ifrs.org/taxonomy/2023-03-23/full_ifrs/full_ifrs-cor_2023-03-23.xsd#ifrs-full_ProbabilityOfDefaultAxis" xlink:label="ProbabilityOfDefaultAxis"/>
    <link:loc xlink:type="locator" xlink:href="https://xbrl.ifrs.org/taxonomy/2023-03-23/full_ifrs/full_ifrs-cor_2023-03-23.xsd#ifrs-full_EntitysTotalForProbabilityOfDefaultMember" xlink:label="EntitysTotalForProbabilityOfDefaultMember"/>
    <link:definitionArc xlink:type="arc" xlink:arcrole="http://xbrl.org/int/dim/arcrole/dimension-default" xlink:from="ProbabilityOfDefaultAxis" xlink:to="EntitysTotalForProbabilityOfDefaultMember" order="1.0"/>
    <link:loc xlink:type="locator" xlink:href="https://xbrl.ifrs.org/taxonomy/2023-03-23/full_ifrs/full_ifrs-cor_2023-03-23.xsd#ifrs-full_InterestRateBenchmarksAxis" xlink:label="InterestRateBenchmarksAxis"/>
    <link:loc xlink:type="locator" xlink:href="https://xbrl.ifrs.org/taxonomy/2023-03-23/full_ifrs/full_ifrs-cor_2023-03-23.xsd#ifrs-full_InterestRateBenchmarksMember" xlink:label="InterestRateBenchmarksMember"/>
    <link:definitionArc xlink:type="arc" xlink:arcrole="http://xbrl.org/int/dim/arcrole/dimension-default" xlink:from="InterestRateBenchmarksAxis" xlink:to="InterestRateBenchmarksMember" order="1.0"/>
    <link:loc xlink:type="locator" xlink:href="https://xbrl.ifrs.org/taxonomy/2023-03-23/full_ifrs/full_ifrs-cor_2023-03-23.xsd#ifrs-full_MeasurementAxis" xlink:label="MeasurementAxis"/>
    <link:loc xlink:type="locator" xlink:href="https://xbrl.ifrs.org/taxonomy/2023-03-23/full_ifrs/full_ifrs-cor_2023-03-23.xsd#ifrs-full_AggregatedMeasurementMember" xlink:label="AggregatedMeasurementMember"/>
    <link:definitionArc xlink:type="arc" xlink:arcrole="http://xbrl.org/int/dim/arcrole/dimension-default" xlink:from="MeasurementAxis" xlink:to="AggregatedMeasurementMember" order="1.0"/>
    <link:loc xlink:type="locator" xlink:href="https://xbrl.ifrs.org/taxonomy/2023-03-23/full_ifrs/full_ifrs-cor_2023-03-23.xsd#ifrs-full_ClassesOfAssetsAxis" xlink:label="ClassesOfAssetsAxis"/>
    <link:loc xlink:type="locator" xlink:href="https://xbrl.ifrs.org/taxonomy/2023-03-23/full_ifrs/full_ifrs-cor_2023-03-23.xsd#ifrs-full_ClassesOfAssetsMember" xlink:label="ClassesOfAssetsMember"/>
    <link:definitionArc xlink:type="arc" xlink:arcrole="http://xbrl.org/int/dim/arcrole/dimension-default" xlink:from="ClassesOfAssetsAxis" xlink:to="ClassesOfAssetsMember" order="1.0"/>
    <link:loc xlink:type="locator" xlink:href="https://xbrl.ifrs.org/taxonomy/2023-03-23/full_ifrs/full_ifrs-cor_2023-03-23.xsd#ifrs-full_LevelsOfFairValueHierarchyAxis" xlink:label="LevelsOfFairValueHierarchyAxis"/>
    <link:loc xlink:type="locator" xlink:href="https://xbrl.ifrs.org/taxonomy/2023-03-23/full_ifrs/full_ifrs-cor_2023-03-23.xsd#ifrs-full_AllLevelsOfFairValueHierarchyMember" xlink:label="AllLevelsOfFairValueHierarchyMember"/>
    <link:definitionArc xlink:type="arc" xlink:arcrole="http://xbrl.org/int/dim/arcrole/dimension-default" xlink:from="LevelsOfFairValueHierarchyAxis" xlink:to="AllLevelsOfFairValueHierarchyMember" order="1.0"/>
    <link:loc xlink:type="locator" xlink:href="https://xbrl.ifrs.org/taxonomy/2023-03-23/full_ifrs/full_ifrs-cor_2023-03-23.xsd#ifrs-full_ClassesOfLiabilitiesAxis" xlink:label="ClassesOfLiabilitiesAxis"/>
    <link:loc xlink:type="locator" xlink:href="https://xbrl.ifrs.org/taxonomy/2023-03-23/full_ifrs/full_ifrs-cor_2023-03-23.xsd#ifrs-full_LiabilitiesMember" xlink:label="LiabilitiesMember"/>
    <link:definitionArc xlink:type="arc" xlink:arcrole="http://xbrl.org/int/dim/arcrole/dimension-default" xlink:from="ClassesOfLiabilitiesAxis" xlink:to="LiabilitiesMember" order="1.0"/>
    <link:loc xlink:type="locator" xlink:href="https://xbrl.ifrs.org/taxonomy/2023-03-23/full_ifrs/full_ifrs-cor_2023-03-23.xsd#ifrs-full_ClassesOfEntitysOwnEquityInstrumentsAxis" xlink:label="ClassesOfEntitysOwnEquityInstrumentsAxis"/>
    <link:loc xlink:type="locator" xlink:href="https://xbrl.ifrs.org/taxonomy/2023-03-23/full_ifrs/full_ifrs-cor_2023-03-23.xsd#ifrs-full_EntitysOwnEquityInstrumentsMember" xlink:label="EntitysOwnEquityInstrumentsMember"/>
    <link:definitionArc xlink:type="arc" xlink:arcrole="http://xbrl.org/int/dim/arcrole/dimension-default" xlink:from="ClassesOfEntitysOwnEquityInstrumentsAxis" xlink:to="EntitysOwnEquityInstrumentsMember" order="1.0"/>
    <link:loc xlink:type="locator" xlink:href="https://xbrl.ifrs.org/taxonomy/2023-03-23/full_ifrs/full_ifrs-cor_2023-03-23.xsd#ifrs-full_ValuationTechniquesUsedInFairValueMeasurementAxis" xlink:label="ValuationTechniquesUsedInFairValueMeasurementAxis"/>
    <link:loc xlink:type="locator" xlink:href="https://xbrl.ifrs.org/taxonomy/2023-03-23/full_ifrs/full_ifrs-cor_2023-03-23.xsd#ifrs-full_ValuationTechniquesMember" xlink:label="ValuationTechniquesMember"/>
    <link:definitionArc xlink:type="arc" xlink:arcrole="http://xbrl.org/int/dim/arcrole/dimension-default" xlink:from="ValuationTechniquesUsedInFairValueMeasurementAxis" xlink:to="ValuationTechniquesMember" order="1.0"/>
    <link:loc xlink:type="locator" xlink:href="https://xbrl.ifrs.org/taxonomy/2023-03-23/full_ifrs/full_ifrs-cor_2023-03-23.xsd#ifrs-full_UnobservableInputsAxis" xlink:label="UnobservableInputsAxis"/>
    <link:loc xlink:type="locator" xlink:href="https://xbrl.ifrs.org/taxonomy/2023-03-23/full_ifrs/full_ifrs-cor_2023-03-23.xsd#ifrs-full_UnobservableInputsMember" xlink:label="UnobservableInputsMember"/>
    <link:definitionArc xlink:type="arc" xlink:arcrole="http://xbrl.org/int/dim/arcrole/dimension-default" xlink:from="UnobservableInputsAxis" xlink:to="UnobservableInputsMember" order="1.0"/>
    <link:loc xlink:type="locator" xlink:href="https://xbrl.ifrs.org/taxonomy/2023-03-23/full_ifrs/full_ifrs-cor_2023-03-23.xsd#ifrs-full_LiabilitiesMeasuredAtFairValueAndIssuedWithInseparableThirdpartyCreditEnhancementAxis" xlink:label="LiabilitiesMeasuredAtFairValueAndIssuedWithInseparableThirdpartyCreditEnhancementAxis"/>
    <link:loc xlink:type="locator" xlink:href="https://xbrl.ifrs.org/taxonomy/2023-03-23/full_ifrs/full_ifrs-cor_2023-03-23.xsd#ifrs-full_LiabilitiesMeasuredAtFairValueAndIssuedWithInseparableThirdpartyCreditEnhancementMember" xlink:label="LiabilitiesMeasuredAtFairValueAndIssuedWithInseparableThirdpartyCreditEnhancementMember"/>
    <link:definitionArc xlink:type="arc" xlink:arcrole="http://xbrl.org/int/dim/arcrole/dimension-default" xlink:from="LiabilitiesMeasuredAtFairValueAndIssuedWithInseparableThirdpartyCreditEnhancementAxis" xlink:to="LiabilitiesMeasuredAtFairValueAndIssuedWithInseparableThirdpartyCreditEnhancementMember" order="1.0"/>
    <link:loc xlink:type="locator" xlink:href="https://xbrl.ifrs.org/taxonomy/2023-03-23/full_ifrs/full_ifrs-cor_2023-03-23.xsd#ifrs-full_ClassesOfIntangibleAssetsOtherThanGoodwillAxis" xlink:label="ClassesOfIntangibleAssetsOtherThanGoodwillAxis"/>
    <link:loc xlink:type="locator" xlink:href="https://xbrl.ifrs.org/taxonomy/2023-03-23/full_ifrs/full_ifrs-cor_2023-03-23.xsd#ifrs-full_IntangibleAssetsOtherThanGoodwillMember" xlink:label="IntangibleAssetsOtherThanGoodwillMember"/>
    <link:definitionArc xlink:type="arc" xlink:arcrole="http://xbrl.org/int/dim/arcrole/dimension-default" xlink:from="ClassesOfIntangibleAssetsOtherThanGoodwillAxis" xlink:to="IntangibleAssetsOtherThanGoodwillMember" order="1.0"/>
    <link:loc xlink:type="locator" xlink:href="https://xbrl.ifrs.org/taxonomy/2023-03-23/full_ifrs/full_ifrs-cor_2023-03-23.xsd#ifrs-full_MethodsOfGenerationAxis" xlink:label="MethodsOfGenerationAxis"/>
    <link:loc xlink:type="locator" xlink:href="https://xbrl.ifrs.org/taxonomy/2023-03-23/full_ifrs/full_ifrs-cor_2023-03-23.xsd#ifrs-full_MethodsOfGenerationMember" xlink:label="MethodsOfGenerationMember"/>
    <link:definitionArc xlink:type="arc" xlink:arcrole="http://xbrl.org/int/dim/arcrole/dimension-default" xlink:from="MethodsOfGenerationAxis" xlink:to="MethodsOfGenerationMember" order="1.0"/>
    <link:loc xlink:type="locator" xlink:href="https://xbrl.ifrs.org/taxonomy/2023-03-23/full_ifrs/full_ifrs-cor_2023-03-23.xsd#ifrs-full_ClassesOfIntangibleAssetsAndGoodwillAxis" xlink:label="ClassesOfIntangibleAssetsAndGoodwillAxis"/>
    <link:loc xlink:type="locator" xlink:href="https://xbrl.ifrs.org/taxonomy/2023-03-23/full_ifrs/full_ifrs-cor_2023-03-23.xsd#ifrs-full_IntangibleAssetsAndGoodwillMember" xlink:label="IntangibleAssetsAndGoodwillMember"/>
    <link:definitionArc xlink:type="arc" xlink:arcrole="http://xbrl.org/int/dim/arcrole/dimension-default" xlink:from="ClassesOfIntangibleAssetsAndGoodwillAxis" xlink:to="IntangibleAssetsAndGoodwillMember" order="1.0"/>
    <link:loc xlink:type="locator" xlink:href="https://xbrl.ifrs.org/taxonomy/2023-03-23/full_ifrs/full_ifrs-cor_2023-03-23.xsd#ifrs-full_IntangibleAssetsWithIndefiniteUsefulLifeAxis" xlink:label="IntangibleAssetsWithIndefiniteUsefulLifeAxis"/>
    <link:loc xlink:type="locator" xlink:href="https://xbrl.ifrs.org/taxonomy/2023-03-23/full_ifrs/full_ifrs-cor_2023-03-23.xsd#ifrs-full_IntangibleAssetsWithIndefiniteUsefulLifeMember" xlink:label="IntangibleAssetsWithIndefiniteUsefulLifeMember"/>
    <link:definitionArc xlink:type="arc" xlink:arcrole="http://xbrl.org/int/dim/arcrole/dimension-default" xlink:from="IntangibleAssetsWithIndefiniteUsefulLifeAxis" xlink:to="IntangibleAssetsWithIndefiniteUsefulLifeMember" order="1.0"/>
    <link:loc xlink:type="locator" xlink:href="https://xbrl.ifrs.org/taxonomy/2023-03-23/full_ifrs/full_ifrs-cor_2023-03-23.xsd#ifrs-full_IntangibleAssetsMaterialToEntityAxis" xlink:label="IntangibleAssetsMaterialToEntityAxis"/>
    <link:loc xlink:type="locator" xlink:href="https://xbrl.ifrs.org/taxonomy/2023-03-23/full_ifrs/full_ifrs-cor_2023-03-23.xsd#ifrs-full_IntangibleAssetsMaterialToEntityMember" xlink:label="IntangibleAssetsMaterialToEntityMember"/>
    <link:definitionArc xlink:type="arc" xlink:arcrole="http://xbrl.org/int/dim/arcrole/dimension-default" xlink:from="IntangibleAssetsMaterialToEntityAxis" xlink:to="IntangibleAssetsMaterialToEntityMember" order="1.0"/>
    <link:loc xlink:type="locator" xlink:href="https://xbrl.ifrs.org/taxonomy/2023-03-23/full_ifrs/full_ifrs-cor_2023-03-23.xsd#ifrs-full_BiologicalAssetsAxis" xlink:label="BiologicalAssetsAxis"/>
    <link:loc xlink:type="locator" xlink:href="https://xbrl.ifrs.org/taxonomy/2023-03-23/full_ifrs/full_ifrs-cor_2023-03-23.xsd#ifrs-full_BiologicalAssetsMember" xlink:label="BiologicalAssetsMember"/>
    <link:definitionArc xlink:type="arc" xlink:arcrole="http://xbrl.org/int/dim/arcrole/dimension-default" xlink:from="BiologicalAssetsAxis" xlink:to="BiologicalAssetsMember" order="1.0"/>
    <link:loc xlink:type="locator" xlink:href="https://xbrl.ifrs.org/taxonomy/2023-03-23/full_ifrs/full_ifrs-cor_2023-03-23.xsd#ifrs-full_BiologicalAssetsByGroupAxis" xlink:label="BiologicalAssetsByGroupAxis"/>
    <link:loc xlink:type="locator" xlink:href="https://xbrl.ifrs.org/taxonomy/2023-03-23/full_ifrs/full_ifrs-cor_2023-03-23.xsd#ifrs-full_BiologicalAssetsGroupMember" xlink:label="BiologicalAssetsGroupMember"/>
    <link:definitionArc xlink:type="arc" xlink:arcrole="http://xbrl.org/int/dim/arcrole/dimension-default" xlink:from="BiologicalAssetsByGroupAxis" xlink:to="BiologicalAssetsGroupMember" order="1.0"/>
    <link:loc xlink:type="locator" xlink:href="https://xbrl.ifrs.org/taxonomy/2023-03-23/full_ifrs/full_ifrs-cor_2023-03-23.xsd#ifrs-full_BiologicalAssetsByTypeAxis" xlink:label="BiologicalAssetsByTypeAxis"/>
    <link:loc xlink:type="locator" xlink:href="https://xbrl.ifrs.org/taxonomy/2023-03-23/full_ifrs/full_ifrs-cor_2023-03-23.xsd#ifrs-full_BiologicalAssetsTypeMember" xlink:label="BiologicalAssetsTypeMember"/>
    <link:definitionArc xlink:type="arc" xlink:arcrole="http://xbrl.org/int/dim/arcrole/dimension-default" xlink:from="BiologicalAssetsByTypeAxis" xlink:to="BiologicalAssetsTypeMember" order="1.0"/>
    <link:loc xlink:type="locator" xlink:href="https://xbrl.ifrs.org/taxonomy/2023-03-23/full_ifrs/full_ifrs-cor_2023-03-23.xsd#ifrs-full_BiologicalAssetsByAgeAxis" xlink:label="BiologicalAssetsByAgeAxis"/>
    <link:loc xlink:type="locator" xlink:href="https://xbrl.ifrs.org/taxonomy/2023-03-23/full_ifrs/full_ifrs-cor_2023-03-23.xsd#ifrs-full_BiologicalAssetsAgeMember" xlink:label="BiologicalAssetsAgeMember"/>
    <link:definitionArc xlink:type="arc" xlink:arcrole="http://xbrl.org/int/dim/arcrole/dimension-default" xlink:from="BiologicalAssetsByAgeAxis" xlink:to="BiologicalAssetsAgeMember" order="1.0"/>
    <link:loc xlink:type="locator" xlink:href="https://xbrl.ifrs.org/taxonomy/2023-03-23/full_ifrs/full_ifrs-cor_2023-03-23.xsd#ifrs-full_AgriculturalProduceByGroupAxis" xlink:label="AgriculturalProduceByGroupAxis"/>
    <link:loc xlink:type="locator" xlink:href="https://xbrl.ifrs.org/taxonomy/2023-03-23/full_ifrs/full_ifrs-cor_2023-03-23.xsd#ifrs-full_AgriculturalProduceGroupMember" xlink:label="AgriculturalProduceGroupMember"/>
    <link:definitionArc xlink:type="arc" xlink:arcrole="http://xbrl.org/int/dim/arcrole/dimension-default" xlink:from="AgriculturalProduceByGroupAxis" xlink:to="AgriculturalProduceGroupMember" order="1.0"/>
    <link:loc xlink:type="locator" xlink:href="https://xbrl.ifrs.org/taxonomy/2023-03-23/full_ifrs/full_ifrs-cor_2023-03-23.xsd#ifrs-full_TypesOfRateregulatedActivitiesAxis" xlink:label="TypesOfRateregulatedActivitiesAxis"/>
    <link:loc xlink:type="locator" xlink:href="https://xbrl.ifrs.org/taxonomy/2023-03-23/full_ifrs/full_ifrs-cor_2023-03-23.xsd#ifrs-full_RateregulatedActivitiesMember" xlink:label="RateregulatedActivitiesMember"/>
    <link:definitionArc xlink:type="arc" xlink:arcrole="http://xbrl.org/int/dim/arcrole/dimension-default" xlink:from="TypesOfRateregulatedActivitiesAxis" xlink:to="RateregulatedActivitiesMember" order="1.0"/>
    <link:loc xlink:type="locator" xlink:href="https://xbrl.ifrs.org/taxonomy/2023-03-23/full_ifrs/full_ifrs-cor_2023-03-23.xsd#ifrs-full_ClassesOfRegulatoryDeferralAccountBalancesAxis" xlink:label="ClassesOfRegulatoryDeferralAccountBalancesAxis"/>
    <link:loc xlink:type="locator" xlink:href="https://xbrl.ifrs.org/taxonomy/2023-03-23/full_ifrs/full_ifrs-cor_2023-03-23.xsd#ifrs-full_ClassesOfRegulatoryDeferralAccountBalancesMember" xlink:label="ClassesOfRegulatoryDeferralAccountBalancesMember"/>
    <link:definitionArc xlink:type="arc" xlink:arcrole="http://xbrl.org/int/dim/arcrole/dimension-default" xlink:from="ClassesOfRegulatoryDeferralAccountBalancesAxis" xlink:to="ClassesOfRegulatoryDeferralAccountBalancesMember" order="1.0"/>
    <link:loc xlink:type="locator" xlink:href="https://xbrl.ifrs.org/taxonomy/2023-03-23/full_ifrs/full_ifrs-cor_2023-03-23.xsd#ifrs-full_RegulatoryDeferralAccountBalancesAxis" xlink:label="RegulatoryDeferralAccountBalancesAxis"/>
    <link:loc xlink:type="locator" xlink:href="https://xbrl.ifrs.org/taxonomy/2023-03-23/full_ifrs/full_ifrs-cor_2023-03-23.xsd#ifrs-full_RegulatoryDeferralAccountBalancesMember" xlink:label="RegulatoryDeferralAccountBalancesMember"/>
    <link:definitionArc xlink:type="arc" xlink:arcrole="http://xbrl.org/int/dim/arcrole/dimension-default" xlink:from="RegulatoryDeferralAccountBalancesAxis" xlink:to="RegulatoryDeferralAccountBalancesMember" order="1.0"/>
    <link:loc xlink:type="locator" xlink:href="https://xbrl.ifrs.org/taxonomy/2023-03-23/full_ifrs/full_ifrs-cor_2023-03-23.xsd#ifrs-full_TypesOfInvestmentPropertyAxis" xlink:label="TypesOfInvestmentPropertyAxis"/>
    <link:loc xlink:type="locator" xlink:href="https://xbrl.ifrs.org/taxonomy/2023-03-23/full_ifrs/full_ifrs-cor_2023-03-23.xsd#ifrs-full_InvestmentPropertyMember" xlink:label="InvestmentPropertyMember"/>
    <link:definitionArc xlink:type="arc" xlink:arcrole="http://xbrl.org/int/dim/arcrole/dimension-default" xlink:from="TypesOfInvestmentPropertyAxis" xlink:to="InvestmentPropertyMember" order="1.0"/>
    <link:loc xlink:type="locator" xlink:href="https://xbrl.ifrs.org/taxonomy/2023-03-23/full_ifrs/full_ifrs-cor_2023-03-23.xsd#ifrs-full_JointVenturesAxis" xlink:label="JointVenturesAxis"/>
    <link:loc xlink:type="locator" xlink:href="https://xbrl.ifrs.org/taxonomy/2023-03-23/full_ifrs/full_ifrs-cor_2023-03-23.xsd#ifrs-full_EntitysTotalForJointVenturesMember" xlink:label="EntitysTotalForJointVenturesMember"/>
    <link:definitionArc xlink:type="arc" xlink:arcrole="http://xbrl.org/int/dim/arcrole/dimension-default" xlink:from="JointVenturesAxis" xlink:to="EntitysTotalForJointVenturesMember" order="1.0"/>
    <link:loc xlink:type="locator" xlink:href="https://xbrl.ifrs.org/taxonomy/2023-03-23/full_ifrs/full_ifrs-cor_2023-03-23.xsd#ifrs-full_SignificantInvestmentsInSubsidiariesAxis" xlink:label="SignificantInvestmentsInSubsidiariesAxis"/>
    <link:loc xlink:type="locator" xlink:href="https://xbrl.ifrs.org/taxonomy/2023-03-23/full_ifrs/full_ifrs-cor_2023-03-23.xsd#ifrs-full_EntitysTotalForSubsidiariesMember" xlink:label="EntitysTotalForSubsidiariesMember"/>
    <link:definitionArc xlink:type="arc" xlink:arcrole="http://xbrl.org/int/dim/arcrole/dimension-default" xlink:from="SignificantInvestmentsInSubsidiariesAxis" xlink:to="EntitysTotalForSubsidiariesMember" order="1.0"/>
    <link:loc xlink:type="locator" xlink:href="https://xbrl.ifrs.org/taxonomy/2023-03-23/full_ifrs/full_ifrs-cor_2023-03-23.xsd#ifrs-full_SignificantInvestmentsInAssociatesAxis" xlink:label="SignificantInvestmentsInAssociatesAxis"/>
    <link:loc xlink:type="locator" xlink:href="https://xbrl.ifrs.org/taxonomy/2023-03-23/full_ifrs/full_ifrs-cor_2023-03-23.xsd#ifrs-full_EntitysTotalForAssociatesMember" xlink:label="EntitysTotalForAssociatesMember"/>
    <link:definitionArc xlink:type="arc" xlink:arcrole="http://xbrl.org/int/dim/arcrole/dimension-default" xlink:from="SignificantInvestmentsInAssociatesAxis" xlink:to="EntitysTotalForAssociatesMember" order="1.0"/>
    <link:loc xlink:type="locator" xlink:href="https://xbrl.ifrs.org/taxonomy/2023-03-23/full_ifrs/full_ifrs-cor_2023-03-23.xsd#ifrs-full_ConsolidatedStructuredEntitiesAxis" xlink:label="ConsolidatedStructuredEntitiesAxis"/>
    <link:loc xlink:type="locator" xlink:href="https://xbrl.ifrs.org/taxonomy/2023-03-23/full_ifrs/full_ifrs-cor_2023-03-23.xsd#ifrs-full_EntitysTotalForConsolidatedStructuredEntitiesMember" xlink:label="EntitysTotalForConsolidatedStructuredEntitiesMember"/>
    <link:definitionArc xlink:type="arc" xlink:arcrole="http://xbrl.org/int/dim/arcrole/dimension-default" xlink:from="ConsolidatedStructuredEntitiesAxis" xlink:to="EntitysTotalForConsolidatedStructuredEntitiesMember" order="1.0"/>
    <link:loc xlink:type="locator" xlink:href="https://xbrl.ifrs.org/taxonomy/2023-03-23/full_ifrs/full_ifrs-cor_2023-03-23.xsd#ifrs-full_JointOperationsAxis" xlink:label="JointOperationsAxis"/>
    <link:loc xlink:type="locator" xlink:href="https://xbrl.ifrs.org/taxonomy/2023-03-23/full_ifrs/full_ifrs-cor_2023-03-23.xsd#ifrs-full_EntitysTotalForJointOperationsMember" xlink:label="EntitysTotalForJointOperationsMember"/>
    <link:definitionArc xlink:type="arc" xlink:arcrole="http://xbrl.org/int/dim/arcrole/dimension-default" xlink:from="JointOperationsAxis" xlink:to="EntitysTotalForJointOperationsMember" order="1.0"/>
    <link:loc xlink:type="locator" xlink:href="https://xbrl.ifrs.org/taxonomy/2023-03-23/full_ifrs/full_ifrs-cor_2023-03-23.xsd#ifrs-full_UnconsolidatedStructuredEntitiesAxis" xlink:label="UnconsolidatedStructuredEntitiesAxis"/>
    <link:loc xlink:type="locator" xlink:href="https://xbrl.ifrs.org/taxonomy/2023-03-23/full_ifrs/full_ifrs-cor_2023-03-23.xsd#ifrs-full_EntitysTotalForUnconsolidatedStructuredEntitiesMember" xlink:label="EntitysTotalForUnconsolidatedStructuredEntitiesMember"/>
    <link:definitionArc xlink:type="arc" xlink:arcrole="http://xbrl.org/int/dim/arcrole/dimension-default" xlink:from="UnconsolidatedStructuredEntitiesAxis" xlink:to="EntitysTotalForUnconsolidatedStructuredEntitiesMember" order="1.0"/>
    <link:loc xlink:type="locator" xlink:href="https://xbrl.ifrs.org/taxonomy/2023-03-23/full_ifrs/full_ifrs-cor_2023-03-23.xsd#ifrs-full_UnconsolidatedSubsidiariesAxis" xlink:label="UnconsolidatedSubsidiariesAxis"/>
    <link:loc xlink:type="locator" xlink:href="https://xbrl.ifrs.org/taxonomy/2023-03-23/full_ifrs/full_ifrs-cor_2023-03-23.xsd#ifrs-full_EntitysTotalForUnconsolidatedSubsidiariesMember" xlink:label="EntitysTotalForUnconsolidatedSubsidiariesMember"/>
    <link:definitionArc xlink:type="arc" xlink:arcrole="http://xbrl.org/int/dim/arcrole/dimension-default" xlink:from="UnconsolidatedSubsidiariesAxis" xlink:to="EntitysTotalForUnconsolidatedSubsidiariesMember" order="1.0"/>
    <link:loc xlink:type="locator" xlink:href="https://xbrl.ifrs.org/taxonomy/2023-03-23/full_ifrs/full_ifrs-cor_2023-03-23.xsd#ifrs-full_UnconsolidatedStructuredEntitiesControlledByInvestmentEntityAxis" xlink:label="UnconsolidatedStructuredEntitiesControlledByInvestmentEntityAxis"/>
    <link:loc xlink:type="locator" xlink:href="https://xbrl.ifrs.org/taxonomy/2023-03-23/full_ifrs/full_ifrs-cor_2023-03-23.xsd#ifrs-full_UnconsolidatedStructuredEntitiesControlledByInvestmentEntityMember" xlink:label="UnconsolidatedStructuredEntitiesControlledByInvestmentEntityMember"/>
    <link:definitionArc xlink:type="arc" xlink:arcrole="http://xbrl.org/int/dim/arcrole/dimension-default" xlink:from="UnconsolidatedStructuredEntitiesControlledByInvestmentEntityAxis" xlink:to="UnconsolidatedStructuredEntitiesControlledByInvestmentEntityMember" order="1.0"/>
    <link:loc xlink:type="locator" xlink:href="https://xbrl.ifrs.org/taxonomy/2023-03-23/full_ifrs/full_ifrs-cor_2023-03-23.xsd#ifrs-full_ContinuingAndDiscontinuedOperationsAxis" xlink:label="ContinuingAndDiscontinuedOperationsAxis"/>
    <link:loc xlink:type="locator" xlink:href="https://xbrl.ifrs.org/taxonomy/2023-03-23/full_ifrs/full_ifrs-cor_2023-03-23.xsd#ifrs-full_ContinuingOperationsMember" xlink:label="ContinuingOperationsMember"/>
    <link:definitionArc xlink:type="arc" xlink:arcrole="http://xbrl.org/int/dim/arcrole/dimension-default" xlink:from="ContinuingAndDiscontinuedOperationsAxis" xlink:to="ContinuingOperationsMember" order="1.0"/>
    <link:loc xlink:type="locator" xlink:href="https://xbrl.ifrs.org/taxonomy/2023-03-23/full_ifrs/full_ifrs-cor_2023-03-23.xsd#ifrs-full_ClassesOfProvisionsAxis" xlink:label="ClassesOfProvisionsAxis"/>
    <link:loc xlink:type="locator" xlink:href="https://xbrl.ifrs.org/taxonomy/2023-03-23/full_ifrs/full_ifrs-cor_2023-03-23.xsd#ifrs-full_OtherProvisionsMember" xlink:label="OtherProvisionsMember"/>
    <link:definitionArc xlink:type="arc" xlink:arcrole="http://xbrl.org/int/dim/arcrole/dimension-default" xlink:from="ClassesOfProvisionsAxis" xlink:to="OtherProvisionsMember" order="1.0"/>
    <link:loc xlink:type="locator" xlink:href="https://xbrl.ifrs.org/taxonomy/2023-03-23/full_ifrs/full_ifrs-cor_2023-03-23.xsd#ifrs-full_ProductsAndServicesAxis" xlink:label="ProductsAndServicesAxis"/>
    <link:loc xlink:type="locator" xlink:href="https://xbrl.ifrs.org/taxonomy/2023-03-23/full_ifrs/full_ifrs-cor_2023-03-23.xsd#ifrs-full_ProductsAndServicesMember" xlink:label="ProductsAndServicesMember"/>
    <link:definitionArc xlink:type="arc" xlink:arcrole="http://xbrl.org/int/dim/arcrole/dimension-default" xlink:from="ProductsAndServicesAxis" xlink:to="ProductsAndServicesMember" order="1.0"/>
    <link:loc xlink:type="locator" xlink:href="https://xbrl.ifrs.org/taxonomy/2023-03-23/full_ifrs/full_ifrs-cor_2023-03-23.xsd#ifrs-full_GeographicalAreasAxis" xlink:label="GeographicalAreasAxis"/>
    <link:loc xlink:type="locator" xlink:href="https://xbrl.ifrs.org/taxonomy/2023-03-23/full_ifrs/full_ifrs-cor_2023-03-23.xsd#ifrs-full_GeographicalAreasMember" xlink:label="GeographicalAreasMember"/>
    <link:definitionArc xlink:type="arc" xlink:arcrole="http://xbrl.org/int/dim/arcrole/dimension-default" xlink:from="GeographicalAreasAxis" xlink:to="GeographicalAreasMember" order="1.0"/>
    <link:loc xlink:type="locator" xlink:href="https://xbrl.ifrs.org/taxonomy/2023-03-23/full_ifrs/full_ifrs-cor_2023-03-23.xsd#ifrs-full_MarketsOfCustomersAxis" xlink:label="MarketsOfCustomersAxis"/>
    <link:loc xlink:type="locator" xlink:href="https://xbrl.ifrs.org/taxonomy/2023-03-23/full_ifrs/full_ifrs-cor_2023-03-23.xsd#ifrs-full_MarketsOfCustomersMember" xlink:label="MarketsOfCustomersMember"/>
    <link:definitionArc xlink:type="arc" xlink:arcrole="http://xbrl.org/int/dim/arcrole/dimension-default" xlink:from="MarketsOfCustomersAxis" xlink:to="MarketsOfCustomersMember" order="1.0"/>
    <link:loc xlink:type="locator" xlink:href="https://xbrl.ifrs.org/taxonomy/2023-03-23/full_ifrs/full_ifrs-cor_2023-03-23.xsd#ifrs-full_TypesOfCustomersAxis" xlink:label="TypesOfCustomersAxis"/>
    <link:loc xlink:type="locator" xlink:href="https://xbrl.ifrs.org/taxonomy/2023-03-23/full_ifrs/full_ifrs-cor_2023-03-23.xsd#ifrs-full_TypesOfCustomersMember" xlink:label="TypesOfCustomersMember"/>
    <link:definitionArc xlink:type="arc" xlink:arcrole="http://xbrl.org/int/dim/arcrole/dimension-default" xlink:from="TypesOfCustomersAxis" xlink:to="TypesOfCustomersMember" order="1.0"/>
    <link:loc xlink:type="locator" xlink:href="https://xbrl.ifrs.org/taxonomy/2023-03-23/full_ifrs/full_ifrs-cor_2023-03-23.xsd#ifrs-full_TypesOfContractsAxis" xlink:label="TypesOfContractsAxis"/>
    <link:loc xlink:type="locator" xlink:href="https://xbrl.ifrs.org/taxonomy/2023-03-23/full_ifrs/full_ifrs-cor_2023-03-23.xsd#ifrs-full_TypesOfContractsMember" xlink:label="TypesOfContractsMember"/>
    <link:definitionArc xlink:type="arc" xlink:arcrole="http://xbrl.org/int/dim/arcrole/dimension-default" xlink:from="TypesOfContractsAxis" xlink:to="TypesOfContractsMember" order="1.0"/>
    <link:loc xlink:type="locator" xlink:href="https://xbrl.ifrs.org/taxonomy/2023-03-23/full_ifrs/full_ifrs-cor_2023-03-23.xsd#ifrs-full_ContractDurationAxis" xlink:label="ContractDurationAxis"/>
    <link:loc xlink:type="locator" xlink:href="https://xbrl.ifrs.org/taxonomy/2023-03-23/full_ifrs/full_ifrs-cor_2023-03-23.xsd#ifrs-full_ContractDurationMember" xlink:label="ContractDurationMember"/>
    <link:definitionArc xlink:type="arc" xlink:arcrole="http://xbrl.org/int/dim/arcrole/dimension-default" xlink:from="ContractDurationAxis" xlink:to="ContractDurationMember" order="1.0"/>
    <link:loc xlink:type="locator" xlink:href="https://xbrl.ifrs.org/taxonomy/2023-03-23/full_ifrs/full_ifrs-cor_2023-03-23.xsd#ifrs-full_TimingOfTransferOfGoodsOrServicesAxis" xlink:label="TimingOfTransferOfGoodsOrServicesAxis"/>
    <link:loc xlink:type="locator" xlink:href="https://xbrl.ifrs.org/taxonomy/2023-03-23/full_ifrs/full_ifrs-cor_2023-03-23.xsd#ifrs-full_TimingOfTransferOfGoodsOrServicesMember" xlink:label="TimingOfTransferOfGoodsOrServicesMember"/>
    <link:definitionArc xlink:type="arc" xlink:arcrole="http://xbrl.org/int/dim/arcrole/dimension-default" xlink:from="TimingOfTransferOfGoodsOrServicesAxis" xlink:to="TimingOfTransferOfGoodsOrServicesMember" order="1.0"/>
    <link:loc xlink:type="locator" xlink:href="https://xbrl.ifrs.org/taxonomy/2023-03-23/full_ifrs/full_ifrs-cor_2023-03-23.xsd#ifrs-full_SalesChannelsAxis" xlink:label="SalesChannelsAxis"/>
    <link:loc xlink:type="locator" xlink:href="https://xbrl.ifrs.org/taxonomy/2023-03-23/full_ifrs/full_ifrs-cor_2023-03-23.xsd#ifrs-full_SalesChannelsMember" xlink:label="SalesChannelsMember"/>
    <link:definitionArc xlink:type="arc" xlink:arcrole="http://xbrl.org/int/dim/arcrole/dimension-default" xlink:from="SalesChannelsAxis" xlink:to="SalesChannelsMember" order="1.0"/>
    <link:loc xlink:type="locator" xlink:href="https://xbrl.ifrs.org/taxonomy/2023-03-23/full_ifrs/full_ifrs-cor_2023-03-23.xsd#ifrs-full_SegmentsAxis" xlink:label="SegmentsAxis"/>
    <link:loc xlink:type="locator" xlink:href="https://xbrl.ifrs.org/taxonomy/2023-03-23/full_ifrs/full_ifrs-cor_2023-03-23.xsd#ifrs-full_SegmentsMember" xlink:label="SegmentsMember"/>
    <link:definitionArc xlink:type="arc" xlink:arcrole="http://xbrl.org/int/dim/arcrole/dimension-default" xlink:from="SegmentsAxis" xlink:to="SegmentsMember" order="1.0"/>
    <link:loc xlink:type="locator" xlink:href="https://xbrl.ifrs.org/taxonomy/2023-03-23/full_ifrs/full_ifrs-cor_2023-03-23.xsd#ifrs-full_PerformanceObligationsAxis" xlink:label="PerformanceObligationsAxis"/>
    <link:loc xlink:type="locator" xlink:href="https://xbrl.ifrs.org/taxonomy/2023-03-23/full_ifrs/full_ifrs-cor_2023-03-23.xsd#ifrs-full_PerformanceObligationsMember" xlink:label="PerformanceObligationsMember"/>
    <link:definitionArc xlink:type="arc" xlink:arcrole="http://xbrl.org/int/dim/arcrole/dimension-default" xlink:from="PerformanceObligationsAxis" xlink:to="PerformanceObligationsMember" order="1.0"/>
    <link:loc xlink:type="locator" xlink:href="https://xbrl.ifrs.org/taxonomy/2023-03-23/full_ifrs/full_ifrs-cor_2023-03-23.xsd#ifrs-full_CategoriesOfAssetsRecognisedFromCostsToObtainOrFulfilContractsWithCustomersAxis" xlink:label="CategoriesOfAssetsRecognisedFromCostsToObtainOrFulfilContractsWithCustomersAxis"/>
    <link:loc xlink:type="locator" xlink:href="https://xbrl.ifrs.org/taxonomy/2023-03-23/full_ifrs/full_ifrs-cor_2023-03-23.xsd#ifrs-full_CategoriesOfAssetsRecognisedFromCostsToObtainOrFulfilContractsWithCustomersMember" xlink:label="CategoriesOfAssetsRecognisedFromCostsToObtainOrFulfilContractsWithCustomersMember"/>
    <link:definitionArc xlink:type="arc" xlink:arcrole="http://xbrl.org/int/dim/arcrole/dimension-default" xlink:from="CategoriesOfAssetsRecognisedFromCostsToObtainOrFulfilContractsWithCustomersAxis" xlink:to="CategoriesOfAssetsRecognisedFromCostsToObtainOrFulfilContractsWithCustomersMember" order="1.0"/>
    <link:loc xlink:type="locator" xlink:href="https://xbrl.ifrs.org/taxonomy/2023-03-23/full_ifrs/full_ifrs-cor_2023-03-23.xsd#ifrs-full_IndividualAssetsOrCashgeneratingUnitsAxis" xlink:label="IndividualAssetsOrCashgeneratingUnitsAxis"/>
    <link:loc xlink:type="locator" xlink:href="https://xbrl.ifrs.org/taxonomy/2023-03-23/full_ifrs/full_ifrs-cor_2023-03-23.xsd#ifrs-full_EntitysTotalForIndividualAssetsOrCashgeneratingUnitsMember" xlink:label="EntitysTotalForIndividualAssetsOrCashgeneratingUnitsMember"/>
    <link:definitionArc xlink:type="arc" xlink:arcrole="http://xbrl.org/int/dim/arcrole/dimension-default" xlink:from="IndividualAssetsOrCashgeneratingUnitsAxis" xlink:to="EntitysTotalForIndividualAssetsOrCashgeneratingUnitsMember" order="1.0"/>
    <link:loc xlink:type="locator" xlink:href="https://xbrl.ifrs.org/taxonomy/2023-03-23/full_ifrs/full_ifrs-cor_2023-03-23.xsd#ifrs-full_IndividualAssetsOrCashgeneratingUnitsWithSignificantAmountOfGoodwillOrIntangibleAssetsWithIndefiniteUsefulLivesAxis" xlink:label="IndividualAssetsOrCashgeneratingUnitsWithSignificantAmountOfGoodwillOrIntangibleAssetsWithIndefiniteUsefulLivesAxis"/>
    <link:loc xlink:type="locator" xlink:href="https://xbrl.ifrs.org/taxonomy/2023-03-23/full_ifrs/full_ifrs-cor_2023-03-23.xsd#ifrs-full_EntitysTotalForCashgeneratingUnitsMember" xlink:label="EntitysTotalForCashgeneratingUnitsMember"/>
    <link:definitionArc xlink:type="arc" xlink:arcrole="http://xbrl.org/int/dim/arcrole/dimension-default" xlink:from="IndividualAssetsOrCashgeneratingUnitsWithSignificantAmountOfGoodwillOrIntangibleAssetsWithIndefiniteUsefulLivesAxis" xlink:to="EntitysTotalForCashgeneratingUnitsMember" order="1.0"/>
    <link:loc xlink:type="locator" xlink:href="https://xbrl.ifrs.org/taxonomy/2023-03-23/full_ifrs/full_ifrs-cor_2023-03-23.xsd#ifrs-full_ServiceConcessionArrangementsAxis" xlink:label="ServiceConcessionArrangementsAxis"/>
    <link:loc xlink:type="locator" xlink:href="https://xbrl.ifrs.org/taxonomy/2023-03-23/full_ifrs/full_ifrs-cor_2023-03-23.xsd#ifrs-full_ServiceConcessionArrangementsMember" xlink:label="ServiceConcessionArrangementsMember"/>
    <link:definitionArc xlink:type="arc" xlink:arcrole="http://xbrl.org/int/dim/arcrole/dimension-default" xlink:from="ServiceConcessionArrangementsAxis" xlink:to="ServiceConcessionArrangementsMember" order="1.0"/>
    <link:loc xlink:type="locator" xlink:href="https://xbrl.ifrs.org/taxonomy/2023-03-23/full_ifrs/full_ifrs-cor_2023-03-23.xsd#ifrs-full_TypesOfSharebasedPaymentArrangementsAxis" xlink:label="TypesOfSharebasedPaymentArrangementsAxis"/>
    <link:loc xlink:type="locator" xlink:href="https://xbrl.ifrs.org/taxonomy/2023-03-23/full_ifrs/full_ifrs-cor_2023-03-23.xsd#ifrs-full_SharebasedPaymentArrangementsMember" xlink:label="SharebasedPaymentArrangementsMember"/>
    <link:definitionArc xlink:type="arc" xlink:arcrole="http://xbrl.org/int/dim/arcrole/dimension-default" xlink:from="TypesOfSharebasedPaymentArrangementsAxis" xlink:to="SharebasedPaymentArrangementsMember" order="1.0"/>
    <link:loc xlink:type="locator" xlink:href="https://xbrl.ifrs.org/taxonomy/2023-03-23/full_ifrs/full_ifrs-cor_2023-03-23.xsd#ifrs-full_RangesOfExercisePricesForOutstandingShareOptionsAxis" xlink:label="RangesOfExercisePricesForOutstandingShareOptionsAxis"/>
    <link:loc xlink:type="locator" xlink:href="https://xbrl.ifrs.org/taxonomy/2023-03-23/full_ifrs/full_ifrs-cor_2023-03-23.xsd#ifrs-full_RangesOfExercisePricesForOutstandingShareOptionsMember" xlink:label="RangesOfExercisePricesForOutstandingShareOptionsMember"/>
    <link:definitionArc xlink:type="arc" xlink:arcrole="http://xbrl.org/int/dim/arcrole/dimension-default" xlink:from="RangesOfExercisePricesForOutstandingShareOptionsAxis" xlink:to="RangesOfExercisePricesForOutstandingShareOptionsMember" order="1.0"/>
    <link:loc xlink:type="locator" xlink:href="https://xbrl.ifrs.org/taxonomy/2023-03-23/full_ifrs/full_ifrs-cor_2023-03-23.xsd#ifrs-full_DefinedBenefitPlansAxis" xlink:label="DefinedBenefitPlansAxis"/>
    <link:loc xlink:type="locator" xlink:href="https://xbrl.ifrs.org/taxonomy/2023-03-23/full_ifrs/full_ifrs-cor_2023-03-23.xsd#ifrs-full_DefinedBenefitPlansMember" xlink:label="DefinedBenefitPlansMember"/>
    <link:definitionArc xlink:type="arc" xlink:arcrole="http://xbrl.org/int/dim/arcrole/dimension-default" xlink:from="DefinedBenefitPlansAxis" xlink:to="DefinedBenefitPlansMember" order="1.0"/>
    <link:loc xlink:type="locator" xlink:href="https://xbrl.ifrs.org/taxonomy/2023-03-23/full_ifrs/full_ifrs-cor_2023-03-23.xsd#ifrs-full_CharacteristicsOfDefinedBenefitPlansAxis" xlink:label="CharacteristicsOfDefinedBenefitPlansAxis"/>
    <link:loc xlink:type="locator" xlink:href="https://xbrl.ifrs.org/taxonomy/2023-03-23/full_ifrs/full_ifrs-cor_2023-03-23.xsd#ifrs-full_CharacteristicsOfDefinedBenefitPlansMember" xlink:label="CharacteristicsOfDefinedBenefitPlansMember"/>
    <link:definitionArc xlink:type="arc" xlink:arcrole="http://xbrl.org/int/dim/arcrole/dimension-default" xlink:from="CharacteristicsOfDefinedBenefitPlansAxis" xlink:to="CharacteristicsOfDefinedBenefitPlansMember" order="1.0"/>
    <link:loc xlink:type="locator" xlink:href="https://xbrl.ifrs.org/taxonomy/2023-03-23/full_ifrs/full_ifrs-cor_2023-03-23.xsd#ifrs-full_RegulatoryEnvironmentsAxis" xlink:label="RegulatoryEnvironmentsAxis"/>
    <link:loc xlink:type="locator" xlink:href="https://xbrl.ifrs.org/taxonomy/2023-03-23/full_ifrs/full_ifrs-cor_2023-03-23.xsd#ifrs-full_RegulatoryEnvironmentsMember" xlink:label="RegulatoryEnvironmentsMember"/>
    <link:definitionArc xlink:type="arc" xlink:arcrole="http://xbrl.org/int/dim/arcrole/dimension-default" xlink:from="RegulatoryEnvironmentsAxis" xlink:to="RegulatoryEnvironmentsMember" order="1.0"/>
    <link:loc xlink:type="locator" xlink:href="https://xbrl.ifrs.org/taxonomy/2023-03-23/full_ifrs/full_ifrs-cor_2023-03-23.xsd#ifrs-full_FundingArrangementsOfDefinedBenefitPlansAxis" xlink:label="FundingArrangementsOfDefinedBenefitPlansAxis"/>
    <link:loc xlink:type="locator" xlink:href="https://xbrl.ifrs.org/taxonomy/2023-03-23/full_ifrs/full_ifrs-cor_2023-03-23.xsd#ifrs-full_FundingArrangementsOfDefinedBenefitPlansMember" xlink:label="FundingArrangementsOfDefinedBenefitPlansMember"/>
    <link:definitionArc xlink:type="arc" xlink:arcrole="http://xbrl.org/int/dim/arcrole/dimension-default" xlink:from="FundingArrangementsOfDefinedBenefitPlansAxis" xlink:to="FundingArrangementsOfDefinedBenefitPlansMember" order="1.0"/>
    <link:loc xlink:type="locator" xlink:href="https://xbrl.ifrs.org/taxonomy/2023-03-23/full_ifrs/full_ifrs-cor_2023-03-23.xsd#ifrs-full_NetDefinedBenefitLiabilityAssetAxis" xlink:label="NetDefinedBenefitLiabilityAssetAxis"/>
    <link:loc xlink:type="locator" xlink:href="https://xbrl.ifrs.org/taxonomy/2023-03-23/full_ifrs/full_ifrs-cor_2023-03-23.xsd#ifrs-full_NetDefinedBenefitLiabilityAssetMember" xlink:label="NetDefinedBenefitLiabilityAssetMember"/>
    <link:definitionArc xlink:type="arc" xlink:arcrole="http://xbrl.org/int/dim/arcrole/dimension-default" xlink:from="NetDefinedBenefitLiabilityAssetAxis" xlink:to="NetDefinedBenefitLiabilityAssetMember" order="1.0"/>
    <link:loc xlink:type="locator" xlink:href="https://xbrl.ifrs.org/taxonomy/2023-03-23/full_ifrs/full_ifrs-cor_2023-03-23.xsd#ifrs-full_ActuarialAssumptionsAxis" xlink:label="ActuarialAssumptionsAxis"/>
    <link:loc xlink:type="locator" xlink:href="https://xbrl.ifrs.org/taxonomy/2023-03-23/full_ifrs/full_ifrs-cor_2023-03-23.xsd#ifrs-full_ActuarialAssumptionsMember" xlink:label="ActuarialAssumptionsMember"/>
    <link:definitionArc xlink:type="arc" xlink:arcrole="http://xbrl.org/int/dim/arcrole/dimension-default" xlink:from="ActuarialAssumptionsAxis" xlink:to="ActuarialAssumptionsMember" order="1.0"/>
    <link:loc xlink:type="locator" xlink:href="https://xbrl.ifrs.org/taxonomy/2023-03-23/full_ifrs/full_ifrs-cor_2023-03-23.xsd#ifrs-full_TemporaryDifferenceUnusedTaxLossesAndUnusedTaxCreditsAxis" xlink:label="TemporaryDifferenceUnusedTaxLossesAndUnusedTaxCreditsAxis"/>
    <link:loc xlink:type="locator" xlink:href="https://xbrl.ifrs.org/taxonomy/2023-03-23/full_ifrs/full_ifrs-cor_2023-03-23.xsd#ifrs-full_TemporaryDifferenceUnusedTaxLossesAndUnusedTaxCreditsMember" xlink:label="TemporaryDifferenceUnusedTaxLossesAndUnusedTaxCreditsMember"/>
    <link:definitionArc xlink:type="arc" xlink:arcrole="http://xbrl.org/int/dim/arcrole/dimension-default" xlink:from="TemporaryDifferenceUnusedTaxLossesAndUnusedTaxCreditsAxis" xlink:to="TemporaryDifferenceUnusedTaxLossesAndUnusedTaxCreditsMember" order="1.0"/>
    <link:loc xlink:type="locator" xlink:href="https://xbrl.ifrs.org/taxonomy/2023-03-23/full_ifrs/full_ifrs-cor_2023-03-23.xsd#ifrs-full_DisaggregationOfInsuranceContractsAxis" xlink:label="DisaggregationOfInsuranceContractsAxis"/>
    <link:loc xlink:type="locator" xlink:href="https://xbrl.ifrs.org/taxonomy/2023-03-23/full_ifrs/full_ifrs-cor_2023-03-23.xsd#ifrs-full_DisaggregationOfInsuranceContractsMember" xlink:label="DisaggregationOfInsuranceContractsMember"/>
    <link:definitionArc xlink:type="arc" xlink:arcrole="http://xbrl.org/int/dim/arcrole/dimension-default" xlink:from="DisaggregationOfInsuranceContractsAxis" xlink:to="DisaggregationOfInsuranceContractsMember" order="1.0"/>
    <link:loc xlink:type="locator" xlink:href="https://xbrl.ifrs.org/taxonomy/2023-03-23/full_ifrs/full_ifrs-cor_2023-03-23.xsd#ifrs-full_InsuranceContractsByRemainingCoverageAndIncurredClaimsAxis" xlink:label="InsuranceContractsByRemainingCoverageAndIncurredClaimsAxis"/>
    <link:loc xlink:type="locator" xlink:href="https://xbrl.ifrs.org/taxonomy/2023-03-23/full_ifrs/full_ifrs-cor_2023-03-23.xsd#ifrs-full_InsuranceContractsByRemainingCoverageAndIncurredClaimsMember" xlink:label="InsuranceContractsByRemainingCoverageAndIncurredClaimsMember"/>
    <link:definitionArc xlink:type="arc" xlink:arcrole="http://xbrl.org/int/dim/arcrole/dimension-default" xlink:from="InsuranceContractsByRemainingCoverageAndIncurredClaimsAxis" xlink:to="InsuranceContractsByRemainingCoverageAndIncurredClaimsMember" order="1.0"/>
    <link:loc xlink:type="locator" xlink:href="https://xbrl.ifrs.org/taxonomy/2023-03-23/full_ifrs/full_ifrs-cor_2023-03-23.xsd#ifrs-full_InsuranceContractsByComponentsAxis" xlink:label="InsuranceContractsByComponentsAxis"/>
    <link:loc xlink:type="locator" xlink:href="https://xbrl.ifrs.org/taxonomy/2023-03-23/full_ifrs/full_ifrs-cor_2023-03-23.xsd#ifrs-full_InsuranceContractsByComponentsMember" xlink:label="InsuranceContractsByComponentsMember"/>
    <link:definitionArc xlink:type="arc" xlink:arcrole="http://xbrl.org/int/dim/arcrole/dimension-default" xlink:from="InsuranceContractsByComponentsAxis" xlink:to="InsuranceContractsByComponentsMember" order="1.0"/>
    <link:loc xlink:type="locator" xlink:href="https://xbrl.ifrs.org/taxonomy/2023-03-23/full_ifrs/full_ifrs-cor_2023-03-23.xsd#ifrs-full_InsuranceContractsAxis" xlink:label="InsuranceContractsAxis"/>
    <link:loc xlink:type="locator" xlink:href="https://xbrl.ifrs.org/taxonomy/2023-03-23/full_ifrs/full_ifrs-cor_2023-03-23.xsd#ifrs-full_InsuranceContractsMember2017" xlink:label="InsuranceContractsMember2017"/>
    <link:definitionArc xlink:type="arc" xlink:arcrole="http://xbrl.org/int/dim/arcrole/dimension-default" xlink:from="InsuranceContractsAxis" xlink:to="InsuranceContractsMember2017" order="1.0"/>
    <link:loc xlink:type="locator" xlink:href="https://xbrl.ifrs.org/taxonomy/2023-03-23/full_ifrs/full_ifrs-cor_2023-03-23.xsd#ifrs-full_EffectOfAdjustmentsMadeWhenEntityChangedBasisOfDisaggregationOfInsuranceFinanceIncomeExpensesBetweenProfitOrLossAndOtherComprehensiveIncomeForContractsWithDirectParticipationFeaturesAxis" xlink:label="EffectOfAdjustmentsMadeWhenEntityChangedBasisOfDisaggregationOfInsuranceFinanceIncomeExpensesBetweenProfitOrLossAndOtherComprehensiveIncomeForContractsWithDirectParticipationFeaturesAxis"/>
    <link:loc xlink:type="locator" xlink:href="https://xbrl.ifrs.org/taxonomy/2023-03-23/full_ifrs/full_ifrs-cor_2023-03-23.xsd#ifrs-full_RestatedMember" xlink:label="RestatedMember"/>
    <link:definitionArc xlink:type="arc" xlink:arcrole="http://xbrl.org/int/dim/arcrole/dimension-default" xlink:from="EffectOfAdjustmentsMadeWhenEntityChangedBasisOfDisaggregationOfInsuranceFinanceIncomeExpensesBetweenProfitOrLossAndOtherComprehensiveIncomeForContractsWithDirectParticipationFeaturesAxis" xlink:to="RestatedMember" order="1.0"/>
    <link:loc xlink:type="locator" xlink:href="https://xbrl.ifrs.org/taxonomy/2023-03-23/full_ifrs/full_ifrs-cor_2023-03-23.xsd#ifrs-full_MethodsUsedToMeasureContractsWithinScopeOfIFRS17Axis" xlink:label="MethodsUsedToMeasureContractsWithinScopeOfIFRS17Axis"/>
    <link:loc xlink:type="locator" xlink:href="https://xbrl.ifrs.org/taxonomy/2023-03-23/full_ifrs/full_ifrs-cor_2023-03-23.xsd#ifrs-full_MethodsUsedToMeasureContractsWithinScopeOfIFRS17Member" xlink:label="MethodsUsedToMeasureContractsWithinScopeOfIFRS17Member"/>
    <link:definitionArc xlink:type="arc" xlink:arcrole="http://xbrl.org/int/dim/arcrole/dimension-default" xlink:from="MethodsUsedToMeasureContractsWithinScopeOfIFRS17Axis" xlink:to="MethodsUsedToMeasureContractsWithinScopeOfIFRS17Member" order="1.0"/>
    <link:loc xlink:type="locator" xlink:href="https://xbrl.ifrs.org/taxonomy/2023-03-23/full_ifrs/full_ifrs-cor_2023-03-23.xsd#ifrs-full_InputsToMethodsUsedToMeasureContractsWithinScopeOfIFRS17Axis" xlink:label="InputsToMethodsUsedToMeasureContractsWithinScopeOfIFRS17Axis"/>
    <link:loc xlink:type="locator" xlink:href="https://xbrl.ifrs.org/taxonomy/2023-03-23/full_ifrs/full_ifrs-cor_2023-03-23.xsd#ifrs-full_InputsToMethodsUsedToMeasureContractsWithinScopeOfIFRS17Member" xlink:label="InputsToMethodsUsedToMeasureContractsWithinScopeOfIFRS17Member"/>
    <link:definitionArc xlink:type="arc" xlink:arcrole="http://xbrl.org/int/dim/arcrole/dimension-default" xlink:from="InputsToMethodsUsedToMeasureContractsWithinScopeOfIFRS17Axis" xlink:to="InputsToMethodsUsedToMeasureContractsWithinScopeOfIFRS17Member" order="1.0"/>
    <link:loc xlink:type="locator" xlink:href="https://xbrl.ifrs.org/taxonomy/2023-03-23/full_ifrs/full_ifrs-cor_2023-03-23.xsd#ifrs-full_ConcentrationsOfRiskAxis" xlink:label="ConcentrationsOfRiskAxis"/>
    <link:loc xlink:type="locator" xlink:href="https://xbrl.ifrs.org/taxonomy/2023-03-23/full_ifrs/full_ifrs-cor_2023-03-23.xsd#ifrs-full_ConcentrationsOfRiskMember" xlink:label="ConcentrationsOfRiskMember"/>
    <link:definitionArc xlink:type="arc" xlink:arcrole="http://xbrl.org/int/dim/arcrole/dimension-default" xlink:from="ConcentrationsOfRiskAxis" xlink:to="ConcentrationsOfRiskMember" order="1.0"/>
    <link:loc xlink:type="locator" xlink:href="https://xbrl.ifrs.org/taxonomy/2023-03-23/full_ifrs/full_ifrs-cor_2023-03-23.xsd#ifrs-full_RiskExposuresAxis" xlink:label="RiskExposuresAxis"/>
    <link:loc xlink:type="locator" xlink:href="https://xbrl.ifrs.org/taxonomy/2023-03-23/full_ifrs/full_ifrs-cor_2023-03-23.xsd#ifrs-full_RiskExposuresMember" xlink:label="RiskExposuresMember"/>
    <link:definitionArc xlink:type="arc" xlink:arcrole="http://xbrl.org/int/dim/arcrole/dimension-default" xlink:from="RiskExposuresAxis" xlink:to="RiskExposuresMember" order="1.0"/>
    <link:loc xlink:type="locator" xlink:href="https://xbrl.ifrs.org/taxonomy/2023-03-23/full_ifrs/full_ifrs-cor_2023-03-23.xsd#ifrs-full_YearsOfInsuranceClaimAxis" xlink:label="YearsOfInsuranceClaimAxis"/>
    <link:loc xlink:type="locator" xlink:href="https://xbrl.ifrs.org/taxonomy/2023-03-23/full_ifrs/full_ifrs-cor_2023-03-23.xsd#ifrs-full_AllYearsOfInsuranceClaimMember" xlink:label="AllYearsOfInsuranceClaimMember"/>
    <link:definitionArc xlink:type="arc" xlink:arcrole="http://xbrl.org/int/dim/arcrole/dimension-default" xlink:from="YearsOfInsuranceClaimAxis" xlink:to="AllYearsOfInsuranceClaimMember" order="1.0"/>
    <link:loc xlink:type="locator" xlink:href="https://xbrl.ifrs.org/taxonomy/2023-03-23/full_ifrs/full_ifrs-cor_2023-03-23.xsd#ifrs-full_UnderlyingEquityInstrumentAndDepositaryReceiptsAxis" xlink:label="UnderlyingEquityInstrumentAndDepositaryReceiptsAxis"/>
    <link:loc xlink:type="locator" xlink:href="https://xbrl.ifrs.org/taxonomy/2023-03-23/full_ifrs/full_ifrs-cor_2023-03-23.xsd#ifrs-full_UnderlyingEquityInstrumentMember" xlink:label="UnderlyingEquityInstrumentMember"/>
    <link:definitionArc xlink:type="arc" xlink:arcrole="http://xbrl.org/int/dim/arcrole/dimension-default" xlink:from="UnderlyingEquityInstrumentAndDepositaryReceiptsAxis" xlink:to="UnderlyingEquityInstrumentMember" order="1.0"/>
    <link:loc xlink:type="locator" xlink:href="https://xbrl.ifrs.org/taxonomy/2023-03-23/full_ifrs/full_ifrs-cor_2023-03-23.xsd#ifrs-full_LiabilitiesArisingFromFinancingActivitiesAxis" xlink:label="LiabilitiesArisingFromFinancingActivitiesAxis"/>
    <link:loc xlink:type="locator" xlink:href="https://xbrl.ifrs.org/taxonomy/2023-03-23/full_ifrs/full_ifrs-cor_2023-03-23.xsd#ifrs-full_LiabilitiesArisingFromFinancingActivitiesMember" xlink:label="LiabilitiesArisingFromFinancingActivitiesMember"/>
    <link:definitionArc xlink:type="arc" xlink:arcrole="http://xbrl.org/int/dim/arcrole/dimension-default" xlink:from="LiabilitiesArisingFromFinancingActivitiesAxis" xlink:to="LiabilitiesArisingFromFinancingActivitiesMember" order="1.0"/>
    <link:loc xlink:type="locator" xlink:href="https://xbrl.ifrs.org/taxonomy/2023-03-23/full_ifrs/full_ifrs-cor_2023-03-23.xsd#ifrs-full_ComponentsOfEquityAxis" xlink:label="ComponentsOfEquityAxis"/>
    <link:loc xlink:type="locator" xlink:href="https://xbrl.ifrs.org/taxonomy/2023-03-23/full_ifrs/full_ifrs-cor_2023-03-23.xsd#ifrs-full_EquityMember" xlink:label="EquityMember"/>
    <link:definitionArc xlink:type="arc" xlink:arcrole="http://xbrl.org/int/dim/arcrole/dimension-default" xlink:from="ComponentsOfEquityAxis" xlink:to="EquityMember" order="1.0"/>
    <link:loc xlink:type="locator" xlink:href="https://xbrl.ifrs.org/taxonomy/2023-03-23/full_ifrs/full_ifrs-cor_2023-03-23.xsd#ifrs-full_ClassesOfShareCapitalAxis" xlink:label="ClassesOfShareCapitalAxis"/>
    <link:loc xlink:type="locator" xlink:href="https://xbrl.ifrs.org/taxonomy/2023-03-23/full_ifrs/full_ifrs-cor_2023-03-23.xsd#ifrs-full_ClassesOfShareCapitalMember" xlink:label="ClassesOfShareCapitalMember"/>
    <link:definitionArc xlink:type="arc" xlink:arcrole="http://xbrl.org/int/dim/arcrole/dimension-default" xlink:from="ClassesOfShareCapitalAxis" xlink:to="ClassesOfShareCapitalMember" order="1.0"/>
    <link:loc xlink:type="locator" xlink:href="https://xbrl.ifrs.org/taxonomy/2023-03-23/full_ifrs/full_ifrs-cor_2023-03-23.xsd#ifrs-full_ReservesWithinEquityAxis" xlink:label="ReservesWithinEquityAxis"/>
    <link:loc xlink:type="locator" xlink:href="https://xbrl.ifrs.org/taxonomy/2023-03-23/full_ifrs/full_ifrs-cor_2023-03-23.xsd#ifrs-full_OtherReservesMember" xlink:label="OtherReservesMember"/>
    <link:definitionArc xlink:type="arc" xlink:arcrole="http://xbrl.org/int/dim/arcrole/dimension-default" xlink:from="ReservesWithinEquityAxis" xlink:to="OtherReservesMember" order="1.0"/>
    <link:loc xlink:type="locator" xlink:href="https://xbrl.ifrs.org/taxonomy/2023-03-23/full_ifrs/full_ifrs-cor_2023-03-23.xsd#ifrs-full_SegmentConsolidationItemsAxis" xlink:label="SegmentConsolidationItemsAxis"/>
    <link:loc xlink:type="locator" xlink:href="https://xbrl.ifrs.org/taxonomy/2023-03-23/full_ifrs/full_ifrs-cor_2023-03-23.xsd#ifrs-full_EntitysTotalForSegmentConsolidationItemsMember" xlink:label="EntitysTotalForSegmentConsolidationItemsMember"/>
    <link:definitionArc xlink:type="arc" xlink:arcrole="http://xbrl.org/int/dim/arcrole/dimension-default" xlink:from="SegmentConsolidationItemsAxis" xlink:to="EntitysTotalForSegmentConsolidationItemsMember" order="1.0"/>
    <link:loc xlink:type="locator" xlink:href="https://xbrl.ifrs.org/taxonomy/2023-03-23/full_ifrs/full_ifrs-cor_2023-03-23.xsd#ifrs-full_MajorCustomersAxis" xlink:label="MajorCustomersAxis"/>
    <link:loc xlink:type="locator" xlink:href="https://xbrl.ifrs.org/taxonomy/2023-03-23/full_ifrs/full_ifrs-cor_2023-03-23.xsd#ifrs-full_MajorCustomersMember" xlink:label="MajorCustomersMember"/>
    <link:definitionArc xlink:type="arc" xlink:arcrole="http://xbrl.org/int/dim/arcrole/dimension-default" xlink:from="MajorCustomersAxis" xlink:to="MajorCustomersMember" order="1.0"/>
    <link:loc xlink:type="locator" xlink:href="https://xbrl.ifrs.org/taxonomy/2023-03-23/full_ifrs/full_ifrs-cor_2023-03-23.xsd#ifrs-full_DepartureFromRequirementOfIFRSAxis" xlink:label="DepartureFromRequirementOfIFRSAxis"/>
    <link:definitionArc xlink:type="arc" xlink:arcrole="http://xbrl.org/int/dim/arcrole/dimension-default" xlink:from="DepartureFromRequirementOfIFRSAxis" xlink:to="RestatedMember" order="1.0"/>
    <link:loc xlink:type="locator" xlink:href="https://xbrl.ifrs.org/taxonomy/2023-03-23/full_ifrs/full_ifrs-cor_2023-03-23.xsd#ifrs-full_CreationDateAxis" xlink:label="CreationDateAxis"/>
    <link:loc xlink:type="locator" xlink:href="https://xbrl.ifrs.org/taxonomy/2023-03-23/full_ifrs/full_ifrs-cor_2023-03-23.xsd#ifrs-full_DefaultFinancialStatementsDateMember" xlink:label="DefaultFinancialStatementsDateMember"/>
    <link:definitionArc xlink:type="arc" xlink:arcrole="http://xbrl.org/int/dim/arcrole/dimension-default" xlink:from="CreationDateAxis" xlink:to="DefaultFinancialStatementsDateMember" order="1.0"/>
    <link:loc xlink:type="locator" xlink:href="https://xbrl.ifrs.org/taxonomy/2023-03-23/full_ifrs/full_ifrs-cor_2023-03-23.xsd#ifrs-full_AssetsAndLiabilitiesClassifiedAsHeldForSaleAxis" xlink:label="AssetsAndLiabilitiesClassifiedAsHeldForSaleAxis"/>
    <link:loc xlink:type="locator" xlink:href="https://xbrl.ifrs.org/taxonomy/2023-03-23/full_ifrs/full_ifrs-cor_2023-03-23.xsd#ifrs-full_AssetsAndLiabilitiesNotClassifiedAsHeldForSaleMember" xlink:label="AssetsAndLiabilitiesNotClassifiedAsHeldForSaleMember"/>
    <link:definitionArc xlink:type="arc" xlink:arcrole="http://xbrl.org/int/dim/arcrole/dimension-default" xlink:from="AssetsAndLiabilitiesClassifiedAsHeldForSaleAxis" xlink:to="AssetsAndLiabilitiesNotClassifiedAsHeldForSaleMember" order="1.0"/>
    <link:loc xlink:type="locator" xlink:href="https://xbrl.ifrs.org/taxonomy/2023-03-23/full_ifrs/full_ifrs-cor_2023-03-23.xsd#ifrs-full_CurrencyInWhichInformationIsDisplayedAxis" xlink:label="CurrencyInWhichInformationIsDisplayedAxis"/>
    <link:loc xlink:type="locator" xlink:href="https://xbrl.ifrs.org/taxonomy/2023-03-23/full_ifrs/full_ifrs-cor_2023-03-23.xsd#ifrs-full_FunctionalOrPresentationCurrencyMember" xlink:label="FunctionalOrPresentationCurrencyMember"/>
    <link:definitionArc xlink:type="arc" xlink:arcrole="http://xbrl.org/int/dim/arcrole/dimension-default" xlink:from="CurrencyInWhichInformationIsDisplayedAxis" xlink:to="FunctionalOrPresentationCurrencyMember" order="1.0"/>
    <link:loc xlink:type="locator" xlink:href="https://xbrl.ifrs.org/taxonomy/2023-03-23/full_ifrs/full_ifrs-cor_2023-03-23.xsd#ifrs-full_RetrospectiveApplicationAndRetrospectiveRestatementAxis" xlink:label="RetrospectiveApplicationAndRetrospectiveRestatementAxis"/>
    <link:definitionArc xlink:type="arc" xlink:arcrole="http://xbrl.org/int/dim/arcrole/dimension-default" xlink:from="RetrospectiveApplicationAndRetrospectiveRestatementAxis" xlink:to="RestatedMember" order="1.0"/>
    <link:loc xlink:type="locator" xlink:href="https://xbrl.ifrs.org/taxonomy/2023-03-23/full_ifrs/full_ifrs-cor_2023-03-23.xsd#ifrs-full_CumulativeEffectAtDateOfInitialApplicationAxis" xlink:label="CumulativeEffectAtDateOfInitialApplicationAxis"/>
    <link:loc xlink:type="locator" xlink:href="https://xbrl.ifrs.org/taxonomy/2023-03-23/full_ifrs/full_ifrs-cor_2023-03-23.xsd#ifrs-full_OpeningBalanceBeforeAdjustmentCumulativeEffectAtDateOfInitialApplicationMember" xlink:label="OpeningBalanceBeforeAdjustmentCumulativeEffectAtDateOfInitialApplicationMember"/>
    <link:definitionArc xlink:type="arc" xlink:arcrole="http://xbrl.org/int/dim/arcrole/dimension-default" xlink:from="CumulativeEffectAtDateOfInitialApplicationAxis" xlink:to="OpeningBalanceBeforeAdjustmentCumulativeEffectAtDateOfInitialApplicationMember" order="1.0"/>
    <link:loc xlink:type="locator" xlink:href="../../../def/coop/coop-cor_2023-09-30.xsd#coop_ComponentsOfMembersSharesAndReservesAxis" xlink:label="ComponentsOfMembersSharesAndReservesAxis"/>
    <link:loc xlink:type="locator" xlink:href="../../../def/coop/coop-cor_2023-09-30.xsd#coop_MembersSharesAndReservesMember" xlink:label="MembersSharesAndReservesMember"/>
    <link:definitionArc xlink:type="arc" xlink:arcrole="http://xbrl.org/int/dim/arcrole/dimension-default" xlink:from="ComponentsOfMembersSharesAndReservesAxis" xlink:to="MembersSharesAndReservesMember" order="1.0"/>
  </link:definitionLink>
</link:linkbase>
