<?xml version="1.0" encoding="UTF-8"?>
<!--  Companies & Intellectual Property Commission  -->
<link:linkbase xmlns:xsi="http://www.w3.org/2001/XMLSchema-instance" xsi:schemaLocation="http://www.xbrl.org/2003/linkbase http://www.xbrl.org/2003/xbrl-linkbase-2003-12-31.xsd http://www.w3.org/1999/xlink http://www.xbrl.org/2003/xlink-2003-12-31.xsd" xmlns:link="http://www.xbrl.org/2003/linkbase" xmlns:xbrldt="http://xbrl.org/2005/xbrldt" xmlns:xlink="http://www.w3.org/1999/xlink">
  <link:roleRef roleURI="http://xbrl.cipc.co.za/taxonomy/ca/role/enum/999013/Enumerations-TypeOfMembershipProvidedForByTheCooperative" xlink:type="simple" xlink:href="rol_cipc_ca-enum_2023-09-30.xsd#Enumerations-TypeOfMembershipProvidedForByTheCooperative"/>
  <link:roleRef roleURI="http://xbrl.cipc.co.za/taxonomy/ca/role/enum/999001/Enumerations-RecognisedProfession" xlink:type="simple" xlink:href="rol_cipc_ca-enum_2023-09-30.xsd#Enumerations-RecognisedProfession"/>
  <link:roleRef roleURI="http://xbrl.cipc.co.za/taxonomy/ca/role/enum/999008/Enumerations-OccurrenceOfScenarioForSolvencyAndLiquidityTests" xlink:type="simple" xlink:href="rol_cipc_ca-enum_2023-09-30.xsd#Enumerations-OccurrenceOfScenarioForSolvencyAndLiquidityTests"/>
  <link:roleRef roleURI="http://xbrl.cipc.co.za/taxonomy/ca/role/enum/999009/Enumerations-B-BBEEcontributorLevel" xlink:type="simple" xlink:href="rol_cipc_ca-enum_2023-09-30.xsd#Enumerations-B-BBEEcontributorLevel"/>
  <link:roleRef roleURI="http://xbrl.cipc.co.za/taxonomy/ca/role/enum/999004/Enumerations-TypeOfCompany" xlink:type="simple" xlink:href="rol_cipc_ca-enum_2023-09-30.xsd#Enumerations-TypeOfCompany"/>
  <link:roleRef roleURI="http://xbrl.cipc.co.za/taxonomy/ca/role/enum/999003/Enumerations-StatusOfDirectorOrPrescribedOfficer" xlink:type="simple" xlink:href="rol_cipc_ca-enum_2023-09-30.xsd#Enumerations-StatusOfDirectorOrPrescribedOfficer"/>
  <link:roleRef roleURI="http://xbrl.cipc.co.za/taxonomy/ca/role/enum/999005/Enumerations-TypeOfAuditorsOpinion" xlink:type="simple" xlink:href="rol_cipc_ca-enum_2023-09-30.xsd#Enumerations-TypeOfAuditorsOpinion"/>
  <link:roleRef roleURI="http://xbrl.cipc.co.za/taxonomy/ca/role/enum/999006/Enumerations-ComplianceWithStandard" xlink:type="simple" xlink:href="rol_cipc_ca-enum_2023-09-30.xsd#Enumerations-ComplianceWithStandard"/>
  <link:roleRef roleURI="http://xbrl.cipc.co.za/taxonomy/ca/role/enum/999011/Enumerations-TypeOfAssurance" xlink:type="simple" xlink:href="rol_cipc_ca-enum_2023-09-30.xsd#Enumerations-TypeOfAssurance"/>
  <link:roleRef roleURI="http://xbrl.cipc.co.za/taxonomy/ca/role/enum/999007/Enumerations-ExecutiveOrNonexecutive" xlink:type="simple" xlink:href="rol_cipc_ca-enum_2023-09-30.xsd#Enumerations-ExecutiveOrNonexecutive"/>
  <link:roleRef roleURI="http://xbrl.cipc.co.za/taxonomy/ca/role/enum/999010/Enumerations-ClassesOfSecuritiesHeld" xlink:type="simple" xlink:href="rol_cipc_ca-enum_2023-09-30.xsd#Enumerations-ClassesOfSecuritiesHeld"/>
  <link:roleRef roleURI="http://xbrl.cipc.co.za/taxonomy/ca/role/enum/999012/Enumerations-Provinces" xlink:type="simple" xlink:href="rol_cipc_ca-enum_2023-09-30.xsd#Enumerations-Provinces"/>
  <link:roleRef roleURI="http://xbrl.cipc.co.za/taxonomy/ca/role/enum/999002/Enumerations-Frequency" xlink:type="simple" xlink:href="rol_cipc_ca-enum_2023-09-30.xsd#Enumerations-Frequency"/>
  <link:roleRef roleURI="http://xbrl.cipc.co.za/taxonomy/ca/role/enum/999014/Enumerations-DescriptionOfNatureOfFinancialStatements" xlink:type="simple" xlink:href="rol_cipc_ca-enum_2023-09-30.xsd#Enumerations-DescriptionOfNatureOfFinancialStatements"/>
  <link:arcroleRef arcroleURI="http://xbrl.org/int/dim/arcrole/dimension-domain" xlink:type="simple" xlink:href="http://www.xbrl.org/2005/xbrldt-2005.xsd#dimension-domain"/>
  <link:arcroleRef arcroleURI="http://xbrl.org/int/dim/arcrole/domain-member" xlink:type="simple" xlink:href="http://www.xbrl.org/2005/xbrldt-2005.xsd#domain-member"/>
  <link:definitionLink xlink:type="extended" xlink:role="http://xbrl.cipc.co.za/taxonomy/ca/role/enum/999001/Enumerations-RecognisedProfession">
    <link:loc xlink:type="locator" xlink:href="cipc_ca-enum_2023-09-30.xsd#cipc-ca-enum_RecognisedProfessionList" xlink:label="loc_2"/>
    <link:loc xlink:type="locator" xlink:href="cipc_ca-enum_2023-09-30.xsd#cipc-ca-enum_SouthAfricanInstituteOfCharteredAccountants" xlink:label="loc_3"/>
    <link:definitionArc xlink:type="arc" xlink:arcrole="http://xbrl.org/int/dim/arcrole/domain-member" xlink:from="loc_2" xlink:to="loc_3" order="1.0"/>
    <link:loc xlink:type="locator" xlink:href="cipc_ca-enum_2023-09-30.xsd#cipc-ca-enum_IndependentRegulatoryBoardOfAuditors" xlink:label="loc_4"/>
    <link:definitionArc xlink:type="arc" xlink:arcrole="http://xbrl.org/int/dim/arcrole/domain-member" xlink:from="loc_2" xlink:to="loc_4" order="2.0"/>
    <link:loc xlink:type="locator" xlink:href="cipc_ca-enum_2023-09-30.xsd#cipc-ca-enum_SouthernAfricanInstituteOfCharteredSecretariesAndAdministrators" xlink:label="loc_5"/>
    <link:definitionArc xlink:type="arc" xlink:arcrole="http://xbrl.org/int/dim/arcrole/domain-member" xlink:from="loc_2" xlink:to="loc_5" order="3.0"/>
    <link:loc xlink:type="locator" xlink:href="cipc_ca-enum_2023-09-30.xsd#cipc-ca-enum_AssociationOfCharteredCertifiedAccountants" xlink:label="loc_6"/>
    <link:definitionArc xlink:type="arc" xlink:arcrole="http://xbrl.org/int/dim/arcrole/domain-member" xlink:from="loc_2" xlink:to="loc_6" order="4.0"/>
    <link:loc xlink:type="locator" xlink:href="cipc_ca-enum_2023-09-30.xsd#cipc-ca-enum_CharteredInstituteOfManagementAccountants" xlink:label="loc_7"/>
    <link:definitionArc xlink:type="arc" xlink:arcrole="http://xbrl.org/int/dim/arcrole/domain-member" xlink:from="loc_2" xlink:to="loc_7" order="5.0"/>
    <link:loc xlink:type="locator" xlink:href="cipc_ca-enum_2023-09-30.xsd#cipc-ca-enum_SouthAfricanInstituteOfProfessionalAccountants" xlink:label="loc_8"/>
    <link:definitionArc xlink:type="arc" xlink:arcrole="http://xbrl.org/int/dim/arcrole/domain-member" xlink:from="loc_2" xlink:to="loc_8" order="6.0"/>
    <link:loc xlink:type="locator" xlink:href="cipc_ca-enum_2023-09-30.xsd#cipc-ca-enum_SouthAfricanInstituteOfBusinessAccountants" xlink:label="loc_9"/>
    <link:definitionArc xlink:type="arc" xlink:arcrole="http://xbrl.org/int/dim/arcrole/domain-member" xlink:from="loc_2" xlink:to="loc_9" order="7.0"/>
    <link:loc xlink:type="locator" xlink:href="cipc_ca-enum_2023-09-30.xsd#cipc-ca-enum_InstituteOfAdministrationAndCommerce" xlink:label="loc_10"/>
    <link:definitionArc xlink:type="arc" xlink:arcrole="http://xbrl.org/int/dim/arcrole/domain-member" xlink:from="loc_2" xlink:to="loc_10" order="8.0"/>
    <link:loc xlink:type="locator" xlink:href="cipc_ca-enum_2023-09-30.xsd#cipc-ca-enum_SouthAfricanInstituteOfGovernmentAuditors" xlink:label="loc_11"/>
    <link:definitionArc xlink:type="arc" xlink:arcrole="http://xbrl.org/int/dim/arcrole/domain-member" xlink:from="loc_2" xlink:to="loc_11" order="9.0"/>
    <link:loc xlink:type="locator" xlink:href="cipc_ca-enum_2023-09-30.xsd#cipc-ca-enum_CharteredInstituteOfBusinessManagement" xlink:label="loc_12"/>
    <link:definitionArc xlink:type="arc" xlink:arcrole="http://xbrl.org/int/dim/arcrole/domain-member" xlink:from="loc_2" xlink:to="loc_12" order="10.0"/>
    <link:loc xlink:type="locator" xlink:href="cipc_ca-enum_2023-09-30.xsd#cipc-ca-enum_RecognisedProfessionOther" xlink:label="loc_13"/>
    <link:definitionArc xlink:type="arc" xlink:arcrole="http://xbrl.org/int/dim/arcrole/domain-member" xlink:from="loc_2" xlink:to="loc_13" order="11.0"/>
  </link:definitionLink>
  <link:definitionLink xlink:type="extended" xlink:role="http://xbrl.cipc.co.za/taxonomy/ca/role/enum/999002/Enumerations-Frequency">
    <link:loc xlink:type="locator" xlink:href="cipc_ca-enum_2023-09-30.xsd#cipc-ca-enum_FrequencyList" xlink:label="loc_2"/>
    <link:loc xlink:type="locator" xlink:href="cipc_ca-enum_2023-09-30.xsd#cipc-ca-enum_Monthly" xlink:label="loc_3"/>
    <link:definitionArc xlink:type="arc" xlink:arcrole="http://xbrl.org/int/dim/arcrole/domain-member" xlink:from="loc_2" xlink:to="loc_3" order="1.0"/>
    <link:loc xlink:type="locator" xlink:href="cipc_ca-enum_2023-09-30.xsd#cipc-ca-enum_Quarterly" xlink:label="loc_4"/>
    <link:definitionArc xlink:type="arc" xlink:arcrole="http://xbrl.org/int/dim/arcrole/domain-member" xlink:from="loc_2" xlink:to="loc_4" order="2.0"/>
    <link:loc xlink:type="locator" xlink:href="cipc_ca-enum_2023-09-30.xsd#cipc-ca-enum_Semiannually" xlink:label="loc_5"/>
    <link:definitionArc xlink:type="arc" xlink:arcrole="http://xbrl.org/int/dim/arcrole/domain-member" xlink:from="loc_2" xlink:to="loc_5" order="3.0"/>
    <link:loc xlink:type="locator" xlink:href="cipc_ca-enum_2023-09-30.xsd#cipc-ca-enum_Annually" xlink:label="loc_6"/>
    <link:definitionArc xlink:type="arc" xlink:arcrole="http://xbrl.org/int/dim/arcrole/domain-member" xlink:from="loc_2" xlink:to="loc_6" order="4.0"/>
    <link:loc xlink:type="locator" xlink:href="cipc_ca-enum_2023-09-30.xsd#cipc-ca-enum_Never" xlink:label="loc_7"/>
    <link:definitionArc xlink:type="arc" xlink:arcrole="http://xbrl.org/int/dim/arcrole/domain-member" xlink:from="loc_2" xlink:to="loc_7" order="5.0"/>
  </link:definitionLink>
  <link:definitionLink xlink:type="extended" xlink:role="http://xbrl.cipc.co.za/taxonomy/ca/role/enum/999003/Enumerations-StatusOfDirectorOrPrescribedOfficer">
    <link:loc xlink:type="locator" xlink:href="cipc_ca-enum_2023-09-30.xsd#cipc-ca-enum_StatusOfDirectorOrPrescribedOfficerList" xlink:label="loc_2"/>
    <link:loc xlink:type="locator" xlink:href="cipc_ca-enum_2023-09-30.xsd#cipc-ca-enum_CurrentDirectorsAndIndividuals" xlink:label="loc_3"/>
    <link:definitionArc xlink:type="arc" xlink:arcrole="http://xbrl.org/int/dim/arcrole/domain-member" xlink:from="loc_2" xlink:to="loc_3" order="1.0"/>
    <link:loc xlink:type="locator" xlink:href="cipc_ca-enum_2023-09-30.xsd#cipc-ca-enum_PastDirectors" xlink:label="loc_4"/>
    <link:definitionArc xlink:type="arc" xlink:arcrole="http://xbrl.org/int/dim/arcrole/domain-member" xlink:from="loc_2" xlink:to="loc_4" order="2.0"/>
    <link:loc xlink:type="locator" xlink:href="cipc_ca-enum_2023-09-30.xsd#cipc-ca-enum_FutureDirectors" xlink:label="loc_5"/>
    <link:definitionArc xlink:type="arc" xlink:arcrole="http://xbrl.org/int/dim/arcrole/domain-member" xlink:from="loc_2" xlink:to="loc_5" order="3.0"/>
  </link:definitionLink>
  <link:definitionLink xlink:type="extended" xlink:role="http://xbrl.cipc.co.za/taxonomy/ca/role/enum/999004/Enumerations-TypeOfCompany">
    <link:loc xlink:type="locator" xlink:href="cipc_ca-enum_2023-09-30.xsd#cipc-ca-enum_TypeOfCompanyList" xlink:label="loc_2"/>
    <link:loc xlink:type="locator" xlink:href="cipc_ca-enum_2023-09-30.xsd#cipc-ca-enum_ProfitCompany" xlink:label="loc_3"/>
    <link:definitionArc xlink:type="arc" xlink:arcrole="http://xbrl.org/int/dim/arcrole/domain-member" xlink:from="loc_2" xlink:to="loc_3" order="1.0"/>
    <link:loc xlink:type="locator" xlink:href="cipc_ca-enum_2023-09-30.xsd#cipc-ca-enum_DomesticPublicListedCompany" xlink:label="loc_1"/>
    <link:definitionArc xlink:type="arc" xlink:arcrole="http://xbrl.org/int/dim/arcrole/domain-member" xlink:from="loc_3" xlink:to="loc_1" order="1.0"/>
    <link:loc xlink:type="locator" xlink:href="cipc_ca-enum_2023-09-30.xsd#cipc-ca-enum_DomesticProfitCompany" xlink:label="loc_4"/>
    <link:definitionArc xlink:type="arc" xlink:arcrole="http://xbrl.org/int/dim/arcrole/domain-member" xlink:from="loc_3" xlink:to="loc_4" order="2.0"/>
    <link:loc xlink:type="locator" xlink:href="cipc_ca-enum_2023-09-30.xsd#cipc-ca-enum_DomesticStateOwnedCompany" xlink:label="loc_5"/>
    <link:definitionArc xlink:type="arc" xlink:arcrole="http://xbrl.org/int/dim/arcrole/domain-member" xlink:from="loc_4" xlink:to="loc_5" order="1.0"/>
    <link:loc xlink:type="locator" xlink:href="cipc_ca-enum_2023-09-30.xsd#cipc-ca-enum_DomesticPrivateCompany" xlink:label="loc_6"/>
    <link:definitionArc xlink:type="arc" xlink:arcrole="http://xbrl.org/int/dim/arcrole/domain-member" xlink:from="loc_4" xlink:to="loc_6" order="2.0"/>
    <link:loc xlink:type="locator" xlink:href="cipc_ca-enum_2023-09-30.xsd#cipc-ca-enum_DomesticPersonalLiabilityCompany" xlink:label="loc_7"/>
    <link:definitionArc xlink:type="arc" xlink:arcrole="http://xbrl.org/int/dim/arcrole/domain-member" xlink:from="loc_4" xlink:to="loc_7" order="3.0"/>
    <link:loc xlink:type="locator" xlink:href="cipc_ca-enum_2023-09-30.xsd#cipc-ca-enum_DomesticPublicCompany" xlink:label="loc_8"/>
    <link:definitionArc xlink:type="arc" xlink:arcrole="http://xbrl.org/int/dim/arcrole/domain-member" xlink:from="loc_4" xlink:to="loc_8" order="4.0"/>
    <link:loc xlink:type="locator" xlink:href="cipc_ca-enum_2023-09-30.xsd#cipc-ca-enum_DomesticCloseCorporation" xlink:label="loc_9"/>
    <link:definitionArc xlink:type="arc" xlink:arcrole="http://xbrl.org/int/dim/arcrole/domain-member" xlink:from="loc_4" xlink:to="loc_9" order="5.0"/>
    <link:loc xlink:type="locator" xlink:href="cipc_ca-enum_2023-09-30.xsd#cipc-ca-enum_DomesticCooperative" xlink:label="loc_10"/>
    <link:definitionArc xlink:type="arc" xlink:arcrole="http://xbrl.org/int/dim/arcrole/domain-member" xlink:from="loc_4" xlink:to="loc_10" order="6.0"/>
    <link:loc xlink:type="locator" xlink:href="cipc_ca-enum_2023-09-30.xsd#cipc-ca-enum_DomesticPrimaryCooperative" xlink:label="loc_11"/>
    <link:definitionArc xlink:type="arc" xlink:arcrole="http://xbrl.org/int/dim/arcrole/domain-member" xlink:from="loc_10" xlink:to="loc_11" order="1.0"/>
    <link:loc xlink:type="locator" xlink:href="cipc_ca-enum_2023-09-30.xsd#cipc-ca-enum_CategoryA1PrimaryCooperative" xlink:label="loc_12"/>
    <link:definitionArc xlink:type="arc" xlink:arcrole="http://xbrl.org/int/dim/arcrole/domain-member" xlink:from="loc_11" xlink:to="loc_12" order="1.0"/>
    <link:loc xlink:type="locator" xlink:href="cipc_ca-enum_2023-09-30.xsd#cipc-ca-enum_CategoryA2PrimaryCooperative" xlink:label="loc_13"/>
    <link:definitionArc xlink:type="arc" xlink:arcrole="http://xbrl.org/int/dim/arcrole/domain-member" xlink:from="loc_11" xlink:to="loc_13" order="2.0"/>
    <link:loc xlink:type="locator" xlink:href="cipc_ca-enum_2023-09-30.xsd#cipc-ca-enum_CategoryBPrimaryCooperative" xlink:label="loc_14"/>
    <link:definitionArc xlink:type="arc" xlink:arcrole="http://xbrl.org/int/dim/arcrole/domain-member" xlink:from="loc_11" xlink:to="loc_14" order="3.0"/>
    <link:loc xlink:type="locator" xlink:href="cipc_ca-enum_2023-09-30.xsd#cipc-ca-enum_CategoryCPrimaryCooperative" xlink:label="loc_15"/>
    <link:definitionArc xlink:type="arc" xlink:arcrole="http://xbrl.org/int/dim/arcrole/domain-member" xlink:from="loc_11" xlink:to="loc_15" order="4.0"/>
    <link:loc xlink:type="locator" xlink:href="cipc_ca-enum_2023-09-30.xsd#cipc-ca-enum_DomesticSecondaryCooperative" xlink:label="loc_16"/>
    <link:definitionArc xlink:type="arc" xlink:arcrole="http://xbrl.org/int/dim/arcrole/domain-member" xlink:from="loc_10" xlink:to="loc_16" order="2.0"/>
    <link:loc xlink:type="locator" xlink:href="cipc_ca-enum_2023-09-30.xsd#cipc-ca-enum_DomesticTertiaryCooperative" xlink:label="loc_17"/>
    <link:definitionArc xlink:type="arc" xlink:arcrole="http://xbrl.org/int/dim/arcrole/domain-member" xlink:from="loc_10" xlink:to="loc_17" order="3.0"/>
    <link:loc xlink:type="locator" xlink:href="cipc_ca-enum_2023-09-30.xsd#cipc-ca-enum_NationalApexCoop" xlink:label="loc_18"/>
    <link:definitionArc xlink:type="arc" xlink:arcrole="http://xbrl.org/int/dim/arcrole/domain-member" xlink:from="loc_10" xlink:to="loc_18" order="4.0"/>
    <link:loc xlink:type="locator" xlink:href="cipc_ca-enum_2023-09-30.xsd#cipc-ca-enum_ForProfitExternalCompany" xlink:label="loc_19"/>
    <link:definitionArc xlink:type="arc" xlink:arcrole="http://xbrl.org/int/dim/arcrole/domain-member" xlink:from="loc_3" xlink:to="loc_19" order="3.0"/>
    <link:loc xlink:type="locator" xlink:href="cipc_ca-enum_2023-09-30.xsd#cipc-ca-enum_NonprofitCompany" xlink:label="loc_20"/>
    <link:definitionArc xlink:type="arc" xlink:arcrole="http://xbrl.org/int/dim/arcrole/domain-member" xlink:from="loc_2" xlink:to="loc_20" order="2.0"/>
    <link:loc xlink:type="locator" xlink:href="cipc_ca-enum_2023-09-30.xsd#cipc-ca-enum_NonprofitDomesticCompany" xlink:label="loc_21"/>
    <link:definitionArc xlink:type="arc" xlink:arcrole="http://xbrl.org/int/dim/arcrole/domain-member" xlink:from="loc_20" xlink:to="loc_21" order="1.0"/>
    <link:loc xlink:type="locator" xlink:href="cipc_ca-enum_2023-09-30.xsd#cipc-ca-enum_NonprofitExternalCompany" xlink:label="loc_22"/>
    <link:definitionArc xlink:type="arc" xlink:arcrole="http://xbrl.org/int/dim/arcrole/domain-member" xlink:from="loc_20" xlink:to="loc_22" order="2.0"/>
  </link:definitionLink>
  <link:definitionLink xlink:type="extended" xlink:role="http://xbrl.cipc.co.za/taxonomy/ca/role/enum/999005/Enumerations-TypeOfAuditorsOpinion">
    <link:loc xlink:type="locator" xlink:href="cipc_ca-enum_2023-09-30.xsd#cipc-ca-enum_TypeOfAuditorsOpinionList" xlink:label="loc_2"/>
    <link:loc xlink:type="locator" xlink:href="cipc_ca-enum_2023-09-30.xsd#cipc-ca-enum_Qualified" xlink:label="loc_3"/>
    <link:definitionArc xlink:type="arc" xlink:arcrole="http://xbrl.org/int/dim/arcrole/domain-member" xlink:from="loc_2" xlink:to="loc_3" order="1.0"/>
    <link:loc xlink:type="locator" xlink:href="cipc_ca-enum_2023-09-30.xsd#cipc-ca-enum_LimitedQualifications" xlink:label="loc_4"/>
    <link:definitionArc xlink:type="arc" xlink:arcrole="http://xbrl.org/int/dim/arcrole/domain-member" xlink:from="loc_2" xlink:to="loc_4" order="2.0"/>
    <link:loc xlink:type="locator" xlink:href="cipc_ca-enum_2023-09-30.xsd#cipc-ca-enum_Unqualified" xlink:label="loc_5"/>
    <link:definitionArc xlink:type="arc" xlink:arcrole="http://xbrl.org/int/dim/arcrole/domain-member" xlink:from="loc_2" xlink:to="loc_5" order="3.0"/>
    <link:loc xlink:type="locator" xlink:href="cipc_ca-enum_2023-09-30.xsd#cipc-ca-enum_Adverse" xlink:label="loc_6"/>
    <link:definitionArc xlink:type="arc" xlink:arcrole="http://xbrl.org/int/dim/arcrole/domain-member" xlink:from="loc_2" xlink:to="loc_6" order="4.0"/>
    <link:loc xlink:type="locator" xlink:href="cipc_ca-enum_2023-09-30.xsd#cipc-ca-enum_Disclaimer" xlink:label="loc_7"/>
    <link:definitionArc xlink:type="arc" xlink:arcrole="http://xbrl.org/int/dim/arcrole/domain-member" xlink:from="loc_2" xlink:to="loc_7" order="5.0"/>
  </link:definitionLink>
  <link:definitionLink xlink:type="extended" xlink:role="http://xbrl.cipc.co.za/taxonomy/ca/role/enum/999006/Enumerations-ComplianceWithStandard">
    <link:loc xlink:type="locator" xlink:href="cipc_ca-enum_2023-09-30.xsd#cipc-ca-enum_ComplianceWithStandardList" xlink:label="loc_2"/>
    <link:loc xlink:type="locator" xlink:href="cipc_ca-enum_2023-09-30.xsd#cipc-ca-enum_IFRS" xlink:label="loc_3"/>
    <link:definitionArc xlink:type="arc" xlink:arcrole="http://xbrl.org/int/dim/arcrole/domain-member" xlink:from="loc_2" xlink:to="loc_3" order="1.0"/>
    <link:loc xlink:type="locator" xlink:href="cipc_ca-enum_2023-09-30.xsd#cipc-ca-enum_IFRSForSMEs" xlink:label="loc_4"/>
    <link:definitionArc xlink:type="arc" xlink:arcrole="http://xbrl.org/int/dim/arcrole/domain-member" xlink:from="loc_2" xlink:to="loc_4" order="2.0"/>
    <link:loc xlink:type="locator" xlink:href="cipc_ca-enum_2023-09-30.xsd#cipc-ca-enum_NonIFRS" xlink:label="loc_5"/>
    <link:definitionArc xlink:type="arc" xlink:arcrole="http://xbrl.org/int/dim/arcrole/domain-member" xlink:from="loc_2" xlink:to="loc_5" order="3.0"/>
  </link:definitionLink>
  <link:definitionLink xlink:type="extended" xlink:role="http://xbrl.cipc.co.za/taxonomy/ca/role/enum/999007/Enumerations-ExecutiveOrNonexecutive">
    <link:loc xlink:type="locator" xlink:href="cipc_ca-enum_2023-09-30.xsd#cipc-ca-enum_ExecutiveOrNonexecutiveList" xlink:label="loc_2"/>
    <link:loc xlink:type="locator" xlink:href="cipc_ca-enum_2023-09-30.xsd#cipc-ca-enum_Executive" xlink:label="loc_3"/>
    <link:definitionArc xlink:type="arc" xlink:arcrole="http://xbrl.org/int/dim/arcrole/domain-member" xlink:from="loc_2" xlink:to="loc_3" order="1.0"/>
    <link:loc xlink:type="locator" xlink:href="cipc_ca-enum_2023-09-30.xsd#cipc-ca-enum_Nonexecutive" xlink:label="loc_4"/>
    <link:definitionArc xlink:type="arc" xlink:arcrole="http://xbrl.org/int/dim/arcrole/domain-member" xlink:from="loc_2" xlink:to="loc_4" order="2.0"/>
  </link:definitionLink>
  <link:definitionLink xlink:type="extended" xlink:role="http://xbrl.cipc.co.za/taxonomy/ca/role/enum/999008/Enumerations-OccurrenceOfScenarioForSolvencyAndLiquidityTests">
    <link:loc xlink:type="locator" xlink:href="cipc_ca-enum_2023-09-30.xsd#cipc-ca-enum_OccurrenceOfScenarioForSolvencyAndLiquidityTestsList" xlink:label="loc_2"/>
    <link:loc xlink:type="locator" xlink:href="cipc_ca-enum_2023-09-30.xsd#cipc-ca-enum_Occurred" xlink:label="loc_3"/>
    <link:definitionArc xlink:type="arc" xlink:arcrole="http://xbrl.org/int/dim/arcrole/domain-member" xlink:from="loc_2" xlink:to="loc_3" order="1.0"/>
    <link:loc xlink:type="locator" xlink:href="cipc_ca-enum_2023-09-30.xsd#cipc-ca-enum_NotOccurred" xlink:label="loc_4"/>
    <link:definitionArc xlink:type="arc" xlink:arcrole="http://xbrl.org/int/dim/arcrole/domain-member" xlink:from="loc_2" xlink:to="loc_4" order="2.0"/>
    <link:loc xlink:type="locator" xlink:href="cipc_ca-enum_2023-09-30.xsd#cipc-ca-enum_NotApplicable" xlink:label="loc_5"/>
    <link:definitionArc xlink:type="arc" xlink:arcrole="http://xbrl.org/int/dim/arcrole/domain-member" xlink:from="loc_2" xlink:to="loc_5" order="3.0"/>
  </link:definitionLink>
  <link:definitionLink xlink:type="extended" xlink:role="http://xbrl.cipc.co.za/taxonomy/ca/role/enum/999009/Enumerations-B-BBEEcontributorLevel">
    <link:loc xlink:type="locator" xlink:href="cipc_ca-enum_2023-09-30.xsd#cipc-ca-enum_BBBEEContributorLevelList" xlink:label="loc_2"/>
    <link:loc xlink:type="locator" xlink:href="cipc_ca-enum_2023-09-30.xsd#cipc-ca-enum_LevelOne" xlink:label="loc_3"/>
    <link:definitionArc xlink:type="arc" xlink:arcrole="http://xbrl.org/int/dim/arcrole/domain-member" xlink:from="loc_2" xlink:to="loc_3" order="1.0"/>
    <link:loc xlink:type="locator" xlink:href="cipc_ca-enum_2023-09-30.xsd#cipc-ca-enum_LevelTwo" xlink:label="loc_4"/>
    <link:definitionArc xlink:type="arc" xlink:arcrole="http://xbrl.org/int/dim/arcrole/domain-member" xlink:from="loc_2" xlink:to="loc_4" order="2.0"/>
    <link:loc xlink:type="locator" xlink:href="cipc_ca-enum_2023-09-30.xsd#cipc-ca-enum_LevelThree" xlink:label="loc_5"/>
    <link:definitionArc xlink:type="arc" xlink:arcrole="http://xbrl.org/int/dim/arcrole/domain-member" xlink:from="loc_2" xlink:to="loc_5" order="3.0"/>
    <link:loc xlink:type="locator" xlink:href="cipc_ca-enum_2023-09-30.xsd#cipc-ca-enum_LevelFour" xlink:label="loc_6"/>
    <link:definitionArc xlink:type="arc" xlink:arcrole="http://xbrl.org/int/dim/arcrole/domain-member" xlink:from="loc_2" xlink:to="loc_6" order="4.0"/>
    <link:loc xlink:type="locator" xlink:href="cipc_ca-enum_2023-09-30.xsd#cipc-ca-enum_LevelFive" xlink:label="loc_7"/>
    <link:definitionArc xlink:type="arc" xlink:arcrole="http://xbrl.org/int/dim/arcrole/domain-member" xlink:from="loc_2" xlink:to="loc_7" order="5.0"/>
    <link:loc xlink:type="locator" xlink:href="cipc_ca-enum_2023-09-30.xsd#cipc-ca-enum_LevelSix" xlink:label="loc_8"/>
    <link:definitionArc xlink:type="arc" xlink:arcrole="http://xbrl.org/int/dim/arcrole/domain-member" xlink:from="loc_2" xlink:to="loc_8" order="6.0"/>
    <link:loc xlink:type="locator" xlink:href="cipc_ca-enum_2023-09-30.xsd#cipc-ca-enum_LevelSeven" xlink:label="loc_9"/>
    <link:definitionArc xlink:type="arc" xlink:arcrole="http://xbrl.org/int/dim/arcrole/domain-member" xlink:from="loc_2" xlink:to="loc_9" order="7.0"/>
    <link:loc xlink:type="locator" xlink:href="cipc_ca-enum_2023-09-30.xsd#cipc-ca-enum_LevelEight" xlink:label="loc_10"/>
    <link:definitionArc xlink:type="arc" xlink:arcrole="http://xbrl.org/int/dim/arcrole/domain-member" xlink:from="loc_2" xlink:to="loc_10" order="8.0"/>
    <link:loc xlink:type="locator" xlink:href="cipc_ca-enum_2023-09-30.xsd#cipc-ca-enum_BBBEENoncompliant" xlink:label="loc_11"/>
    <link:definitionArc xlink:type="arc" xlink:arcrole="http://xbrl.org/int/dim/arcrole/domain-member" xlink:from="loc_2" xlink:to="loc_11" order="9.0"/>
  </link:definitionLink>
  <link:definitionLink xlink:type="extended" xlink:role="http://xbrl.cipc.co.za/taxonomy/ca/role/enum/999010/Enumerations-ClassesOfSecuritiesHeld">
    <link:loc xlink:type="locator" xlink:href="cipc_ca-enum_2023-09-30.xsd#cipc-ca-enum_ClassesOfSecuritiesHeldList" xlink:label="loc_2"/>
    <link:loc xlink:type="locator" xlink:href="cipc_ca-enum_2023-09-30.xsd#cipc-ca-enum_AuthorisedShareCapital" xlink:label="loc_3"/>
    <link:definitionArc xlink:type="arc" xlink:arcrole="http://xbrl.org/int/dim/arcrole/domain-member" xlink:from="loc_2" xlink:to="loc_3" order="1.0"/>
    <link:loc xlink:type="locator" xlink:href="cipc_ca-enum_2023-09-30.xsd#cipc-ca-enum_OrdinaryShares" xlink:label="loc_4"/>
    <link:definitionArc xlink:type="arc" xlink:arcrole="http://xbrl.org/int/dim/arcrole/domain-member" xlink:from="loc_2" xlink:to="loc_4" order="2.0"/>
    <link:loc xlink:type="locator" xlink:href="cipc_ca-enum_2023-09-30.xsd#cipc-ca-enum_PreferenceShares" xlink:label="loc_5"/>
    <link:definitionArc xlink:type="arc" xlink:arcrole="http://xbrl.org/int/dim/arcrole/domain-member" xlink:from="loc_2" xlink:to="loc_5" order="3.0"/>
    <link:loc xlink:type="locator" xlink:href="cipc_ca-enum_2023-09-30.xsd#cipc-ca-enum_CumulativePreferenceShares" xlink:label="loc_6"/>
    <link:definitionArc xlink:type="arc" xlink:arcrole="http://xbrl.org/int/dim/arcrole/domain-member" xlink:from="loc_2" xlink:to="loc_6" order="4.0"/>
    <link:loc xlink:type="locator" xlink:href="cipc_ca-enum_2023-09-30.xsd#cipc-ca-enum_ConvertiblePreferenceShares" xlink:label="loc_7"/>
    <link:definitionArc xlink:type="arc" xlink:arcrole="http://xbrl.org/int/dim/arcrole/domain-member" xlink:from="loc_2" xlink:to="loc_7" order="5.0"/>
    <link:loc xlink:type="locator" xlink:href="cipc_ca-enum_2023-09-30.xsd#cipc-ca-enum_OtherClassesOfSecurities" xlink:label="loc_8"/>
    <link:definitionArc xlink:type="arc" xlink:arcrole="http://xbrl.org/int/dim/arcrole/domain-member" xlink:from="loc_2" xlink:to="loc_8" order="6.0"/>
  </link:definitionLink>
  <link:definitionLink xlink:type="extended" xlink:role="http://xbrl.cipc.co.za/taxonomy/ca/role/enum/999011/Enumerations-TypeOfAssurance">
    <link:loc xlink:type="locator" xlink:href="cipc_ca-enum_2023-09-30.xsd#cipc-ca-enum_TypeOfAssuranceList" xlink:label="loc_2"/>
    <link:loc xlink:type="locator" xlink:href="cipc_ca-enum_2023-09-30.xsd#cipc-ca-enum_Audited" xlink:label="loc_3"/>
    <link:definitionArc xlink:type="arc" xlink:arcrole="http://xbrl.org/int/dim/arcrole/domain-member" xlink:from="loc_2" xlink:to="loc_3" order="1.0"/>
    <link:loc xlink:type="locator" xlink:href="cipc_ca-enum_2023-09-30.xsd#cipc-ca-enum_IndependentlyReviewed" xlink:label="loc_4"/>
    <link:definitionArc xlink:type="arc" xlink:arcrole="http://xbrl.org/int/dim/arcrole/domain-member" xlink:from="loc_2" xlink:to="loc_4" order="2.0"/>
  </link:definitionLink>
  <link:definitionLink xlink:type="extended" xlink:role="http://xbrl.cipc.co.za/taxonomy/ca/role/enum/999012/Enumerations-Provinces">
    <link:loc xlink:type="locator" xlink:href="cipc_ca-enum_2023-09-30.xsd#cipc-ca-enum_ProvincesList" xlink:label="loc_2"/>
    <link:loc xlink:type="locator" xlink:href="cipc_ca-enum_2023-09-30.xsd#cipc-ca-enum_EasternCape" xlink:label="loc_3"/>
    <link:definitionArc xlink:type="arc" xlink:arcrole="http://xbrl.org/int/dim/arcrole/domain-member" xlink:from="loc_2" xlink:to="loc_3" order="1.0"/>
    <link:loc xlink:type="locator" xlink:href="cipc_ca-enum_2023-09-30.xsd#cipc-ca-enum_FreeState" xlink:label="loc_4"/>
    <link:definitionArc xlink:type="arc" xlink:arcrole="http://xbrl.org/int/dim/arcrole/domain-member" xlink:from="loc_2" xlink:to="loc_4" order="2.0"/>
    <link:loc xlink:type="locator" xlink:href="cipc_ca-enum_2023-09-30.xsd#cipc-ca-enum_Gauteng" xlink:label="loc_5"/>
    <link:definitionArc xlink:type="arc" xlink:arcrole="http://xbrl.org/int/dim/arcrole/domain-member" xlink:from="loc_2" xlink:to="loc_5" order="3.0"/>
    <link:loc xlink:type="locator" xlink:href="cipc_ca-enum_2023-09-30.xsd#cipc-ca-enum_KwaZulunatal" xlink:label="loc_6"/>
    <link:definitionArc xlink:type="arc" xlink:arcrole="http://xbrl.org/int/dim/arcrole/domain-member" xlink:from="loc_2" xlink:to="loc_6" order="4.0"/>
    <link:loc xlink:type="locator" xlink:href="cipc_ca-enum_2023-09-30.xsd#cipc-ca-enum_Limpopo" xlink:label="loc_7"/>
    <link:definitionArc xlink:type="arc" xlink:arcrole="http://xbrl.org/int/dim/arcrole/domain-member" xlink:from="loc_2" xlink:to="loc_7" order="5.0"/>
    <link:loc xlink:type="locator" xlink:href="cipc_ca-enum_2023-09-30.xsd#cipc-ca-enum_Mpumalanga" xlink:label="loc_8"/>
    <link:definitionArc xlink:type="arc" xlink:arcrole="http://xbrl.org/int/dim/arcrole/domain-member" xlink:from="loc_2" xlink:to="loc_8" order="6.0"/>
    <link:loc xlink:type="locator" xlink:href="cipc_ca-enum_2023-09-30.xsd#cipc-ca-enum_NorthernCape" xlink:label="loc_9"/>
    <link:definitionArc xlink:type="arc" xlink:arcrole="http://xbrl.org/int/dim/arcrole/domain-member" xlink:from="loc_2" xlink:to="loc_9" order="7.0"/>
    <link:loc xlink:type="locator" xlink:href="cipc_ca-enum_2023-09-30.xsd#cipc-ca-enum_NorthWest" xlink:label="loc_10"/>
    <link:definitionArc xlink:type="arc" xlink:arcrole="http://xbrl.org/int/dim/arcrole/domain-member" xlink:from="loc_2" xlink:to="loc_10" order="8.0"/>
    <link:loc xlink:type="locator" xlink:href="cipc_ca-enum_2023-09-30.xsd#cipc-ca-enum_WesternCape" xlink:label="loc_11"/>
    <link:definitionArc xlink:type="arc" xlink:arcrole="http://xbrl.org/int/dim/arcrole/domain-member" xlink:from="loc_2" xlink:to="loc_11" order="9.0"/>
  </link:definitionLink>
  <link:definitionLink xlink:type="extended" xlink:role="http://xbrl.cipc.co.za/taxonomy/ca/role/enum/999013/Enumerations-TypeOfMembershipProvidedForByTheCooperative">
    <link:loc xlink:type="locator" xlink:href="cipc_ca-enum_2023-09-30.xsd#cipc-ca-enum_TypeOfMembershipProvidedForByCooperativeList" xlink:label="loc_2"/>
    <link:loc xlink:type="locator" xlink:href="cipc_ca-enum_2023-09-30.xsd#cipc-ca-enum_NaturalPerson" xlink:label="loc_3"/>
    <link:definitionArc xlink:type="arc" xlink:arcrole="http://xbrl.org/int/dim/arcrole/domain-member" xlink:from="loc_2" xlink:to="loc_3" order="1.0"/>
    <link:loc xlink:type="locator" xlink:href="cipc_ca-enum_2023-09-30.xsd#cipc-ca-enum_JuristicPerson" xlink:label="loc_4"/>
    <link:definitionArc xlink:type="arc" xlink:arcrole="http://xbrl.org/int/dim/arcrole/domain-member" xlink:from="loc_2" xlink:to="loc_4" order="2.0"/>
    <link:loc xlink:type="locator" xlink:href="cipc_ca-enum_2023-09-30.xsd#cipc-ca-enum_Company" xlink:label="loc_5"/>
    <link:definitionArc xlink:type="arc" xlink:arcrole="http://xbrl.org/int/dim/arcrole/domain-member" xlink:from="loc_4" xlink:to="loc_5" order="1.0"/>
    <link:loc xlink:type="locator" xlink:href="cipc_ca-enum_2023-09-30.xsd#cipc-ca-enum_CloseCorporation" xlink:label="loc_6"/>
    <link:definitionArc xlink:type="arc" xlink:arcrole="http://xbrl.org/int/dim/arcrole/domain-member" xlink:from="loc_4" xlink:to="loc_6" order="2.0"/>
    <link:loc xlink:type="locator" xlink:href="cipc_ca-enum_2023-09-30.xsd#cipc-ca-enum_Trust" xlink:label="loc_7"/>
    <link:definitionArc xlink:type="arc" xlink:arcrole="http://xbrl.org/int/dim/arcrole/domain-member" xlink:from="loc_4" xlink:to="loc_7" order="3.0"/>
    <link:loc xlink:type="locator" xlink:href="cipc_ca-enum_2023-09-30.xsd#cipc-ca-enum_PrimaryCoop" xlink:label="loc_8"/>
    <link:definitionArc xlink:type="arc" xlink:arcrole="http://xbrl.org/int/dim/arcrole/domain-member" xlink:from="loc_4" xlink:to="loc_8" order="4.0"/>
    <link:loc xlink:type="locator" xlink:href="cipc_ca-enum_2023-09-30.xsd#cipc-ca-enum_SecondaryCoop" xlink:label="loc_9"/>
    <link:definitionArc xlink:type="arc" xlink:arcrole="http://xbrl.org/int/dim/arcrole/domain-member" xlink:from="loc_4" xlink:to="loc_9" order="5.0"/>
    <link:loc xlink:type="locator" xlink:href="cipc_ca-enum_2023-09-30.xsd#cipc-ca-enum_TertiaryCoop" xlink:label="loc_10"/>
    <link:definitionArc xlink:type="arc" xlink:arcrole="http://xbrl.org/int/dim/arcrole/domain-member" xlink:from="loc_4" xlink:to="loc_10" order="6.0"/>
    <link:loc xlink:type="locator" xlink:href="cipc_ca-enum_2023-09-30.xsd#cipc-ca-enum_NationalApexCoop" xlink:label="loc_11"/>
    <link:definitionArc xlink:type="arc" xlink:arcrole="http://xbrl.org/int/dim/arcrole/domain-member" xlink:from="loc_4" xlink:to="loc_11" order="7.0"/>
  </link:definitionLink>
  <link:definitionLink xlink:type="extended" xlink:role="http://xbrl.cipc.co.za/taxonomy/ca/role/enum/999014/Enumerations-DescriptionOfNatureOfFinancialStatements">
    <link:loc xlink:type="locator" xlink:href="cipc_ca-enum_2023-09-30.xsd#cipc-ca-enum_DescriptionOfNatureOfFinancialStatementsList" xlink:label="loc_2"/>
    <link:loc xlink:type="locator" xlink:href="cipc_ca-enum_2023-09-30.xsd#cipc-ca-enum_AuditedAnnualFinancialStatements" xlink:label="loc_3"/>
    <link:definitionArc xlink:type="arc" xlink:arcrole="http://xbrl.org/int/dim/arcrole/domain-member" xlink:from="loc_2" xlink:to="loc_3" order="1.0"/>
    <link:loc xlink:type="locator" xlink:href="cipc_ca-enum_2023-09-30.xsd#cipc-ca-enum_AuditedConsolidatedAnnualFinancialStatements" xlink:label="loc_4"/>
    <link:definitionArc xlink:type="arc" xlink:arcrole="http://xbrl.org/int/dim/arcrole/domain-member" xlink:from="loc_2" xlink:to="loc_4" order="2.0"/>
  </link:definitionLink>
</link:linkbase>
