<?xml version="1.0" encoding="UTF-8"?>
<!--  Companies & Intellectual Property Commission  -->
<link:linkbase xmlns:xsi="http://www.w3.org/2001/XMLSchema-instance" xsi:schemaLocation="http://www.xbrl.org/2003/linkbase http://www.xbrl.org/2003/xbrl-linkbase-2003-12-31.xsd http://www.w3.org/1999/xlink http://www.xbrl.org/2003/xlink-2003-12-31.xsd" xmlns:link="http://www.xbrl.org/2003/linkbase" xmlns:xbrldt="http://xbrl.org/2005/xbrldt" xmlns:xlink="http://www.w3.org/1999/xlink">
  <link:labelLink xlink:type="extended" xlink:role="http://www.xbrl.org/2003/role/link">
    <link:loc xlink:type="locator" xlink:href="cipc_ca-enum_2023-09-30.xsd#cipc-ca-enum_FreeState" xlink:label="loc_1"/>
    <link:label xlink:type="resource" xlink:label="res_1" xlink:role="http://www.xbrl.org/2003/role/label" xml:lang="en" id="cipc-ca-enum_FreeState_label">Free State</link:label>
    <link:labelArc xlink:type="arc" xlink:arcrole="http://www.xbrl.org/2003/arcrole/concept-label" xlink:from="loc_1" xlink:to="res_1"/>
    <link:loc xlink:type="locator" xlink:href="cipc_ca-enum_2023-09-30.xsd#cipc-ca-enum_OrdinaryShares" xlink:label="loc_2"/>
    <link:label xlink:type="resource" xlink:label="res_2" xlink:role="http://www.xbrl.org/2003/role/label" xml:lang="en" id="cipc-ca-enum_OrdinaryShares_label">Ordinary shares</link:label>
    <link:labelArc xlink:type="arc" xlink:arcrole="http://www.xbrl.org/2003/arcrole/concept-label" xlink:from="loc_2" xlink:to="res_2"/>
    <link:loc xlink:type="locator" xlink:href="cipc_ca-enum_2023-09-30.xsd#cipc-ca-enum_WesternCape" xlink:label="loc_3"/>
    <link:label xlink:type="resource" xlink:label="res_3" xlink:role="http://www.xbrl.org/2003/role/label" xml:lang="en" id="cipc-ca-enum_WesternCape_label">Western Cape</link:label>
    <link:labelArc xlink:type="arc" xlink:arcrole="http://www.xbrl.org/2003/arcrole/concept-label" xlink:from="loc_3" xlink:to="res_3"/>
    <link:loc xlink:type="locator" xlink:href="cipc_ca-enum_2023-09-30.xsd#cipc-ca-enum_IFRSForSMEs" xlink:label="loc_4"/>
    <link:label xlink:type="resource" xlink:label="res_4" xlink:role="http://www.xbrl.org/2003/role/label" xml:lang="en" id="cipc-ca-enum_IFRSForSMEs_label">IFRS for SMEs</link:label>
    <link:labelArc xlink:type="arc" xlink:arcrole="http://www.xbrl.org/2003/arcrole/concept-label" xlink:from="loc_4" xlink:to="res_4"/>
    <link:loc xlink:type="locator" xlink:href="cipc_ca-enum_2023-09-30.xsd#cipc-ca-enum_TypeOfCompanyList" xlink:label="loc_5"/>
    <link:label xlink:type="resource" xlink:label="res_5" xlink:role="http://www.xbrl.org/2003/role/label" xml:lang="en" id="cipc-ca-enum_TypeOfCompanyList_label">Type of company [list]</link:label>
    <link:labelArc xlink:type="arc" xlink:arcrole="http://www.xbrl.org/2003/arcrole/concept-label" xlink:from="loc_5" xlink:to="res_5"/>
    <link:loc xlink:type="locator" xlink:href="cipc_ca-enum_2023-09-30.xsd#cipc-ca-enum_Disclaimer" xlink:label="loc_6"/>
    <link:label xlink:type="resource" xlink:label="res_6" xlink:role="http://www.xbrl.org/2003/role/label" xml:lang="en" id="cipc-ca-enum_Disclaimer_label">Disclaimer</link:label>
    <link:labelArc xlink:type="arc" xlink:arcrole="http://www.xbrl.org/2003/arcrole/concept-label" xlink:from="loc_6" xlink:to="res_6"/>
    <link:loc xlink:type="locator" xlink:href="cipc_ca-enum_2023-09-30.xsd#cipc-ca-enum_TertiaryCoop" xlink:label="loc_7"/>
    <link:label xlink:type="resource" xlink:label="res_7" xlink:role="http://www.xbrl.org/2003/role/label" xml:lang="en" id="cipc-ca-enum_TertiaryCoop_label">Tertiary co-op</link:label>
    <link:labelArc xlink:type="arc" xlink:arcrole="http://www.xbrl.org/2003/arcrole/concept-label" xlink:from="loc_7" xlink:to="res_7"/>
    <link:loc xlink:type="locator" xlink:href="cipc_ca-enum_2023-09-30.xsd#cipc-ca-enum_NationalApexCoop" xlink:label="loc_8"/>
    <link:label xlink:type="resource" xlink:label="res_8" xlink:role="http://www.xbrl.org/2003/role/label" xml:lang="en" id="cipc-ca-enum_NationalApexCoop_label">National apex co-op</link:label>
    <link:labelArc xlink:type="arc" xlink:arcrole="http://www.xbrl.org/2003/arcrole/concept-label" xlink:from="loc_8" xlink:to="res_8"/>
    <link:loc xlink:type="locator" xlink:href="cipc_ca-enum_2023-09-30.xsd#cipc-ca-enum_LevelOne" xlink:label="loc_9"/>
    <link:label xlink:type="resource" xlink:label="res_9" xlink:role="http://www.xbrl.org/2003/role/label" xml:lang="en" id="cipc-ca-enum_LevelOne_label">Level 1 (135% B-BBEE procurement recognition)</link:label>
    <link:labelArc xlink:type="arc" xlink:arcrole="http://www.xbrl.org/2003/arcrole/concept-label" xlink:from="loc_9" xlink:to="res_9"/>
    <link:label xlink:type="resource" xlink:label="res_121" xlink:role="http://www.xbrl.org/2003/role/documentation" xml:lang="en" id="cipc-ca-enum_LevelOne_documentation">100% black owned</link:label>
    <link:labelArc xlink:type="arc" xlink:arcrole="http://www.xbrl.org/2003/arcrole/concept-label" xlink:from="loc_9" xlink:to="res_121"/>
    <link:loc xlink:type="locator" xlink:href="cipc_ca-enum_2023-09-30.xsd#cipc-ca-enum_CurrentDirectorsAndIndividuals" xlink:label="loc_10"/>
    <link:label xlink:type="resource" xlink:label="res_10" xlink:role="http://www.xbrl.org/2003/role/label" xml:lang="en" id="cipc-ca-enum_CurrentDirectorsAndIndividuals_label">Current directors and individuals</link:label>
    <link:labelArc xlink:type="arc" xlink:arcrole="http://www.xbrl.org/2003/arcrole/concept-label" xlink:from="loc_10" xlink:to="res_10"/>
    <link:loc xlink:type="locator" xlink:href="cipc_ca-enum_2023-09-30.xsd#cipc-ca-enum_Monthly" xlink:label="loc_11"/>
    <link:label xlink:type="resource" xlink:label="res_11" xlink:role="http://www.xbrl.org/2003/role/label" xml:lang="en" id="cipc-ca-enum_Monthly_label">Monthly</link:label>
    <link:labelArc xlink:type="arc" xlink:arcrole="http://www.xbrl.org/2003/arcrole/concept-label" xlink:from="loc_11" xlink:to="res_11"/>
    <link:loc xlink:type="locator" xlink:href="cipc_ca-enum_2023-09-30.xsd#cipc-ca-enum_CategoryBPrimaryCooperative" xlink:label="loc_12"/>
    <link:label xlink:type="resource" xlink:label="res_12" xlink:role="http://www.xbrl.org/2003/role/label" xml:lang="en" id="cipc-ca-enum_CategoryBPrimaryCooperative_label">Category B primary co-operative</link:label>
    <link:labelArc xlink:type="arc" xlink:arcrole="http://www.xbrl.org/2003/arcrole/concept-label" xlink:from="loc_12" xlink:to="res_12"/>
    <link:loc xlink:type="locator" xlink:href="cipc_ca-enum_2023-09-30.xsd#cipc-ca-enum_LevelSix" xlink:label="loc_13"/>
    <link:label xlink:type="resource" xlink:label="res_13" xlink:role="http://www.xbrl.org/2003/role/label" xml:lang="en" id="cipc-ca-enum_LevelSix_label">Level 6 (60% B-BBEE procurement recognition)</link:label>
    <link:labelArc xlink:type="arc" xlink:arcrole="http://www.xbrl.org/2003/arcrole/concept-label" xlink:from="loc_13" xlink:to="res_13"/>
    <link:loc xlink:type="locator" xlink:href="cipc_ca-enum_2023-09-30.xsd#cipc-ca-enum_InstituteOfAdministrationAndCommerce" xlink:label="loc_14"/>
    <link:label xlink:type="resource" xlink:label="res_14" xlink:role="http://www.xbrl.org/2003/role/label" xml:lang="en" id="cipc-ca-enum_InstituteOfAdministrationAndCommerce_label">Institute of Administration and Commerce</link:label>
    <link:labelArc xlink:type="arc" xlink:arcrole="http://www.xbrl.org/2003/arcrole/concept-label" xlink:from="loc_14" xlink:to="res_14"/>
    <link:label xlink:type="resource" xlink:label="res_122" xlink:role="http://www.xbrl.org/2003/role/documentation" xml:lang="en" id="cipc-ca-enum_InstituteOfAdministrationAndCommerce_documentation">http://www.iacsa.co.za</link:label>
    <link:labelArc xlink:type="arc" xlink:arcrole="http://www.xbrl.org/2003/arcrole/concept-label" xlink:from="loc_14" xlink:to="res_122"/>
    <link:label xlink:type="resource" xlink:label="res_137" xlink:role="http://www.xbrl.org/2003/role/terseLabel" xml:lang="en" id="cipc-ca-enum_InstituteOfAdministrationAndCommerce_terseLabel">IAC</link:label>
    <link:labelArc xlink:type="arc" xlink:arcrole="http://www.xbrl.org/2003/arcrole/concept-label" xlink:from="loc_14" xlink:to="res_137"/>
    <link:loc xlink:type="locator" xlink:href="cipc_ca-enum_2023-09-30.xsd#cipc-ca-enum_NonprofitDomesticCompany" xlink:label="loc_15"/>
    <link:label xlink:type="resource" xlink:label="res_15" xlink:role="http://www.xbrl.org/2003/role/label" xml:lang="en" id="cipc-ca-enum_NonprofitDomesticCompany_label">Non-profit domestic company</link:label>
    <link:labelArc xlink:type="arc" xlink:arcrole="http://www.xbrl.org/2003/arcrole/concept-label" xlink:from="loc_15" xlink:to="res_15"/>
    <link:loc xlink:type="locator" xlink:href="cipc_ca-enum_2023-09-30.xsd#cipc-ca-enum_CategoryA1PrimaryCooperative" xlink:label="loc_16"/>
    <link:label xlink:type="resource" xlink:label="res_16" xlink:role="http://www.xbrl.org/2003/role/label" xml:lang="en" id="cipc-ca-enum_CategoryA1PrimaryCooperative_label">Category A1 primary co-operative</link:label>
    <link:labelArc xlink:type="arc" xlink:arcrole="http://www.xbrl.org/2003/arcrole/concept-label" xlink:from="loc_16" xlink:to="res_16"/>
    <link:loc xlink:type="locator" xlink:href="cipc_ca-enum_2023-09-30.xsd#cipc-ca-enum_SouthAfricanInstituteOfGovernmentAuditors" xlink:label="loc_17"/>
    <link:label xlink:type="resource" xlink:label="res_17" xlink:role="http://www.xbrl.org/2003/role/label" xml:lang="en" id="cipc-ca-enum_SouthAfricanInstituteOfGovernmentAuditors_label">South African Institute of Government Auditors</link:label>
    <link:labelArc xlink:type="arc" xlink:arcrole="http://www.xbrl.org/2003/arcrole/concept-label" xlink:from="loc_17" xlink:to="res_17"/>
    <link:label xlink:type="resource" xlink:label="res_123" xlink:role="http://www.xbrl.org/2003/role/documentation" xml:lang="en" id="cipc-ca-enum_SouthAfricanInstituteOfGovernmentAuditors_documentation">http://www.saiga.co.za</link:label>
    <link:labelArc xlink:type="arc" xlink:arcrole="http://www.xbrl.org/2003/arcrole/concept-label" xlink:from="loc_17" xlink:to="res_123"/>
    <link:label xlink:type="resource" xlink:label="res_138" xlink:role="http://www.xbrl.org/2003/role/terseLabel" xml:lang="en" id="cipc-ca-enum_SouthAfricanInstituteOfGovernmentAuditors_terseLabel">SAIGA</link:label>
    <link:labelArc xlink:type="arc" xlink:arcrole="http://www.xbrl.org/2003/arcrole/concept-label" xlink:from="loc_17" xlink:to="res_138"/>
    <link:loc xlink:type="locator" xlink:href="cipc_ca-enum_2023-09-30.xsd#cipc-ca-enum_RecognisedProfessionOther" xlink:label="loc_18"/>
    <link:label xlink:type="resource" xlink:label="res_18" xlink:role="http://www.xbrl.org/2003/role/label" xml:lang="en" id="cipc-ca-enum_RecognisedProfessionOther_label">Recognised profession, other</link:label>
    <link:labelArc xlink:type="arc" xlink:arcrole="http://www.xbrl.org/2003/arcrole/concept-label" xlink:from="loc_18" xlink:to="res_18"/>
    <link:label xlink:type="resource" xlink:label="res_124" xlink:role="http://www.xbrl.org/2003/role/documentation" xml:lang="en" id="cipc-ca-enum_RecognisedProfessionOther_documentation">Please provide a footnote with a description of other recognised profession</link:label>
    <link:labelArc xlink:type="arc" xlink:arcrole="http://www.xbrl.org/2003/arcrole/concept-label" xlink:from="loc_18" xlink:to="res_124"/>
    <link:label xlink:type="resource" xlink:label="res_139" xlink:role="http://www.xbrl.org/2003/role/terseLabel" xml:lang="en" id="cipc-ca-enum_RecognisedProfessionOther_terseLabel">Other</link:label>
    <link:labelArc xlink:type="arc" xlink:arcrole="http://www.xbrl.org/2003/arcrole/concept-label" xlink:from="loc_18" xlink:to="res_139"/>
    <link:loc xlink:type="locator" xlink:href="cipc_ca-enum_2023-09-30.xsd#cipc-ca-enum_LimitedQualifications" xlink:label="loc_19"/>
    <link:label xlink:type="resource" xlink:label="res_19" xlink:role="http://www.xbrl.org/2003/role/label" xml:lang="en" id="cipc-ca-enum_LimitedQualifications_label">Limited qualifications</link:label>
    <link:labelArc xlink:type="arc" xlink:arcrole="http://www.xbrl.org/2003/arcrole/concept-label" xlink:from="loc_19" xlink:to="res_19"/>
    <link:loc xlink:type="locator" xlink:href="cipc_ca-enum_2023-09-30.xsd#cipc-ca-enum_Adverse" xlink:label="loc_20"/>
    <link:label xlink:type="resource" xlink:label="res_20" xlink:role="http://www.xbrl.org/2003/role/label" xml:lang="en" id="cipc-ca-enum_Adverse_label">Adverse</link:label>
    <link:labelArc xlink:type="arc" xlink:arcrole="http://www.xbrl.org/2003/arcrole/concept-label" xlink:from="loc_20" xlink:to="res_20"/>
    <link:loc xlink:type="locator" xlink:href="cipc_ca-enum_2023-09-30.xsd#cipc-ca-enum_TypeOfAuditorsOpinionList" xlink:label="loc_21"/>
    <link:label xlink:type="resource" xlink:label="res_21" xlink:role="http://www.xbrl.org/2003/role/label" xml:lang="en" id="cipc-ca-enum_TypeOfAuditorsOpinionList_label">Type of auditors' opinion [list]</link:label>
    <link:labelArc xlink:type="arc" xlink:arcrole="http://www.xbrl.org/2003/arcrole/concept-label" xlink:from="loc_21" xlink:to="res_21"/>
    <link:loc xlink:type="locator" xlink:href="cipc_ca-enum_2023-09-30.xsd#cipc-ca-enum_DomesticCooperative" xlink:label="loc_22"/>
    <link:label xlink:type="resource" xlink:label="res_22" xlink:role="http://www.xbrl.org/2003/role/label" xml:lang="en" id="cipc-ca-enum_DomesticCooperative_label">Domestic co-operative</link:label>
    <link:labelArc xlink:type="arc" xlink:arcrole="http://www.xbrl.org/2003/arcrole/concept-label" xlink:from="loc_22" xlink:to="res_22"/>
    <link:loc xlink:type="locator" xlink:href="cipc_ca-enum_2023-09-30.xsd#cipc-ca-enum_CharteredInstituteOfBusinessManagement" xlink:label="loc_23"/>
    <link:label xlink:type="resource" xlink:label="res_23" xlink:role="http://www.xbrl.org/2003/role/label" xml:lang="en" id="cipc-ca-enum_CharteredInstituteOfBusinessManagement_label">Chartered Institute of Business Management</link:label>
    <link:labelArc xlink:type="arc" xlink:arcrole="http://www.xbrl.org/2003/arcrole/concept-label" xlink:from="loc_23" xlink:to="res_23"/>
    <link:label xlink:type="resource" xlink:label="res_125" xlink:role="http://www.xbrl.org/2003/role/documentation" xml:lang="en" id="cipc-ca-enum_CharteredInstituteOfBusinessManagement_documentation">http://www.chartsec.co.za</link:label>
    <link:labelArc xlink:type="arc" xlink:arcrole="http://www.xbrl.org/2003/arcrole/concept-label" xlink:from="loc_23" xlink:to="res_125"/>
    <link:label xlink:type="resource" xlink:label="res_140" xlink:role="http://www.xbrl.org/2003/role/terseLabel" xml:lang="en" id="cipc-ca-enum_CharteredInstituteOfBusinessManagement_terseLabel">MCIBM</link:label>
    <link:labelArc xlink:type="arc" xlink:arcrole="http://www.xbrl.org/2003/arcrole/concept-label" xlink:from="loc_23" xlink:to="res_140"/>
    <link:loc xlink:type="locator" xlink:href="cipc_ca-enum_2023-09-30.xsd#cipc-ca-enum_DomesticPublicCompany" xlink:label="loc_24"/>
    <link:label xlink:type="resource" xlink:label="res_24" xlink:role="http://www.xbrl.org/2003/role/label" xml:lang="en" id="cipc-ca-enum_DomesticPublicCompany_label">Domestic public company</link:label>
    <link:labelArc xlink:type="arc" xlink:arcrole="http://www.xbrl.org/2003/arcrole/concept-label" xlink:from="loc_24" xlink:to="res_24"/>
    <link:loc xlink:type="locator" xlink:href="cipc_ca-enum_2023-09-30.xsd#cipc-ca-enum_NorthWest" xlink:label="loc_25"/>
    <link:label xlink:type="resource" xlink:label="res_25" xlink:role="http://www.xbrl.org/2003/role/label" xml:lang="en" id="cipc-ca-enum_NorthWest_label">North West</link:label>
    <link:labelArc xlink:type="arc" xlink:arcrole="http://www.xbrl.org/2003/arcrole/concept-label" xlink:from="loc_25" xlink:to="res_25"/>
    <link:loc xlink:type="locator" xlink:href="cipc_ca-enum_2023-09-30.xsd#cipc-ca-enum_ClassesOfSecuritiesHeldList" xlink:label="loc_26"/>
    <link:label xlink:type="resource" xlink:label="res_26" xlink:role="http://www.xbrl.org/2003/role/label" xml:lang="en" id="cipc-ca-enum_ClassesOfSecuritiesHeldList_label">Classes of securities held [list]</link:label>
    <link:labelArc xlink:type="arc" xlink:arcrole="http://www.xbrl.org/2003/arcrole/concept-label" xlink:from="loc_26" xlink:to="res_26"/>
    <link:loc xlink:type="locator" xlink:href="cipc_ca-enum_2023-09-30.xsd#cipc-ca-enum_NonprofitCompany" xlink:label="loc_27"/>
    <link:label xlink:type="resource" xlink:label="res_27" xlink:role="http://www.xbrl.org/2003/role/label" xml:lang="en" id="cipc-ca-enum_NonprofitCompany_label">Non-profit company</link:label>
    <link:labelArc xlink:type="arc" xlink:arcrole="http://www.xbrl.org/2003/arcrole/concept-label" xlink:from="loc_27" xlink:to="res_27"/>
    <link:loc xlink:type="locator" xlink:href="cipc_ca-enum_2023-09-30.xsd#cipc-ca-enum_CumulativePreferenceShares" xlink:label="loc_28"/>
    <link:label xlink:type="resource" xlink:label="res_28" xlink:role="http://www.xbrl.org/2003/role/label" xml:lang="en" id="cipc-ca-enum_CumulativePreferenceShares_label">Cumulative preference shares</link:label>
    <link:labelArc xlink:type="arc" xlink:arcrole="http://www.xbrl.org/2003/arcrole/concept-label" xlink:from="loc_28" xlink:to="res_28"/>
    <link:loc xlink:type="locator" xlink:href="cipc_ca-enum_2023-09-30.xsd#cipc-ca-enum_NotOccurred" xlink:label="loc_29"/>
    <link:label xlink:type="resource" xlink:label="res_29" xlink:role="http://www.xbrl.org/2003/role/label" xml:lang="en" id="cipc-ca-enum_NotOccurred_label">Not occurred</link:label>
    <link:labelArc xlink:type="arc" xlink:arcrole="http://www.xbrl.org/2003/arcrole/concept-label" xlink:from="loc_29" xlink:to="res_29"/>
    <link:loc xlink:type="locator" xlink:href="cipc_ca-enum_2023-09-30.xsd#cipc-ca-enum_Qualified" xlink:label="loc_30"/>
    <link:label xlink:type="resource" xlink:label="res_30" xlink:role="http://www.xbrl.org/2003/role/label" xml:lang="en" id="cipc-ca-enum_Qualified_label">Qualified</link:label>
    <link:labelArc xlink:type="arc" xlink:arcrole="http://www.xbrl.org/2003/arcrole/concept-label" xlink:from="loc_30" xlink:to="res_30"/>
    <link:loc xlink:type="locator" xlink:href="cipc_ca-enum_2023-09-30.xsd#cipc-ca-enum_Company" xlink:label="loc_31"/>
    <link:label xlink:type="resource" xlink:label="res_31" xlink:role="http://www.xbrl.org/2003/role/label" xml:lang="en" id="cipc-ca-enum_Company_label">Company</link:label>
    <link:labelArc xlink:type="arc" xlink:arcrole="http://www.xbrl.org/2003/arcrole/concept-label" xlink:from="loc_31" xlink:to="res_31"/>
    <link:loc xlink:type="locator" xlink:href="cipc_ca-enum_2023-09-30.xsd#cipc-ca-enum_ProvincesList" xlink:label="loc_32"/>
    <link:label xlink:type="resource" xlink:label="res_32" xlink:role="http://www.xbrl.org/2003/role/label" xml:lang="en" id="cipc-ca-enum_ProvincesList_label">Provinces [list]</link:label>
    <link:labelArc xlink:type="arc" xlink:arcrole="http://www.xbrl.org/2003/arcrole/concept-label" xlink:from="loc_32" xlink:to="res_32"/>
    <link:loc xlink:type="locator" xlink:href="cipc_ca-enum_2023-09-30.xsd#cipc-ca-enum_CategoryA2PrimaryCooperative" xlink:label="loc_33"/>
    <link:label xlink:type="resource" xlink:label="res_33" xlink:role="http://www.xbrl.org/2003/role/label" xml:lang="en" id="cipc-ca-enum_CategoryA2PrimaryCooperative_label">Category A2 primary co-operative</link:label>
    <link:labelArc xlink:type="arc" xlink:arcrole="http://www.xbrl.org/2003/arcrole/concept-label" xlink:from="loc_33" xlink:to="res_33"/>
    <link:loc xlink:type="locator" xlink:href="cipc_ca-enum_2023-09-30.xsd#cipc-ca-enum_PreferenceShares" xlink:label="loc_34"/>
    <link:label xlink:type="resource" xlink:label="res_34" xlink:role="http://www.xbrl.org/2003/role/label" xml:lang="en" id="cipc-ca-enum_PreferenceShares_label">Preference Shares</link:label>
    <link:labelArc xlink:type="arc" xlink:arcrole="http://www.xbrl.org/2003/arcrole/concept-label" xlink:from="loc_34" xlink:to="res_34"/>
    <link:loc xlink:type="locator" xlink:href="cipc_ca-enum_2023-09-30.xsd#cipc-ca-enum_DomesticPersonalLiabilityCompany" xlink:label="loc_35"/>
    <link:label xlink:type="resource" xlink:label="res_35" xlink:role="http://www.xbrl.org/2003/role/label" xml:lang="en" id="cipc-ca-enum_DomesticPersonalLiabilityCompany_label">Domestic personal liability company</link:label>
    <link:labelArc xlink:type="arc" xlink:arcrole="http://www.xbrl.org/2003/arcrole/concept-label" xlink:from="loc_35" xlink:to="res_35"/>
    <link:loc xlink:type="locator" xlink:href="cipc_ca-enum_2023-09-30.xsd#cipc-ca-enum_AssociationOfCharteredCertifiedAccountants" xlink:label="loc_36"/>
    <link:label xlink:type="resource" xlink:label="res_36" xlink:role="http://www.xbrl.org/2003/role/label" xml:lang="en" id="cipc-ca-enum_AssociationOfCharteredCertifiedAccountants_label">Association of Chartered Certified Accountants</link:label>
    <link:labelArc xlink:type="arc" xlink:arcrole="http://www.xbrl.org/2003/arcrole/concept-label" xlink:from="loc_36" xlink:to="res_36"/>
    <link:label xlink:type="resource" xlink:label="res_126" xlink:role="http://www.xbrl.org/2003/role/documentation" xml:lang="en" id="cipc-ca-enum_AssociationOfCharteredCertifiedAccountants_documentation">http://www.acca.org.za</link:label>
    <link:labelArc xlink:type="arc" xlink:arcrole="http://www.xbrl.org/2003/arcrole/concept-label" xlink:from="loc_36" xlink:to="res_126"/>
    <link:label xlink:type="resource" xlink:label="res_141" xlink:role="http://www.xbrl.org/2003/role/terseLabel" xml:lang="en" id="cipc-ca-enum_AssociationOfCharteredCertifiedAccountants_terseLabel">ACCA</link:label>
    <link:labelArc xlink:type="arc" xlink:arcrole="http://www.xbrl.org/2003/arcrole/concept-label" xlink:from="loc_36" xlink:to="res_141"/>
    <link:loc xlink:type="locator" xlink:href="cipc_ca-enum_2023-09-30.xsd#cipc-ca-enum_Limpopo" xlink:label="loc_37"/>
    <link:label xlink:type="resource" xlink:label="res_37" xlink:role="http://www.xbrl.org/2003/role/label" xml:lang="en" id="cipc-ca-enum_Limpopo_label">Limpopo</link:label>
    <link:labelArc xlink:type="arc" xlink:arcrole="http://www.xbrl.org/2003/arcrole/concept-label" xlink:from="loc_37" xlink:to="res_37"/>
    <link:loc xlink:type="locator" xlink:href="cipc_ca-enum_2023-09-30.xsd#cipc-ca-enum_FutureDirectors" xlink:label="loc_38"/>
    <link:label xlink:type="resource" xlink:label="res_38" xlink:role="http://www.xbrl.org/2003/role/label" xml:lang="en" id="cipc-ca-enum_FutureDirectors_label">Future directors</link:label>
    <link:labelArc xlink:type="arc" xlink:arcrole="http://www.xbrl.org/2003/arcrole/concept-label" xlink:from="loc_38" xlink:to="res_38"/>
    <link:loc xlink:type="locator" xlink:href="cipc_ca-enum_2023-09-30.xsd#cipc-ca-enum_StatusOfDirectorOrPrescribedOfficerList" xlink:label="loc_39"/>
    <link:label xlink:type="resource" xlink:label="res_39" xlink:role="http://www.xbrl.org/2003/role/label" xml:lang="en" id="cipc-ca-enum_StatusOfDirectorOrPrescribedOfficerList_label">Status of director or prescribed officer [list]</link:label>
    <link:labelArc xlink:type="arc" xlink:arcrole="http://www.xbrl.org/2003/arcrole/concept-label" xlink:from="loc_39" xlink:to="res_39"/>
    <link:loc xlink:type="locator" xlink:href="cipc_ca-enum_2023-09-30.xsd#cipc-ca-enum_IFRS" xlink:label="loc_40"/>
    <link:label xlink:type="resource" xlink:label="res_40" xlink:role="http://www.xbrl.org/2003/role/label" xml:lang="en" id="cipc-ca-enum_IFRS_label">IFRS</link:label>
    <link:labelArc xlink:type="arc" xlink:arcrole="http://www.xbrl.org/2003/arcrole/concept-label" xlink:from="loc_40" xlink:to="res_40"/>
    <link:loc xlink:type="locator" xlink:href="cipc_ca-enum_2023-09-30.xsd#cipc-ca-enum_Never" xlink:label="loc_41"/>
    <link:label xlink:type="resource" xlink:label="res_41" xlink:role="http://www.xbrl.org/2003/role/label" xml:lang="en" id="cipc-ca-enum_Never_label">Never</link:label>
    <link:labelArc xlink:type="arc" xlink:arcrole="http://www.xbrl.org/2003/arcrole/concept-label" xlink:from="loc_41" xlink:to="res_41"/>
    <link:loc xlink:type="locator" xlink:href="cipc_ca-enum_2023-09-30.xsd#cipc-ca-enum_NotApplicable" xlink:label="loc_42"/>
    <link:label xlink:type="resource" xlink:label="res_42" xlink:role="http://www.xbrl.org/2003/role/label" xml:lang="en" id="cipc-ca-enum_NotApplicable_label">Not applicable</link:label>
    <link:labelArc xlink:type="arc" xlink:arcrole="http://www.xbrl.org/2003/arcrole/concept-label" xlink:from="loc_42" xlink:to="res_42"/>
    <link:loc xlink:type="locator" xlink:href="cipc_ca-enum_2023-09-30.xsd#cipc-ca-enum_LevelEight" xlink:label="loc_43"/>
    <link:label xlink:type="resource" xlink:label="res_43" xlink:role="http://www.xbrl.org/2003/role/label" xml:lang="en" id="cipc-ca-enum_LevelEight_label">Level 8 (10% B-BBEE procurement recognition)</link:label>
    <link:labelArc xlink:type="arc" xlink:arcrole="http://www.xbrl.org/2003/arcrole/concept-label" xlink:from="loc_43" xlink:to="res_43"/>
    <link:loc xlink:type="locator" xlink:href="cipc_ca-enum_2023-09-30.xsd#cipc-ca-enum_OtherClassesOfSecurities" xlink:label="loc_44"/>
    <link:label xlink:type="resource" xlink:label="res_44" xlink:role="http://www.xbrl.org/2003/role/label" xml:lang="en" id="cipc-ca-enum_OtherClassesOfSecurities_label">Other classes of securities</link:label>
    <link:labelArc xlink:type="arc" xlink:arcrole="http://www.xbrl.org/2003/arcrole/concept-label" xlink:from="loc_44" xlink:to="res_44"/>
    <link:loc xlink:type="locator" xlink:href="cipc_ca-enum_2023-09-30.xsd#cipc-ca-enum_DomesticProfitCompany" xlink:label="loc_45"/>
    <link:label xlink:type="resource" xlink:label="res_45" xlink:role="http://www.xbrl.org/2003/role/label" xml:lang="en" id="cipc-ca-enum_DomesticProfitCompany_label">Domestic profit company</link:label>
    <link:labelArc xlink:type="arc" xlink:arcrole="http://www.xbrl.org/2003/arcrole/concept-label" xlink:from="loc_45" xlink:to="res_45"/>
    <link:loc xlink:type="locator" xlink:href="cipc_ca-enum_2023-09-30.xsd#cipc-ca-enum_PastDirectors" xlink:label="loc_46"/>
    <link:label xlink:type="resource" xlink:label="res_46" xlink:role="http://www.xbrl.org/2003/role/label" xml:lang="en" id="cipc-ca-enum_PastDirectors_label">Past directors</link:label>
    <link:labelArc xlink:type="arc" xlink:arcrole="http://www.xbrl.org/2003/arcrole/concept-label" xlink:from="loc_46" xlink:to="res_46"/>
    <link:loc xlink:type="locator" xlink:href="cipc_ca-enum_2023-09-30.xsd#cipc-ca-enum_CategoryCPrimaryCooperative" xlink:label="loc_47"/>
    <link:label xlink:type="resource" xlink:label="res_47" xlink:role="http://www.xbrl.org/2003/role/label" xml:lang="en" id="cipc-ca-enum_CategoryCPrimaryCooperative_label">Category C primary co-operative</link:label>
    <link:labelArc xlink:type="arc" xlink:arcrole="http://www.xbrl.org/2003/arcrole/concept-label" xlink:from="loc_47" xlink:to="res_47"/>
    <link:loc xlink:type="locator" xlink:href="cipc_ca-enum_2023-09-30.xsd#cipc-ca-enum_ForProfitExternalCompany" xlink:label="loc_48"/>
    <link:label xlink:type="resource" xlink:label="res_48" xlink:role="http://www.xbrl.org/2003/role/label" xml:lang="en" id="cipc-ca-enum_ForProfitExternalCompany_label">For profit external company</link:label>
    <link:labelArc xlink:type="arc" xlink:arcrole="http://www.xbrl.org/2003/arcrole/concept-label" xlink:from="loc_48" xlink:to="res_48"/>
    <link:loc xlink:type="locator" xlink:href="cipc_ca-enum_2023-09-30.xsd#cipc-ca-enum_LevelSeven" xlink:label="loc_49"/>
    <link:label xlink:type="resource" xlink:label="res_49" xlink:role="http://www.xbrl.org/2003/role/label" xml:lang="en" id="cipc-ca-enum_LevelSeven_label">Level 7 (50% B-BBEE procurement recognition)</link:label>
    <link:labelArc xlink:type="arc" xlink:arcrole="http://www.xbrl.org/2003/arcrole/concept-label" xlink:from="loc_49" xlink:to="res_49"/>
    <link:loc xlink:type="locator" xlink:href="cipc_ca-enum_2023-09-30.xsd#cipc-ca-enum_AuthorisedShareCapital" xlink:label="loc_50"/>
    <link:label xlink:type="resource" xlink:label="res_50" xlink:role="http://www.xbrl.org/2003/role/label" xml:lang="en" id="cipc-ca-enum_AuthorisedShareCapital_label">Authorised share capital</link:label>
    <link:labelArc xlink:type="arc" xlink:arcrole="http://www.xbrl.org/2003/arcrole/concept-label" xlink:from="loc_50" xlink:to="res_50"/>
    <link:loc xlink:type="locator" xlink:href="cipc_ca-enum_2023-09-30.xsd#cipc-ca-enum_IndependentRegulatoryBoardOfAuditors" xlink:label="loc_51"/>
    <link:label xlink:type="resource" xlink:label="res_51" xlink:role="http://www.xbrl.org/2003/role/label" xml:lang="en" id="cipc-ca-enum_IndependentRegulatoryBoardOfAuditors_label">Independent Regulatory Board of Auditors</link:label>
    <link:labelArc xlink:type="arc" xlink:arcrole="http://www.xbrl.org/2003/arcrole/concept-label" xlink:from="loc_51" xlink:to="res_51"/>
    <link:label xlink:type="resource" xlink:label="res_127" xlink:role="http://www.xbrl.org/2003/role/documentation" xml:lang="en" id="cipc-ca-enum_IndependentRegulatoryBoardOfAuditors_documentation">http://www.irba.co.za</link:label>
    <link:labelArc xlink:type="arc" xlink:arcrole="http://www.xbrl.org/2003/arcrole/concept-label" xlink:from="loc_51" xlink:to="res_127"/>
    <link:label xlink:type="resource" xlink:label="res_142" xlink:role="http://www.xbrl.org/2003/role/terseLabel" xml:lang="en" id="cipc-ca-enum_IndependentRegulatoryBoardOfAuditors_terseLabel">IRBA</link:label>
    <link:labelArc xlink:type="arc" xlink:arcrole="http://www.xbrl.org/2003/arcrole/concept-label" xlink:from="loc_51" xlink:to="res_142"/>
    <link:loc xlink:type="locator" xlink:href="cipc_ca-enum_2023-09-30.xsd#cipc-ca-enum_SecondaryCoop" xlink:label="loc_52"/>
    <link:label xlink:type="resource" xlink:label="res_52" xlink:role="http://www.xbrl.org/2003/role/label" xml:lang="en" id="cipc-ca-enum_SecondaryCoop_label">Secondary co-op</link:label>
    <link:labelArc xlink:type="arc" xlink:arcrole="http://www.xbrl.org/2003/arcrole/concept-label" xlink:from="loc_52" xlink:to="res_52"/>
    <link:loc xlink:type="locator" xlink:href="cipc_ca-enum_2023-09-30.xsd#cipc-ca-enum_DomesticSecondaryCooperative" xlink:label="loc_53"/>
    <link:label xlink:type="resource" xlink:label="res_53" xlink:role="http://www.xbrl.org/2003/role/label" xml:lang="en" id="cipc-ca-enum_DomesticSecondaryCooperative_label">Domestic secondary co-operative</link:label>
    <link:labelArc xlink:type="arc" xlink:arcrole="http://www.xbrl.org/2003/arcrole/concept-label" xlink:from="loc_53" xlink:to="res_53"/>
    <link:loc xlink:type="locator" xlink:href="cipc_ca-enum_2023-09-30.xsd#cipc-ca-enum_CloseCorporation" xlink:label="loc_54"/>
    <link:label xlink:type="resource" xlink:label="res_54" xlink:role="http://www.xbrl.org/2003/role/label" xml:lang="en" id="cipc-ca-enum_CloseCorporation_label">Close corporation</link:label>
    <link:labelArc xlink:type="arc" xlink:arcrole="http://www.xbrl.org/2003/arcrole/concept-label" xlink:from="loc_54" xlink:to="res_54"/>
    <link:loc xlink:type="locator" xlink:href="cipc_ca-enum_2023-09-30.xsd#cipc-ca-enum_Mpumalanga" xlink:label="loc_55"/>
    <link:label xlink:type="resource" xlink:label="res_55" xlink:role="http://www.xbrl.org/2003/role/label" xml:lang="en" id="cipc-ca-enum_Mpumalanga_label">Mpumalanga</link:label>
    <link:labelArc xlink:type="arc" xlink:arcrole="http://www.xbrl.org/2003/arcrole/concept-label" xlink:from="loc_55" xlink:to="res_55"/>
    <link:loc xlink:type="locator" xlink:href="cipc_ca-enum_2023-09-30.xsd#cipc-ca-enum_SouthAfricanInstituteOfBusinessAccountants" xlink:label="loc_56"/>
    <link:label xlink:type="resource" xlink:label="res_56" xlink:role="http://www.xbrl.org/2003/role/label" xml:lang="en" id="cipc-ca-enum_SouthAfricanInstituteOfBusinessAccountants_label">South African Institute of Business Accountants</link:label>
    <link:labelArc xlink:type="arc" xlink:arcrole="http://www.xbrl.org/2003/arcrole/concept-label" xlink:from="loc_56" xlink:to="res_56"/>
    <link:label xlink:type="resource" xlink:label="res_128" xlink:role="http://www.xbrl.org/2003/role/documentation" xml:lang="en" id="cipc-ca-enum_SouthAfricanInstituteOfBusinessAccountants_documentation">http://www.saiba.org.za</link:label>
    <link:labelArc xlink:type="arc" xlink:arcrole="http://www.xbrl.org/2003/arcrole/concept-label" xlink:from="loc_56" xlink:to="res_128"/>
    <link:label xlink:type="resource" xlink:label="res_143" xlink:role="http://www.xbrl.org/2003/role/terseLabel" xml:lang="en" id="cipc-ca-enum_SouthAfricanInstituteOfBusinessAccountants_terseLabel">SAIBA</link:label>
    <link:labelArc xlink:type="arc" xlink:arcrole="http://www.xbrl.org/2003/arcrole/concept-label" xlink:from="loc_56" xlink:to="res_143"/>
    <link:loc xlink:type="locator" xlink:href="cipc_ca-enum_2023-09-30.xsd#cipc-ca-enum_LevelFour" xlink:label="loc_57"/>
    <link:label xlink:type="resource" xlink:label="res_57" xlink:role="http://www.xbrl.org/2003/role/label" xml:lang="en" id="cipc-ca-enum_LevelFour_label">Level 4 (100% B-BBEE procurement recognition)</link:label>
    <link:labelArc xlink:type="arc" xlink:arcrole="http://www.xbrl.org/2003/arcrole/concept-label" xlink:from="loc_57" xlink:to="res_57"/>
    <link:loc xlink:type="locator" xlink:href="cipc_ca-enum_2023-09-30.xsd#cipc-ca-enum_TypeOfMembershipProvidedForByCooperativeList" xlink:label="loc_58"/>
    <link:label xlink:type="resource" xlink:label="res_58" xlink:role="http://www.xbrl.org/2003/role/label" xml:lang="en" id="cipc-ca-enum_TypeOfMembershipProvidedForByCooperativeList_label">Type of membership provided for by the co-operative [list]</link:label>
    <link:labelArc xlink:type="arc" xlink:arcrole="http://www.xbrl.org/2003/arcrole/concept-label" xlink:from="loc_58" xlink:to="res_58"/>
    <link:loc xlink:type="locator" xlink:href="cipc_ca-enum_2023-09-30.xsd#cipc-ca-enum_NorthernCape" xlink:label="loc_59"/>
    <link:label xlink:type="resource" xlink:label="res_59" xlink:role="http://www.xbrl.org/2003/role/label" xml:lang="en" id="cipc-ca-enum_NorthernCape_label">Northern Cape</link:label>
    <link:labelArc xlink:type="arc" xlink:arcrole="http://www.xbrl.org/2003/arcrole/concept-label" xlink:from="loc_59" xlink:to="res_59"/>
    <link:loc xlink:type="locator" xlink:href="cipc_ca-enum_2023-09-30.xsd#cipc-ca-enum_ExecutiveOrNonexecutiveList" xlink:label="loc_60"/>
    <link:label xlink:type="resource" xlink:label="res_60" xlink:role="http://www.xbrl.org/2003/role/label" xml:lang="en" id="cipc-ca-enum_ExecutiveOrNonexecutiveList_label">Executive or non-executive [list]</link:label>
    <link:labelArc xlink:type="arc" xlink:arcrole="http://www.xbrl.org/2003/arcrole/concept-label" xlink:from="loc_60" xlink:to="res_60"/>
    <link:loc xlink:type="locator" xlink:href="cipc_ca-enum_2023-09-30.xsd#cipc-ca-enum_JuristicPerson" xlink:label="loc_61"/>
    <link:label xlink:type="resource" xlink:label="res_61" xlink:role="http://www.xbrl.org/2003/role/label" xml:lang="en" id="cipc-ca-enum_JuristicPerson_label">Juristic person</link:label>
    <link:labelArc xlink:type="arc" xlink:arcrole="http://www.xbrl.org/2003/arcrole/concept-label" xlink:from="loc_61" xlink:to="res_61"/>
    <link:loc xlink:type="locator" xlink:href="cipc_ca-enum_2023-09-30.xsd#cipc-ca-enum_Unqualified" xlink:label="loc_62"/>
    <link:label xlink:type="resource" xlink:label="res_62" xlink:role="http://www.xbrl.org/2003/role/label" xml:lang="en" id="cipc-ca-enum_Unqualified_label">Unqualified</link:label>
    <link:labelArc xlink:type="arc" xlink:arcrole="http://www.xbrl.org/2003/arcrole/concept-label" xlink:from="loc_62" xlink:to="res_62"/>
    <link:loc xlink:type="locator" xlink:href="cipc_ca-enum_2023-09-30.xsd#cipc-ca-enum_RecognisedProfessionList" xlink:label="loc_63"/>
    <link:label xlink:type="resource" xlink:label="res_63" xlink:role="http://www.xbrl.org/2003/role/label" xml:lang="en" id="cipc-ca-enum_RecognisedProfessionList_label">Recognised profession [list]</link:label>
    <link:labelArc xlink:type="arc" xlink:arcrole="http://www.xbrl.org/2003/arcrole/concept-label" xlink:from="loc_63" xlink:to="res_63"/>
    <link:loc xlink:type="locator" xlink:href="cipc_ca-enum_2023-09-30.xsd#cipc-ca-enum_NonIFRS" xlink:label="loc_64"/>
    <link:label xlink:type="resource" xlink:label="res_64" xlink:role="http://www.xbrl.org/2003/role/label" xml:lang="en" id="cipc-ca-enum_NonIFRS_label">Non-IFRS</link:label>
    <link:labelArc xlink:type="arc" xlink:arcrole="http://www.xbrl.org/2003/arcrole/concept-label" xlink:from="loc_64" xlink:to="res_64"/>
    <link:loc xlink:type="locator" xlink:href="cipc_ca-enum_2023-09-30.xsd#cipc-ca-enum_FrequencyList" xlink:label="loc_65"/>
    <link:label xlink:type="resource" xlink:label="res_65" xlink:role="http://www.xbrl.org/2003/role/label" xml:lang="en" id="cipc-ca-enum_FrequencyList_label">Frequency [list]</link:label>
    <link:labelArc xlink:type="arc" xlink:arcrole="http://www.xbrl.org/2003/arcrole/concept-label" xlink:from="loc_65" xlink:to="res_65"/>
    <link:loc xlink:type="locator" xlink:href="cipc_ca-enum_2023-09-30.xsd#cipc-ca-enum_BBBEEContributorLevelList" xlink:label="loc_66"/>
    <link:label xlink:type="resource" xlink:label="res_66" xlink:role="http://www.xbrl.org/2003/role/label" xml:lang="en" id="cipc-ca-enum_BBBEEContributorLevelList_label">B-BBEE contributor level [list]</link:label>
    <link:labelArc xlink:type="arc" xlink:arcrole="http://www.xbrl.org/2003/arcrole/concept-label" xlink:from="loc_66" xlink:to="res_66"/>
    <link:loc xlink:type="locator" xlink:href="cipc_ca-enum_2023-09-30.xsd#cipc-ca-enum_SouthAfricanInstituteOfCharteredAccountants" xlink:label="loc_67"/>
    <link:label xlink:type="resource" xlink:label="res_67" xlink:role="http://www.xbrl.org/2003/role/label" xml:lang="en" id="cipc-ca-enum_SouthAfricanInstituteOfCharteredAccountants_label">South African Institute of Chartered Accountants</link:label>
    <link:labelArc xlink:type="arc" xlink:arcrole="http://www.xbrl.org/2003/arcrole/concept-label" xlink:from="loc_67" xlink:to="res_67"/>
    <link:label xlink:type="resource" xlink:label="res_129" xlink:role="http://www.xbrl.org/2003/role/documentation" xml:lang="en" id="cipc-ca-enum_SouthAfricanInstituteOfCharteredAccountants_documentation">http://www.saica.co.za</link:label>
    <link:labelArc xlink:type="arc" xlink:arcrole="http://www.xbrl.org/2003/arcrole/concept-label" xlink:from="loc_67" xlink:to="res_129"/>
    <link:label xlink:type="resource" xlink:label="res_144" xlink:role="http://www.xbrl.org/2003/role/terseLabel" xml:lang="en" id="cipc-ca-enum_SouthAfricanInstituteOfCharteredAccountants_terseLabel">SAICA</link:label>
    <link:labelArc xlink:type="arc" xlink:arcrole="http://www.xbrl.org/2003/arcrole/concept-label" xlink:from="loc_67" xlink:to="res_144"/>
    <link:loc xlink:type="locator" xlink:href="cipc_ca-enum_2023-09-30.xsd#cipc-ca-enum_Occurred" xlink:label="loc_68"/>
    <link:label xlink:type="resource" xlink:label="res_68" xlink:role="http://www.xbrl.org/2003/role/label" xml:lang="en" id="cipc-ca-enum_Occurred_label">Occurred</link:label>
    <link:labelArc xlink:type="arc" xlink:arcrole="http://www.xbrl.org/2003/arcrole/concept-label" xlink:from="loc_68" xlink:to="res_68"/>
    <link:loc xlink:type="locator" xlink:href="cipc_ca-enum_2023-09-30.xsd#cipc-ca-enum_SouthernAfricanInstituteOfCharteredSecretariesAndAdministrators" xlink:label="loc_69"/>
    <link:label xlink:type="resource" xlink:label="res_69" xlink:role="http://www.xbrl.org/2003/role/label" xml:lang="en" id="cipc-ca-enum_SouthernAfricanInstituteOfCharteredSecretariesAndAdministrators_label">Southern African Institute of Chartered Secretaries and Administrators</link:label>
    <link:labelArc xlink:type="arc" xlink:arcrole="http://www.xbrl.org/2003/arcrole/concept-label" xlink:from="loc_69" xlink:to="res_69"/>
    <link:label xlink:type="resource" xlink:label="res_130" xlink:role="http://www.xbrl.org/2003/role/documentation" xml:lang="en" id="cipc-ca-enum_SouthernAfricanInstituteOfCharteredSecretariesAndAdministrators_documentation">http://www.icsa.co.za</link:label>
    <link:labelArc xlink:type="arc" xlink:arcrole="http://www.xbrl.org/2003/arcrole/concept-label" xlink:from="loc_69" xlink:to="res_130"/>
    <link:label xlink:type="resource" xlink:label="res_145" xlink:role="http://www.xbrl.org/2003/role/terseLabel" xml:lang="en" id="cipc-ca-enum_SouthernAfricanInstituteOfCharteredSecretariesAndAdministrators_terseLabel">ICSA</link:label>
    <link:labelArc xlink:type="arc" xlink:arcrole="http://www.xbrl.org/2003/arcrole/concept-label" xlink:from="loc_69" xlink:to="res_145"/>
    <link:loc xlink:type="locator" xlink:href="cipc_ca-enum_2023-09-30.xsd#cipc-ca-enum_DomesticTertiaryCooperative" xlink:label="loc_70"/>
    <link:label xlink:type="resource" xlink:label="res_70" xlink:role="http://www.xbrl.org/2003/role/label" xml:lang="en" id="cipc-ca-enum_DomesticTertiaryCooperative_label">Domestic tertiary co-operative</link:label>
    <link:labelArc xlink:type="arc" xlink:arcrole="http://www.xbrl.org/2003/arcrole/concept-label" xlink:from="loc_70" xlink:to="res_70"/>
    <link:loc xlink:type="locator" xlink:href="cipc_ca-enum_2023-09-30.xsd#cipc-ca-enum_Audited" xlink:label="loc_71"/>
    <link:label xlink:type="resource" xlink:label="res_71" xlink:role="http://www.xbrl.org/2003/role/label" xml:lang="en" id="cipc-ca-enum_Audited_label">Audited</link:label>
    <link:labelArc xlink:type="arc" xlink:arcrole="http://www.xbrl.org/2003/arcrole/concept-label" xlink:from="loc_71" xlink:to="res_71"/>
    <link:loc xlink:type="locator" xlink:href="cipc_ca-enum_2023-09-30.xsd#cipc-ca-enum_DomesticPrivateCompany" xlink:label="loc_72"/>
    <link:label xlink:type="resource" xlink:label="res_72" xlink:role="http://www.xbrl.org/2003/role/label" xml:lang="en" id="cipc-ca-enum_DomesticPrivateCompany_label">Domestic private company</link:label>
    <link:labelArc xlink:type="arc" xlink:arcrole="http://www.xbrl.org/2003/arcrole/concept-label" xlink:from="loc_72" xlink:to="res_72"/>
    <link:loc xlink:type="locator" xlink:href="cipc_ca-enum_2023-09-30.xsd#cipc-ca-enum_Trust" xlink:label="loc_73"/>
    <link:label xlink:type="resource" xlink:label="res_73" xlink:role="http://www.xbrl.org/2003/role/label" xml:lang="en" id="cipc-ca-enum_Trust_label">Trust</link:label>
    <link:labelArc xlink:type="arc" xlink:arcrole="http://www.xbrl.org/2003/arcrole/concept-label" xlink:from="loc_73" xlink:to="res_73"/>
    <link:loc xlink:type="locator" xlink:href="cipc_ca-enum_2023-09-30.xsd#cipc-ca-enum_ProfitCompany" xlink:label="loc_74"/>
    <link:label xlink:type="resource" xlink:label="res_74" xlink:role="http://www.xbrl.org/2003/role/label" xml:lang="en" id="cipc-ca-enum_ProfitCompany_label">Profit company</link:label>
    <link:labelArc xlink:type="arc" xlink:arcrole="http://www.xbrl.org/2003/arcrole/concept-label" xlink:from="loc_74" xlink:to="res_74"/>
    <link:loc xlink:type="locator" xlink:href="cipc_ca-enum_2023-09-30.xsd#cipc-ca-enum_EasternCape" xlink:label="loc_75"/>
    <link:label xlink:type="resource" xlink:label="res_75" xlink:role="http://www.xbrl.org/2003/role/label" xml:lang="en" id="cipc-ca-enum_EasternCape_label">Eastern Cape</link:label>
    <link:labelArc xlink:type="arc" xlink:arcrole="http://www.xbrl.org/2003/arcrole/concept-label" xlink:from="loc_75" xlink:to="res_75"/>
    <link:loc xlink:type="locator" xlink:href="cipc_ca-enum_2023-09-30.xsd#cipc-ca-enum_ComplianceWithStandardList" xlink:label="loc_76"/>
    <link:label xlink:type="resource" xlink:label="res_76" xlink:role="http://www.xbrl.org/2003/role/label" xml:lang="en" id="cipc-ca-enum_ComplianceWithStandardList_label">Compliance with standard [list]</link:label>
    <link:labelArc xlink:type="arc" xlink:arcrole="http://www.xbrl.org/2003/arcrole/concept-label" xlink:from="loc_76" xlink:to="res_76"/>
    <link:loc xlink:type="locator" xlink:href="cipc_ca-enum_2023-09-30.xsd#cipc-ca-enum_SouthAfricanInstituteOfProfessionalAccountants" xlink:label="loc_77"/>
    <link:label xlink:type="resource" xlink:label="res_77" xlink:role="http://www.xbrl.org/2003/role/label" xml:lang="en" id="cipc-ca-enum_SouthAfricanInstituteOfProfessionalAccountants_label">South African Institute of Professional Accountants</link:label>
    <link:labelArc xlink:type="arc" xlink:arcrole="http://www.xbrl.org/2003/arcrole/concept-label" xlink:from="loc_77" xlink:to="res_77"/>
    <link:label xlink:type="resource" xlink:label="res_131" xlink:role="http://www.xbrl.org/2003/role/documentation" xml:lang="en" id="cipc-ca-enum_SouthAfricanInstituteOfProfessionalAccountants_documentation">http://www.saipa.co.za</link:label>
    <link:labelArc xlink:type="arc" xlink:arcrole="http://www.xbrl.org/2003/arcrole/concept-label" xlink:from="loc_77" xlink:to="res_131"/>
    <link:label xlink:type="resource" xlink:label="res_146" xlink:role="http://www.xbrl.org/2003/role/terseLabel" xml:lang="en" id="cipc-ca-enum_SouthAfricanInstituteOfProfessionalAccountants_terseLabel">SAIPA</link:label>
    <link:labelArc xlink:type="arc" xlink:arcrole="http://www.xbrl.org/2003/arcrole/concept-label" xlink:from="loc_77" xlink:to="res_146"/>
    <link:loc xlink:type="locator" xlink:href="cipc_ca-enum_2023-09-30.xsd#cipc-ca-enum_LevelFive" xlink:label="loc_78"/>
    <link:label xlink:type="resource" xlink:label="res_78" xlink:role="http://www.xbrl.org/2003/role/label" xml:lang="en" id="cipc-ca-enum_LevelFive_label">Level 5 (80% B-BBEE procurement recognition)</link:label>
    <link:labelArc xlink:type="arc" xlink:arcrole="http://www.xbrl.org/2003/arcrole/concept-label" xlink:from="loc_78" xlink:to="res_78"/>
    <link:label xlink:type="resource" xlink:label="res_132" xlink:role="http://www.xbrl.org/2003/role/documentation" xml:lang="en" id="cipc-ca-enum_LevelFive_documentation">Less than 51% black owned</link:label>
    <link:labelArc xlink:type="arc" xlink:arcrole="http://www.xbrl.org/2003/arcrole/concept-label" xlink:from="loc_78" xlink:to="res_132"/>
    <link:loc xlink:type="locator" xlink:href="cipc_ca-enum_2023-09-30.xsd#cipc-ca-enum_LevelThree" xlink:label="loc_79"/>
    <link:label xlink:type="resource" xlink:label="res_79" xlink:role="http://www.xbrl.org/2003/role/label" xml:lang="en" id="cipc-ca-enum_LevelThree_label">Level 3 (110% B-BBEE procurement recognition)</link:label>
    <link:labelArc xlink:type="arc" xlink:arcrole="http://www.xbrl.org/2003/arcrole/concept-label" xlink:from="loc_79" xlink:to="res_79"/>
    <link:loc xlink:type="locator" xlink:href="cipc_ca-enum_2023-09-30.xsd#cipc-ca-enum_BBBEENoncompliant" xlink:label="loc_80"/>
    <link:label xlink:type="resource" xlink:label="res_80" xlink:role="http://www.xbrl.org/2003/role/label" xml:lang="en" id="cipc-ca-enum_BBBEENoncompliant_label">Non-compliant (0% B-BBEE procurement recognition)</link:label>
    <link:labelArc xlink:type="arc" xlink:arcrole="http://www.xbrl.org/2003/arcrole/concept-label" xlink:from="loc_80" xlink:to="res_80"/>
    <link:loc xlink:type="locator" xlink:href="cipc_ca-enum_2023-09-30.xsd#cipc-ca-enum_Nonexecutive" xlink:label="loc_81"/>
    <link:label xlink:type="resource" xlink:label="res_81" xlink:role="http://www.xbrl.org/2003/role/label" xml:lang="en" id="cipc-ca-enum_Nonexecutive_label">Non-executive</link:label>
    <link:labelArc xlink:type="arc" xlink:arcrole="http://www.xbrl.org/2003/arcrole/concept-label" xlink:from="loc_81" xlink:to="res_81"/>
    <link:loc xlink:type="locator" xlink:href="cipc_ca-enum_2023-09-30.xsd#cipc-ca-enum_NonprofitExternalCompany" xlink:label="loc_82"/>
    <link:label xlink:type="resource" xlink:label="res_82" xlink:role="http://www.xbrl.org/2003/role/label" xml:lang="en" id="cipc-ca-enum_NonprofitExternalCompany_label">Non-profit external company</link:label>
    <link:labelArc xlink:type="arc" xlink:arcrole="http://www.xbrl.org/2003/arcrole/concept-label" xlink:from="loc_82" xlink:to="res_82"/>
    <link:loc xlink:type="locator" xlink:href="cipc_ca-enum_2023-09-30.xsd#cipc-ca-enum_Executive" xlink:label="loc_83"/>
    <link:label xlink:type="resource" xlink:label="res_83" xlink:role="http://www.xbrl.org/2003/role/label" xml:lang="en" id="cipc-ca-enum_Executive_label">Executive</link:label>
    <link:labelArc xlink:type="arc" xlink:arcrole="http://www.xbrl.org/2003/arcrole/concept-label" xlink:from="loc_83" xlink:to="res_83"/>
    <link:loc xlink:type="locator" xlink:href="cipc_ca-enum_2023-09-30.xsd#cipc-ca-enum_Quarterly" xlink:label="loc_84"/>
    <link:label xlink:type="resource" xlink:label="res_84" xlink:role="http://www.xbrl.org/2003/role/label" xml:lang="en" id="cipc-ca-enum_Quarterly_label">Quarterly</link:label>
    <link:labelArc xlink:type="arc" xlink:arcrole="http://www.xbrl.org/2003/arcrole/concept-label" xlink:from="loc_84" xlink:to="res_84"/>
    <link:loc xlink:type="locator" xlink:href="cipc_ca-enum_2023-09-30.xsd#cipc-ca-enum_Annually" xlink:label="loc_85"/>
    <link:label xlink:type="resource" xlink:label="res_85" xlink:role="http://www.xbrl.org/2003/role/label" xml:lang="en" id="cipc-ca-enum_Annually_label">Annually</link:label>
    <link:labelArc xlink:type="arc" xlink:arcrole="http://www.xbrl.org/2003/arcrole/concept-label" xlink:from="loc_85" xlink:to="res_85"/>
    <link:loc xlink:type="locator" xlink:href="cipc_ca-enum_2023-09-30.xsd#cipc-ca-enum_LevelTwo" xlink:label="loc_86"/>
    <link:label xlink:type="resource" xlink:label="res_86" xlink:role="http://www.xbrl.org/2003/role/label" xml:lang="en" id="cipc-ca-enum_LevelTwo_label">Level 2 (125% B-BBEE procurement recognition)</link:label>
    <link:labelArc xlink:type="arc" xlink:arcrole="http://www.xbrl.org/2003/arcrole/concept-label" xlink:from="loc_86" xlink:to="res_86"/>
    <link:label xlink:type="resource" xlink:label="res_133" xlink:role="http://www.xbrl.org/2003/role/documentation" xml:lang="en" id="cipc-ca-enum_LevelTwo_documentation">More than 51% black owned</link:label>
    <link:labelArc xlink:type="arc" xlink:arcrole="http://www.xbrl.org/2003/arcrole/concept-label" xlink:from="loc_86" xlink:to="res_133"/>
    <link:loc xlink:type="locator" xlink:href="cipc_ca-enum_2023-09-30.xsd#cipc-ca-enum_NaturalPerson" xlink:label="loc_87"/>
    <link:label xlink:type="resource" xlink:label="res_87" xlink:role="http://www.xbrl.org/2003/role/label" xml:lang="en" id="cipc-ca-enum_NaturalPerson_label">Natural person</link:label>
    <link:labelArc xlink:type="arc" xlink:arcrole="http://www.xbrl.org/2003/arcrole/concept-label" xlink:from="loc_87" xlink:to="res_87"/>
    <link:loc xlink:type="locator" xlink:href="cipc_ca-enum_2023-09-30.xsd#cipc-ca-enum_IndependentlyReviewed" xlink:label="loc_88"/>
    <link:label xlink:type="resource" xlink:label="res_88" xlink:role="http://www.xbrl.org/2003/role/label" xml:lang="en" id="cipc-ca-enum_IndependentlyReviewed_label">Independently reviewed</link:label>
    <link:labelArc xlink:type="arc" xlink:arcrole="http://www.xbrl.org/2003/arcrole/concept-label" xlink:from="loc_88" xlink:to="res_88"/>
    <link:loc xlink:type="locator" xlink:href="cipc_ca-enum_2023-09-30.xsd#cipc-ca-enum_TypeOfAssuranceList" xlink:label="loc_89"/>
    <link:label xlink:type="resource" xlink:label="res_89" xlink:role="http://www.xbrl.org/2003/role/label" xml:lang="en" id="cipc-ca-enum_TypeOfAssuranceList_label">Type of assurance [list]</link:label>
    <link:labelArc xlink:type="arc" xlink:arcrole="http://www.xbrl.org/2003/arcrole/concept-label" xlink:from="loc_89" xlink:to="res_89"/>
    <link:loc xlink:type="locator" xlink:href="cipc_ca-enum_2023-09-30.xsd#cipc-ca-enum_PrimaryCoop" xlink:label="loc_90"/>
    <link:label xlink:type="resource" xlink:label="res_90" xlink:role="http://www.xbrl.org/2003/role/label" xml:lang="en" id="cipc-ca-enum_PrimaryCoop_label">Primary co-op</link:label>
    <link:labelArc xlink:type="arc" xlink:arcrole="http://www.xbrl.org/2003/arcrole/concept-label" xlink:from="loc_90" xlink:to="res_90"/>
    <link:loc xlink:type="locator" xlink:href="cipc_ca-enum_2023-09-30.xsd#cipc-ca-enum_DomesticPrimaryCooperative" xlink:label="loc_91"/>
    <link:label xlink:type="resource" xlink:label="res_91" xlink:role="http://www.xbrl.org/2003/role/label" xml:lang="en" id="cipc-ca-enum_DomesticPrimaryCooperative_label">Domestic primary co-operative</link:label>
    <link:labelArc xlink:type="arc" xlink:arcrole="http://www.xbrl.org/2003/arcrole/concept-label" xlink:from="loc_91" xlink:to="res_91"/>
    <link:loc xlink:type="locator" xlink:href="cipc_ca-enum_2023-09-30.xsd#cipc-ca-enum_DomesticCloseCorporation" xlink:label="loc_92"/>
    <link:label xlink:type="resource" xlink:label="res_92" xlink:role="http://www.xbrl.org/2003/role/label" xml:lang="en" id="cipc-ca-enum_DomesticCloseCorporation_label">Domestic close corporation</link:label>
    <link:labelArc xlink:type="arc" xlink:arcrole="http://www.xbrl.org/2003/arcrole/concept-label" xlink:from="loc_92" xlink:to="res_92"/>
    <link:loc xlink:type="locator" xlink:href="cipc_ca-enum_2023-09-30.xsd#cipc-ca-enum_ConvertiblePreferenceShares" xlink:label="loc_93"/>
    <link:label xlink:type="resource" xlink:label="res_93" xlink:role="http://www.xbrl.org/2003/role/label" xml:lang="en" id="cipc-ca-enum_ConvertiblePreferenceShares_label">Convertible preference shares</link:label>
    <link:labelArc xlink:type="arc" xlink:arcrole="http://www.xbrl.org/2003/arcrole/concept-label" xlink:from="loc_93" xlink:to="res_93"/>
    <link:loc xlink:type="locator" xlink:href="cipc_ca-enum_2023-09-30.xsd#cipc-ca-enum_CharteredInstituteOfManagementAccountants" xlink:label="loc_94"/>
    <link:label xlink:type="resource" xlink:label="res_94" xlink:role="http://www.xbrl.org/2003/role/label" xml:lang="en" id="cipc-ca-enum_CharteredInstituteOfManagementAccountants_label">Chartered Institute of Management Accountants</link:label>
    <link:labelArc xlink:type="arc" xlink:arcrole="http://www.xbrl.org/2003/arcrole/concept-label" xlink:from="loc_94" xlink:to="res_94"/>
    <link:label xlink:type="resource" xlink:label="res_134" xlink:role="http://www.xbrl.org/2003/role/documentation" xml:lang="en" id="cipc-ca-enum_CharteredInstituteOfManagementAccountants_documentation">http://www.cimaglobal.com</link:label>
    <link:labelArc xlink:type="arc" xlink:arcrole="http://www.xbrl.org/2003/arcrole/concept-label" xlink:from="loc_94" xlink:to="res_134"/>
    <link:label xlink:type="resource" xlink:label="res_147" xlink:role="http://www.xbrl.org/2003/role/terseLabel" xml:lang="en" id="cipc-ca-enum_CharteredInstituteOfManagementAccountants_terseLabel">CIMA</link:label>
    <link:labelArc xlink:type="arc" xlink:arcrole="http://www.xbrl.org/2003/arcrole/concept-label" xlink:from="loc_94" xlink:to="res_147"/>
    <link:loc xlink:type="locator" xlink:href="cipc_ca-enum_2023-09-30.xsd#cipc-ca-enum_KwaZulunatal" xlink:label="loc_95"/>
    <link:label xlink:type="resource" xlink:label="res_95" xlink:role="http://www.xbrl.org/2003/role/label" xml:lang="en" id="cipc-ca-enum_KwaZulunatal_label">KwaZulu-Natal</link:label>
    <link:labelArc xlink:type="arc" xlink:arcrole="http://www.xbrl.org/2003/arcrole/concept-label" xlink:from="loc_95" xlink:to="res_95"/>
    <link:loc xlink:type="locator" xlink:href="cipc_ca-enum_2023-09-30.xsd#cipc-ca-enum_Gauteng" xlink:label="loc_96"/>
    <link:label xlink:type="resource" xlink:label="res_96" xlink:role="http://www.xbrl.org/2003/role/label" xml:lang="en" id="cipc-ca-enum_Gauteng_label">Gauteng</link:label>
    <link:labelArc xlink:type="arc" xlink:arcrole="http://www.xbrl.org/2003/arcrole/concept-label" xlink:from="loc_96" xlink:to="res_96"/>
    <link:loc xlink:type="locator" xlink:href="cipc_ca-enum_2023-09-30.xsd#cipc-ca-enum_DomesticStateOwnedCompany" xlink:label="loc_97"/>
    <link:label xlink:type="resource" xlink:label="res_97" xlink:role="http://www.xbrl.org/2003/role/label" xml:lang="en" id="cipc-ca-enum_DomesticStateOwnedCompany_label">Domestic state owned company</link:label>
    <link:labelArc xlink:type="arc" xlink:arcrole="http://www.xbrl.org/2003/arcrole/concept-label" xlink:from="loc_97" xlink:to="res_97"/>
    <link:loc xlink:type="locator" xlink:href="cipc_ca-enum_2023-09-30.xsd#cipc-ca-enum_OccurrenceOfScenarioForSolvencyAndLiquidityTestsList" xlink:label="loc_98"/>
    <link:label xlink:type="resource" xlink:label="res_98" xlink:role="http://www.xbrl.org/2003/role/label" xml:lang="en" id="cipc-ca-enum_OccurrenceOfScenarioForSolvencyAndLiquidityTestsList_label">Occurrence of scenario for Solvency and Liquidity tests [list]</link:label>
    <link:labelArc xlink:type="arc" xlink:arcrole="http://www.xbrl.org/2003/arcrole/concept-label" xlink:from="loc_98" xlink:to="res_98"/>
    <link:loc xlink:type="locator" xlink:href="cipc_ca-enum_2023-09-30.xsd#cipc-ca-enum_Semiannually" xlink:label="loc_99"/>
    <link:label xlink:type="resource" xlink:label="res_99" xlink:role="http://www.xbrl.org/2003/role/label" xml:lang="en" id="cipc-ca-enum_Semiannually_label">Semi-annually</link:label>
    <link:labelArc xlink:type="arc" xlink:arcrole="http://www.xbrl.org/2003/arcrole/concept-label" xlink:from="loc_99" xlink:to="res_99"/>
    <link:loc xlink:type="locator" xlink:href="cipc_ca-enum_2023-09-30.xsd#cipc-ca-enum_ExecutiveOrNonexecutive" xlink:label="loc_100"/>
    <link:label xlink:type="resource" xlink:label="res_100" xlink:role="http://www.xbrl.org/2003/role/label" xml:lang="en" id="cipc-ca-enum_ExecutiveOrNonexecutive_label">Executive or non-executive</link:label>
    <link:labelArc xlink:type="arc" xlink:arcrole="http://www.xbrl.org/2003/arcrole/concept-label" xlink:from="loc_100" xlink:to="res_100"/>
    <link:loc xlink:type="locator" xlink:href="cipc_ca-enum_2023-09-30.xsd#cipc-ca-enum_TypeOfMembershipProvidedForByCooperative" xlink:label="loc_101"/>
    <link:label xlink:type="resource" xlink:label="res_101" xlink:role="http://www.xbrl.org/2003/role/label" xml:lang="en" id="cipc-ca-enum_TypeOfMembershipProvidedForByCooperative_label">Type of membership provided for by the co-operative</link:label>
    <link:labelArc xlink:type="arc" xlink:arcrole="http://www.xbrl.org/2003/arcrole/concept-label" xlink:from="loc_101" xlink:to="res_101"/>
    <link:loc xlink:type="locator" xlink:href="cipc_ca-enum_2023-09-30.xsd#cipc-ca-enum_RecognisedProfessionOfDesignatedPersonPerformingIndependentReviewOfAnnualFinancialStatements" xlink:label="loc_102"/>
    <link:label xlink:type="resource" xlink:label="res_102" xlink:role="http://www.xbrl.org/2003/role/label" xml:lang="en" id="cipc-ca-enum_RecognisedProfessionOfDesignatedPersonPerformingIndependentReviewOfAnnualFinancialStatements_label">Recognised profession of designated person performing Independent review of Annual Financial Statements</link:label>
    <link:labelArc xlink:type="arc" xlink:arcrole="http://www.xbrl.org/2003/arcrole/concept-label" xlink:from="loc_102" xlink:to="res_102"/>
    <link:label xlink:type="resource" xlink:label="res_148" xlink:role="http://www.xbrl.org/2003/role/terseLabel" xml:lang="en" id="cipc-ca-enum_RecognisedProfessionOfDesignatedPersonPerformingIndependentReviewOfAnnualFinancialStatements_terseLabel">Recognised profession</link:label>
    <link:labelArc xlink:type="arc" xlink:arcrole="http://www.xbrl.org/2003/arcrole/concept-label" xlink:from="loc_102" xlink:to="res_148"/>
    <link:loc xlink:type="locator" xlink:href="cipc_ca-enum_2023-09-30.xsd#cipc-ca-enum_ClassOfSecuritiesHeld" xlink:label="loc_103"/>
    <link:label xlink:type="resource" xlink:label="res_103" xlink:role="http://www.xbrl.org/2003/role/label" xml:lang="en" id="cipc-ca-enum_ClassOfSecuritiesHeld_label">Class of securities held</link:label>
    <link:labelArc xlink:type="arc" xlink:arcrole="http://www.xbrl.org/2003/arcrole/concept-label" xlink:from="loc_103" xlink:to="res_103"/>
    <link:loc xlink:type="locator" xlink:href="cipc_ca-enum_2023-09-30.xsd#cipc-ca-enum_DisclosureOfComplianceWithStandard" xlink:label="loc_104"/>
    <link:label xlink:type="resource" xlink:label="res_104" xlink:role="http://www.xbrl.org/2003/role/label" xml:lang="en" id="cipc-ca-enum_DisclosureOfComplianceWithStandard_label">Disclosure of compliance with standard</link:label>
    <link:labelArc xlink:type="arc" xlink:arcrole="http://www.xbrl.org/2003/arcrole/concept-label" xlink:from="loc_104" xlink:to="res_104"/>
    <link:loc xlink:type="locator" xlink:href="cipc_ca-enum_2023-09-30.xsd#cipc-ca-enum_BusinessAddressProvince" xlink:label="loc_105"/>
    <link:label xlink:type="resource" xlink:label="res_105" xlink:role="http://www.xbrl.org/2003/role/label" xml:lang="en" id="cipc-ca-enum_BusinessAddressProvince_label">Business address, province</link:label>
    <link:labelArc xlink:type="arc" xlink:arcrole="http://www.xbrl.org/2003/arcrole/concept-label" xlink:from="loc_105" xlink:to="res_105"/>
    <link:label xlink:type="resource" xlink:label="res_149" xlink:role="http://www.xbrl.org/2003/role/terseLabel" xml:lang="en" id="cipc-ca-enum_BusinessAddressProvince_terseLabel">Province</link:label>
    <link:labelArc xlink:type="arc" xlink:arcrole="http://www.xbrl.org/2003/arcrole/concept-label" xlink:from="loc_105" xlink:to="res_149"/>
    <link:loc xlink:type="locator" xlink:href="cipc_ca-enum_2023-09-30.xsd#cipc-ca-enum_TypeOfCompany" xlink:label="loc_106"/>
    <link:label xlink:type="resource" xlink:label="res_106" xlink:role="http://www.xbrl.org/2003/role/label" xml:lang="en" id="cipc-ca-enum_TypeOfCompany_label">Type of company</link:label>
    <link:labelArc xlink:type="arc" xlink:arcrole="http://www.xbrl.org/2003/arcrole/concept-label" xlink:from="loc_106" xlink:to="res_106"/>
    <link:loc xlink:type="locator" xlink:href="cipc_ca-enum_2023-09-30.xsd#cipc-ca-enum_BBBEEContributorLevel" xlink:label="loc_107"/>
    <link:label xlink:type="resource" xlink:label="res_107" xlink:role="http://www.xbrl.org/2003/role/label" xml:lang="en" id="cipc-ca-enum_BBBEEContributorLevel_label">B-BBEE contributor level</link:label>
    <link:labelArc xlink:type="arc" xlink:arcrole="http://www.xbrl.org/2003/arcrole/concept-label" xlink:from="loc_107" xlink:to="res_107"/>
    <link:label xlink:type="resource" xlink:label="res_135" xlink:role="http://www.xbrl.org/2003/role/documentation" xml:lang="en" id="cipc-ca-enum_BBBEEContributorLevel_documentation">Please declare your B-BBEE contributor level</link:label>
    <link:labelArc xlink:type="arc" xlink:arcrole="http://www.xbrl.org/2003/arcrole/concept-label" xlink:from="loc_107" xlink:to="res_135"/>
    <link:loc xlink:type="locator" xlink:href="cipc_ca-enum_2023-09-30.xsd#cipc-ca-enum_TypeOfAssurance" xlink:label="loc_108"/>
    <link:label xlink:type="resource" xlink:label="res_108" xlink:role="http://www.xbrl.org/2003/role/label" xml:lang="en" id="cipc-ca-enum_TypeOfAssurance_label">Type of assurance</link:label>
    <link:labelArc xlink:type="arc" xlink:arcrole="http://www.xbrl.org/2003/arcrole/concept-label" xlink:from="loc_108" xlink:to="res_108"/>
    <link:loc xlink:type="locator" xlink:href="cipc_ca-enum_2023-09-30.xsd#cipc-ca-enum_FrequencyOfPreparationOfBankReconciliationsBalanceSheetsAndIncomeAndExpenseStatements" xlink:label="loc_109"/>
    <link:label xlink:type="resource" xlink:label="res_109" xlink:role="http://www.xbrl.org/2003/role/label" xml:lang="en" id="cipc-ca-enum_FrequencyOfPreparationOfBankReconciliationsBalanceSheetsAndIncomeAndExpenseStatements_label">Frequency of preparation of bank reconciliations, balance sheets and income and expense statements</link:label>
    <link:labelArc xlink:type="arc" xlink:arcrole="http://www.xbrl.org/2003/arcrole/concept-label" xlink:from="loc_109" xlink:to="res_109"/>
    <link:loc xlink:type="locator" xlink:href="cipc_ca-enum_2023-09-30.xsd#cipc-ca-enum_AmalgamationsOrMergers" xlink:label="loc_110"/>
    <link:label xlink:type="resource" xlink:label="res_110" xlink:role="http://www.xbrl.org/2003/role/label" xml:lang="en" id="cipc-ca-enum_AmalgamationsOrMergers_label">Amalgamations or Mergers</link:label>
    <link:labelArc xlink:type="arc" xlink:arcrole="http://www.xbrl.org/2003/arcrole/concept-label" xlink:from="loc_110" xlink:to="res_110"/>
    <link:loc xlink:type="locator" xlink:href="cipc_ca-enum_2023-09-30.xsd#cipc-ca-enum_StatusOfDirectorOrPrescribedOfficer" xlink:label="loc_111"/>
    <link:label xlink:type="resource" xlink:label="res_111" xlink:role="http://www.xbrl.org/2003/role/label" xml:lang="en" id="cipc-ca-enum_StatusOfDirectorOrPrescribedOfficer_label">Status of director or prescribed officer</link:label>
    <link:labelArc xlink:type="arc" xlink:arcrole="http://www.xbrl.org/2003/arcrole/concept-label" xlink:from="loc_111" xlink:to="res_111"/>
    <link:loc xlink:type="locator" xlink:href="cipc_ca-enum_2023-09-30.xsd#cipc-ca-enum_DistributionsToShareholdersAuthorisedByBoard" xlink:label="loc_112"/>
    <link:label xlink:type="resource" xlink:label="res_112" xlink:role="http://www.xbrl.org/2003/role/label" xml:lang="en" id="cipc-ca-enum_DistributionsToShareholdersAuthorisedByBoard_label">Distributions to shareholders authorised by board</link:label>
    <link:labelArc xlink:type="arc" xlink:arcrole="http://www.xbrl.org/2003/arcrole/concept-label" xlink:from="loc_112" xlink:to="res_112"/>
    <link:loc xlink:type="locator" xlink:href="cipc_ca-enum_2023-09-30.xsd#cipc-ca-enum_FinancialAssistanceForSubscriptionOfSecurities" xlink:label="loc_113"/>
    <link:label xlink:type="resource" xlink:label="res_113" xlink:role="http://www.xbrl.org/2003/role/label" xml:lang="en" id="cipc-ca-enum_FinancialAssistanceForSubscriptionOfSecurities_label">Financial assistance for subscription of securities</link:label>
    <link:labelArc xlink:type="arc" xlink:arcrole="http://www.xbrl.org/2003/arcrole/concept-label" xlink:from="loc_113" xlink:to="res_113"/>
    <link:loc xlink:type="locator" xlink:href="cipc_ca-enum_2023-09-30.xsd#cipc-ca-enum_CapitalizationOfShares" xlink:label="loc_114"/>
    <link:label xlink:type="resource" xlink:label="res_114" xlink:role="http://www.xbrl.org/2003/role/label" xml:lang="en" id="cipc-ca-enum_CapitalizationOfShares_label">Capitalization of shares</link:label>
    <link:labelArc xlink:type="arc" xlink:arcrole="http://www.xbrl.org/2003/arcrole/concept-label" xlink:from="loc_114" xlink:to="res_114"/>
    <link:loc xlink:type="locator" xlink:href="cipc_ca-enum_2023-09-30.xsd#cipc-ca-enum_TransferByCompanyOfMoneyOrOtherPropertyOtherThanOwnShares" xlink:label="loc_115"/>
    <link:label xlink:type="resource" xlink:label="res_115" xlink:role="http://www.xbrl.org/2003/role/label" xml:lang="en" id="cipc-ca-enum_TransferByCompanyOfMoneyOrOtherPropertyOtherThanOwnShares_label">Transfer by company of money or other property other than own shares</link:label>
    <link:labelArc xlink:type="arc" xlink:arcrole="http://www.xbrl.org/2003/arcrole/concept-label" xlink:from="loc_115" xlink:to="res_115"/>
    <link:loc xlink:type="locator" xlink:href="cipc_ca-enum_2023-09-30.xsd#cipc-ca-enum_CompanyOrSubsidiaryAcquiringCompanysShares" xlink:label="loc_116"/>
    <link:label xlink:type="resource" xlink:label="res_116" xlink:role="http://www.xbrl.org/2003/role/label" xml:lang="en" id="cipc-ca-enum_CompanyOrSubsidiaryAcquiringCompanysShares_label">Company or subsidiary acquiring company's shares</link:label>
    <link:labelArc xlink:type="arc" xlink:arcrole="http://www.xbrl.org/2003/arcrole/concept-label" xlink:from="loc_116" xlink:to="res_116"/>
    <link:loc xlink:type="locator" xlink:href="cipc_ca-enum_2023-09-30.xsd#cipc-ca-enum_OtherReason" xlink:label="loc_117"/>
    <link:label xlink:type="resource" xlink:label="res_117" xlink:role="http://www.xbrl.org/2003/role/label" xml:lang="en" id="cipc-ca-enum_OtherReason_label">Other reason</link:label>
    <link:labelArc xlink:type="arc" xlink:arcrole="http://www.xbrl.org/2003/arcrole/concept-label" xlink:from="loc_117" xlink:to="res_117"/>
    <link:loc xlink:type="locator" xlink:href="cipc_ca-enum_2023-09-30.xsd#cipc-ca-enum_LoansGrantedOrOtherFinancialAssistanceToDirectors" xlink:label="loc_118"/>
    <link:label xlink:type="resource" xlink:label="res_118" xlink:role="http://www.xbrl.org/2003/role/label" xml:lang="en" id="cipc-ca-enum_LoansGrantedOrOtherFinancialAssistanceToDirectors_label">Loans granted or other financial assistance to directors</link:label>
    <link:labelArc xlink:type="arc" xlink:arcrole="http://www.xbrl.org/2003/arcrole/concept-label" xlink:from="loc_118" xlink:to="res_118"/>
    <link:loc xlink:type="locator" xlink:href="cipc_ca-enum_2023-09-30.xsd#cipc-ca-enum_ProfessionalDesignationOfIndividualResponsibleForPreparationOrSupervisingPreparationOfFinancialStatements" xlink:label="loc_119"/>
    <link:label xlink:type="resource" xlink:label="res_119" xlink:role="http://www.xbrl.org/2003/role/label" xml:lang="en" id="cipc-ca-enum_ProfessionalDesignationOfIndividualResponsibleForPreparationOrSupervisingPreparationOfFinancialStatements_label">Professional designation of individual responsible for preparation or supervising preparation of financial statements</link:label>
    <link:labelArc xlink:type="arc" xlink:arcrole="http://www.xbrl.org/2003/arcrole/concept-label" xlink:from="loc_119" xlink:to="res_119"/>
    <link:label xlink:type="resource" xlink:label="res_136" xlink:role="http://www.xbrl.org/2003/role/documentation" xml:lang="en" id="cipc-ca-enum_ProfessionalDesignationOfIndividualResponsibleForPreparationOrSupervisingPreparationOfFinancialStatements_documentation">(if any)</link:label>
    <link:labelArc xlink:type="arc" xlink:arcrole="http://www.xbrl.org/2003/arcrole/concept-label" xlink:from="loc_119" xlink:to="res_136"/>
    <link:label xlink:type="resource" xlink:label="res_150" xlink:role="http://www.xbrl.org/2003/role/terseLabel" xml:lang="en" id="cipc-ca-enum_ProfessionalDesignationOfIndividualResponsibleForPreparationOrSupervisingPreparationOfFinancialStatements_terseLabel">Professional designation</link:label>
    <link:labelArc xlink:type="arc" xlink:arcrole="http://www.xbrl.org/2003/arcrole/concept-label" xlink:from="loc_119" xlink:to="res_150"/>
    <link:loc xlink:type="locator" xlink:href="cipc_ca-enum_2023-09-30.xsd#cipc-ca-enum_TypeOfAuditorsOpinion" xlink:label="loc_120"/>
    <link:label xlink:type="resource" xlink:label="res_120" xlink:role="http://www.xbrl.org/2003/role/label" xml:lang="en" id="cipc-ca-enum_TypeOfAuditorsOpinion_label">Type of auditors' opinion</link:label>
    <link:labelArc xlink:type="arc" xlink:arcrole="http://www.xbrl.org/2003/arcrole/concept-label" xlink:from="loc_120" xlink:to="res_120"/>
    <link:loc xlink:type="locator" xlink:href="cipc_ca-enum_2023-09-30.xsd#cipc-ca-enum_DomesticPublicListedCompany" xlink:label="loc_121"/>
    <link:label xlink:type="resource" xlink:label="res_174" xlink:role="http://www.xbrl.org/2003/role/label" xml:lang="en" id="cipc-ca-enum_DomesticPublicListedCompany_label">Domestic public listed company</link:label>
    <link:labelArc xlink:type="arc" xlink:arcrole="http://www.xbrl.org/2003/arcrole/concept-label" xlink:from="loc_121" xlink:to="res_174"/>
    <link:loc xlink:type="locator" xlink:href="cipc_ca-enum_2023-09-30.xsd#cipc-ca-enum_AuditedAnnualFinancialStatements" xlink:label="loc_122"/>
    <link:label xlink:type="resource" xlink:label="res_175" xlink:role="http://www.xbrl.org/2003/role/label" xml:lang="en" id="cipc-ca-enum_AuditedAnnualFinancialStatements_label">Audited annual financial statements</link:label>
    <link:labelArc xlink:type="arc" xlink:arcrole="http://www.xbrl.org/2003/arcrole/concept-label" xlink:from="loc_122" xlink:to="res_175"/>
    <link:loc xlink:type="locator" xlink:href="cipc_ca-enum_2023-09-30.xsd#cipc-ca-enum_AuditedConsolidatedAnnualFinancialStatements" xlink:label="loc_123"/>
    <link:label xlink:type="resource" xlink:label="res_176" xlink:role="http://www.xbrl.org/2003/role/label" xml:lang="en" id="cipc-ca-enum_AuditedConsolidatedAnnualFinancialStatements_label">Audited consolidated annual financial statements</link:label>
    <link:labelArc xlink:type="arc" xlink:arcrole="http://www.xbrl.org/2003/arcrole/concept-label" xlink:from="loc_123" xlink:to="res_176"/>
    <link:loc xlink:type="locator" xlink:href="cipc_ca-enum_2023-09-30.xsd#cipc-ca-enum_DescriptionOfNatureOfFinancialStatements" xlink:label="loc_124"/>
    <link:label xlink:type="resource" xlink:label="res_177" xlink:role="http://www.xbrl.org/2003/role/label" xml:lang="en" id="cipc-ca-enum_DescriptionOfNatureOfFinancialStatements_label">Description of nature of financial statements</link:label>
    <link:labelArc xlink:type="arc" xlink:arcrole="http://www.xbrl.org/2003/arcrole/concept-label" xlink:from="loc_124" xlink:to="res_177"/>
    <link:loc xlink:type="locator" xlink:href="cipc_ca-enum_2023-09-30.xsd#cipc-ca-enum_DescriptionOfNatureOfFinancialStatementsList" xlink:label="loc_125"/>
    <link:label xlink:type="resource" xlink:label="res_178" xlink:role="http://www.xbrl.org/2003/role/label" xml:lang="en" id="cipc-ca-enum_DescriptionOfNatureOfFinancialStatementsList_label">Description of nature of financial statements [list]</link:label>
    <link:labelArc xlink:type="arc" xlink:arcrole="http://www.xbrl.org/2003/arcrole/concept-label" xlink:from="loc_125" xlink:to="res_178"/>
  </link:labelLink>
</link:linkbase>
