<?xml version="1.0" encoding="UTF-8"?>
<!--  Companies & Intellectual Property Commission  -->
<link:linkbase xmlns:link="http://www.xbrl.org/2003/linkbase" xmlns:xbrldt="http://xbrl.org/2005/xbrldt" xmlns:xlink="http://www.w3.org/1999/xlink" xmlns:xsi="http://www.w3.org/2001/XMLSchema-instance" xsi:schemaLocation="http://www.xbrl.org/2003/linkbase http://www.xbrl.org/2003/xbrl-linkbase-2003-12-31.xsd http://www.w3.org/1999/xlink http://www.xbrl.org/2003/xlink-2003-12-31.xsd">
  <link:roleRef roleURI="http://xbrl.cipc.co.za/taxonomy/role/ifrs_for_smes_role_800100" xlink:type="simple" xlink:href="../rol_ifrs-smes_2023-09-30.xsd#role_ifrs_for_smes_role_800100" />
  <link:calculationLink xlink:role="http://xbrl.cipc.co.za/taxonomy/role/ifrs_for_smes_role_800100" xlink:type="extended">
    <link:loc xlink:href="https://xbrl.ifrs.org/taxonomy/2023-03-23/ifrs_for_smes/ifrs_for_smes-cor_2023-03-23.xsd#ifrs-smes_NoncurrentPayables" xlink:label="loc_1" xlink:type="locator" />
    <link:loc xlink:href="https://xbrl.ifrs.org/taxonomy/2023-03-23/ifrs_for_smes/ifrs_for_smes-cor_2023-03-23.xsd#ifrs-smes_AccrualsClassifiedAsNoncurrent" xlink:label="loc_2" xlink:type="locator" />
    <link:calculationArc xlink:type="arc" xlink:arcrole="http://www.xbrl.org/2003/arcrole/summation-item" order="4.0" xlink:from="loc_1" xlink:to="loc_2" weight="1.0" />
    <link:loc xlink:href="https://xbrl.ifrs.org/taxonomy/2023-03-23/ifrs_for_smes/ifrs_for_smes-cor_2023-03-23.xsd#ifrs-smes_DeferredIncomeClassifiedAsNoncurrent" xlink:label="loc_3" xlink:type="locator" />
    <link:calculationArc xlink:type="arc" xlink:arcrole="http://www.xbrl.org/2003/arcrole/summation-item" order="3.0" xlink:from="loc_1" xlink:to="loc_3" weight="1.0" />
    <link:loc xlink:href="https://xbrl.ifrs.org/taxonomy/2023-03-23/ifrs_for_smes/ifrs_for_smes-cor_2023-03-23.xsd#ifrs-smes_NoncurrentPayablesToRelatedParties" xlink:label="loc_4" xlink:type="locator" />
    <link:calculationArc xlink:type="arc" xlink:arcrole="http://www.xbrl.org/2003/arcrole/summation-item" order="2.0" xlink:from="loc_1" xlink:to="loc_4" weight="1.0" />
    <link:loc xlink:href="https://xbrl.ifrs.org/taxonomy/2023-03-23/ifrs_for_smes/ifrs_for_smes-cor_2023-03-23.xsd#ifrs-smes_NoncurrentPayablesToTradeSuppliers" xlink:label="loc_5" xlink:type="locator" />
    <link:calculationArc xlink:type="arc" xlink:arcrole="http://www.xbrl.org/2003/arcrole/summation-item" order="1.0" xlink:from="loc_1" xlink:to="loc_5" weight="1.0" />
    <link:loc xlink:href="https://xbrl.ifrs.org/taxonomy/2023-03-23/ifrs_for_smes/ifrs_for_smes-cor_2023-03-23.xsd#ifrs-smes_NoncurrentReceivables" xlink:label="loc_6" xlink:type="locator" />
    <link:loc xlink:href="https://xbrl.ifrs.org/taxonomy/2023-03-23/ifrs_for_smes/ifrs_for_smes-cor_2023-03-23.xsd#ifrs-smes_NoncurrentReceivablesArisingFromAccruedIncomeNotYetBilled" xlink:label="loc_7" xlink:type="locator" />
    <link:calculationArc xlink:type="arc" xlink:arcrole="http://www.xbrl.org/2003/arcrole/summation-item" order="3.0" xlink:from="loc_6" xlink:to="loc_7" weight="1.0" />
    <link:loc xlink:href="https://xbrl.ifrs.org/taxonomy/2023-03-23/ifrs_for_smes/ifrs_for_smes-cor_2023-03-23.xsd#ifrs-smes_NoncurrentReceivablesDueFromOtherParties" xlink:label="loc_8" xlink:type="locator" />
    <link:calculationArc xlink:type="arc" xlink:arcrole="http://www.xbrl.org/2003/arcrole/summation-item" order="2.0" xlink:from="loc_6" xlink:to="loc_8" weight="1.0" />
    <link:loc xlink:href="https://xbrl.ifrs.org/taxonomy/2023-03-23/ifrs_for_smes/ifrs_for_smes-cor_2023-03-23.xsd#ifrs-smes_NoncurrentReceivablesDueFromRelatedParties" xlink:label="loc_9" xlink:type="locator" />
    <link:calculationArc xlink:type="arc" xlink:arcrole="http://www.xbrl.org/2003/arcrole/summation-item" order="1.0" xlink:from="loc_6" xlink:to="loc_9" weight="1.0" />
    <link:loc xlink:href="https://xbrl.ifrs.org/taxonomy/2023-03-23/ifrs_for_smes/ifrs_for_smes-cor_2023-03-23.xsd#ifrs-smes_OnerousContractsProvision" xlink:label="loc_10" xlink:type="locator" />
    <link:loc xlink:href="https://xbrl.ifrs.org/taxonomy/2023-03-23/ifrs_for_smes/ifrs_for_smes-cor_2023-03-23.xsd#ifrs-smes_ShorttermOnerousContractsProvision" xlink:label="loc_11" xlink:type="locator" />
    <link:calculationArc xlink:type="arc" xlink:arcrole="http://www.xbrl.org/2003/arcrole/summation-item" order="2.0" xlink:from="loc_10" xlink:to="loc_11" weight="1.0" />
    <link:loc xlink:href="https://xbrl.ifrs.org/taxonomy/2023-03-23/ifrs_for_smes/ifrs_for_smes-cor_2023-03-23.xsd#ifrs-smes_LongtermOnerousContractsProvision" xlink:label="loc_12" xlink:type="locator" />
    <link:calculationArc xlink:type="arc" xlink:arcrole="http://www.xbrl.org/2003/arcrole/summation-item" order="1.0" xlink:from="loc_10" xlink:to="loc_12" weight="1.0" />
    <link:loc xlink:href="https://xbrl.ifrs.org/taxonomy/2023-03-23/ifrs_for_smes/ifrs_for_smes-cor_2023-03-23.xsd#ifrs-smes_OtherProvisions" xlink:label="loc_13" xlink:type="locator" />
    <link:loc xlink:href="https://xbrl.ifrs.org/taxonomy/2023-03-23/ifrs_for_smes/ifrs_for_smes-cor_2023-03-23.xsd#ifrs-smes_OtherShorttermProvisions" xlink:label="loc_14" xlink:type="locator" />
    <link:calculationArc xlink:type="arc" xlink:arcrole="http://www.xbrl.org/2003/arcrole/summation-item" order="2.0" xlink:from="loc_13" xlink:to="loc_14" weight="1.0" />
    <link:loc xlink:href="https://xbrl.ifrs.org/taxonomy/2023-03-23/ifrs_for_smes/ifrs_for_smes-cor_2023-03-23.xsd#ifrs-smes_OtherLongtermProvisions" xlink:label="loc_15" xlink:type="locator" />
    <link:calculationArc xlink:type="arc" xlink:arcrole="http://www.xbrl.org/2003/arcrole/summation-item" order="1.0" xlink:from="loc_13" xlink:to="loc_15" weight="1.0" />
    <link:loc xlink:href="https://xbrl.ifrs.org/taxonomy/2023-03-23/ifrs_for_smes/ifrs_for_smes-cor_2023-03-23.xsd#ifrs-smes_OtherReserves" xlink:label="loc_16" xlink:type="locator" />
    <link:loc xlink:href="https://xbrl.ifrs.org/taxonomy/2023-03-23/ifrs_for_smes/ifrs_for_smes-cor_2023-03-23.xsd#ifrs-smes_RevaluationSurplus" xlink:label="loc_17" xlink:type="locator" />
    <link:calculationArc xlink:type="arc" xlink:arcrole="http://www.xbrl.org/2003/arcrole/summation-item" order="3.0" xlink:from="loc_16" xlink:to="loc_17" weight="1.0" />
    <link:loc xlink:href="https://xbrl.ifrs.org/taxonomy/2023-03-23/ifrs_for_smes/ifrs_for_smes-cor_2023-03-23.xsd#ifrs-smes_ReserveOfCashFlowHedges" xlink:label="loc_18" xlink:type="locator" />
    <link:calculationArc xlink:type="arc" xlink:arcrole="http://www.xbrl.org/2003/arcrole/summation-item" order="2.0" xlink:from="loc_16" xlink:to="loc_18" weight="1.0" />
    <link:loc xlink:href="https://xbrl.ifrs.org/taxonomy/2023-03-23/ifrs_for_smes/ifrs_for_smes-cor_2023-03-23.xsd#ifrs-smes_ReserveOfExchangeDifferencesOnTranslation" xlink:label="loc_19" xlink:type="locator" />
    <link:calculationArc xlink:type="arc" xlink:arcrole="http://www.xbrl.org/2003/arcrole/summation-item" order="1.0" xlink:from="loc_16" xlink:to="loc_19" weight="1.0" />
    <link:loc xlink:href="https://xbrl.ifrs.org/taxonomy/2023-03-23/ifrs_for_smes/ifrs_for_smes-cor_2023-03-23.xsd#ifrs-smes_PropertyPlantAndEquipment" xlink:label="loc_20" xlink:type="locator" />
    <link:loc xlink:href="https://xbrl.ifrs.org/taxonomy/2023-03-23/ifrs_for_smes/ifrs_for_smes-cor_2023-03-23.xsd#ifrs-smes_OtherPropertyPlantAndEquipment" xlink:label="loc_21" xlink:type="locator" />
    <link:calculationArc xlink:type="arc" xlink:arcrole="http://www.xbrl.org/2003/arcrole/summation-item" order="8.0" xlink:from="loc_20" xlink:to="loc_21" weight="1.0" />
    <link:loc xlink:href="https://xbrl.ifrs.org/taxonomy/2023-03-23/ifrs_for_smes/ifrs_for_smes-cor_2023-03-23.xsd#ifrs-smes_ConstructionInProgress" xlink:label="loc_22" xlink:type="locator" />
    <link:calculationArc xlink:type="arc" xlink:arcrole="http://www.xbrl.org/2003/arcrole/summation-item" order="7.0" xlink:from="loc_20" xlink:to="loc_22" weight="1.0" />
    <link:loc xlink:href="https://xbrl.ifrs.org/taxonomy/2023-03-23/ifrs_for_smes/ifrs_for_smes-cor_2023-03-23.xsd#ifrs-smes_TangibleExplorationAndEvaluationAssets" xlink:label="loc_23" xlink:type="locator" />
    <link:calculationArc xlink:type="arc" xlink:arcrole="http://www.xbrl.org/2003/arcrole/summation-item" order="6.0" xlink:from="loc_20" xlink:to="loc_23" weight="1.0" />
    <link:loc xlink:href="https://xbrl.ifrs.org/taxonomy/2023-03-23/ifrs_for_smes/ifrs_for_smes-cor_2023-03-23.xsd#ifrs-smes_OfficeEquipment" xlink:label="loc_24" xlink:type="locator" />
    <link:calculationArc xlink:type="arc" xlink:arcrole="http://www.xbrl.org/2003/arcrole/summation-item" order="5.0" xlink:from="loc_20" xlink:to="loc_24" weight="1.0" />
    <link:loc xlink:href="https://xbrl.ifrs.org/taxonomy/2023-03-23/ifrs_for_smes/ifrs_for_smes-cor_2023-03-23.xsd#ifrs-smes_FixturesAndFittings" xlink:label="loc_25" xlink:type="locator" />
    <link:calculationArc xlink:type="arc" xlink:arcrole="http://www.xbrl.org/2003/arcrole/summation-item" order="4.0" xlink:from="loc_20" xlink:to="loc_25" weight="1.0" />
    <link:loc xlink:href="https://xbrl.ifrs.org/taxonomy/2023-03-23/ifrs_for_smes/ifrs_for_smes-cor_2023-03-23.xsd#ifrs-smes_Vehicles" xlink:label="loc_26" xlink:type="locator" />
    <link:calculationArc xlink:type="arc" xlink:arcrole="http://www.xbrl.org/2003/arcrole/summation-item" order="3.0" xlink:from="loc_20" xlink:to="loc_26" weight="1.0" />
    <link:loc xlink:href="https://xbrl.ifrs.org/taxonomy/2023-03-23/ifrs_for_smes/ifrs_for_smes-cor_2023-03-23.xsd#ifrs-smes_MotorVehicles" xlink:label="loc_27" xlink:type="locator" />
    <link:calculationArc xlink:type="arc" xlink:arcrole="http://www.xbrl.org/2003/arcrole/summation-item" order="3.0" xlink:from="loc_26" xlink:to="loc_27" weight="1.0" />
    <link:loc xlink:href="https://xbrl.ifrs.org/taxonomy/2023-03-23/ifrs_for_smes/ifrs_for_smes-cor_2023-03-23.xsd#ifrs-smes_Aircraft" xlink:label="loc_28" xlink:type="locator" />
    <link:calculationArc xlink:type="arc" xlink:arcrole="http://www.xbrl.org/2003/arcrole/summation-item" order="2.0" xlink:from="loc_26" xlink:to="loc_28" weight="1.0" />
    <link:loc xlink:href="https://xbrl.ifrs.org/taxonomy/2023-03-23/ifrs_for_smes/ifrs_for_smes-cor_2023-03-23.xsd#ifrs-smes_Ships" xlink:label="loc_29" xlink:type="locator" />
    <link:calculationArc xlink:type="arc" xlink:arcrole="http://www.xbrl.org/2003/arcrole/summation-item" order="1.0" xlink:from="loc_26" xlink:to="loc_29" weight="1.0" />
    <link:loc xlink:href="https://xbrl.ifrs.org/taxonomy/2023-03-23/ifrs_for_smes/ifrs_for_smes-cor_2023-03-23.xsd#ifrs-smes_Machinery" xlink:label="loc_30" xlink:type="locator" />
    <link:calculationArc xlink:type="arc" xlink:arcrole="http://www.xbrl.org/2003/arcrole/summation-item" order="2.0" xlink:from="loc_20" xlink:to="loc_30" weight="1.0" />
    <link:loc xlink:href="https://xbrl.ifrs.org/taxonomy/2023-03-23/ifrs_for_smes/ifrs_for_smes-cor_2023-03-23.xsd#ifrs-smes_LandAndBuildings" xlink:label="loc_31" xlink:type="locator" />
    <link:calculationArc xlink:type="arc" xlink:arcrole="http://www.xbrl.org/2003/arcrole/summation-item" order="1.0" xlink:from="loc_20" xlink:to="loc_31" weight="1.0" />
    <link:loc xlink:href="https://xbrl.ifrs.org/taxonomy/2023-03-23/ifrs_for_smes/ifrs_for_smes-cor_2023-03-23.xsd#ifrs-smes_Buildings" xlink:label="loc_32" xlink:type="locator" />
    <link:calculationArc xlink:type="arc" xlink:arcrole="http://www.xbrl.org/2003/arcrole/summation-item" order="2.0" xlink:from="loc_31" xlink:to="loc_32" weight="1.0" />
    <link:loc xlink:href="https://xbrl.ifrs.org/taxonomy/2023-03-23/ifrs_for_smes/ifrs_for_smes-cor_2023-03-23.xsd#ifrs-smes_Land" xlink:label="loc_33" xlink:type="locator" />
    <link:calculationArc xlink:type="arc" xlink:arcrole="http://www.xbrl.org/2003/arcrole/summation-item" order="1.0" xlink:from="loc_31" xlink:to="loc_33" weight="1.0" />
    <link:loc xlink:href="https://xbrl.ifrs.org/taxonomy/2023-03-23/ifrs_for_smes/ifrs_for_smes-cor_2023-03-23.xsd#ifrs-smes_RefundsProvision" xlink:label="loc_34" xlink:type="locator" />
    <link:loc xlink:href="https://xbrl.ifrs.org/taxonomy/2023-03-23/ifrs_for_smes/ifrs_for_smes-cor_2023-03-23.xsd#ifrs-smes_CurrentRefundsProvision" xlink:label="loc_35" xlink:type="locator" />
    <link:calculationArc xlink:type="arc" xlink:arcrole="http://www.xbrl.org/2003/arcrole/summation-item" order="2.0" xlink:from="loc_34" xlink:to="loc_35" weight="1.0" />
    <link:loc xlink:href="https://xbrl.ifrs.org/taxonomy/2023-03-23/ifrs_for_smes/ifrs_for_smes-cor_2023-03-23.xsd#ifrs-smes_NoncurrentRefundsProvision" xlink:label="loc_36" xlink:type="locator" />
    <link:calculationArc xlink:type="arc" xlink:arcrole="http://www.xbrl.org/2003/arcrole/summation-item" order="1.0" xlink:from="loc_34" xlink:to="loc_36" weight="1.0" />
    <link:loc xlink:href="https://xbrl.ifrs.org/taxonomy/2023-03-23/ifrs_for_smes/ifrs_for_smes-cor_2023-03-23.xsd#ifrs-smes_RestructuringProvision" xlink:label="loc_37" xlink:type="locator" />
    <link:loc xlink:href="https://xbrl.ifrs.org/taxonomy/2023-03-23/ifrs_for_smes/ifrs_for_smes-cor_2023-03-23.xsd#ifrs-smes_ShorttermRestructuringProvision" xlink:label="loc_38" xlink:type="locator" />
    <link:calculationArc xlink:type="arc" xlink:arcrole="http://www.xbrl.org/2003/arcrole/summation-item" order="2.0" xlink:from="loc_37" xlink:to="loc_38" weight="1.0" />
    <link:loc xlink:href="https://xbrl.ifrs.org/taxonomy/2023-03-23/ifrs_for_smes/ifrs_for_smes-cor_2023-03-23.xsd#ifrs-smes_LongtermRestructuringProvision" xlink:label="loc_39" xlink:type="locator" />
    <link:calculationArc xlink:type="arc" xlink:arcrole="http://www.xbrl.org/2003/arcrole/summation-item" order="1.0" xlink:from="loc_37" xlink:to="loc_39" weight="1.0" />
    <link:loc xlink:href="https://xbrl.ifrs.org/taxonomy/2023-03-23/ifrs_for_smes/ifrs_for_smes-cor_2023-03-23.xsd#ifrs-smes_TradeAndOtherCurrentPayables" xlink:label="loc_40" xlink:type="locator" />
    <link:loc xlink:href="https://xbrl.ifrs.org/taxonomy/2023-03-23/ifrs_for_smes/ifrs_for_smes-cor_2023-03-23.xsd#ifrs-smes_AccrualsClassifiedAsCurrent" xlink:label="loc_41" xlink:type="locator" />
    <link:calculationArc xlink:type="arc" xlink:arcrole="http://www.xbrl.org/2003/arcrole/summation-item" order="4.0" xlink:from="loc_40" xlink:to="loc_41" weight="1.0" />
    <link:loc xlink:href="https://xbrl.ifrs.org/taxonomy/2023-03-23/ifrs_for_smes/ifrs_for_smes-cor_2023-03-23.xsd#ifrs-smes_DeferredIncomeClassifiedAsCurrent" xlink:label="loc_42" xlink:type="locator" />
    <link:calculationArc xlink:type="arc" xlink:arcrole="http://www.xbrl.org/2003/arcrole/summation-item" order="3.0" xlink:from="loc_40" xlink:to="loc_42" weight="1.0" />
    <link:loc xlink:href="https://xbrl.ifrs.org/taxonomy/2023-03-23/ifrs_for_smes/ifrs_for_smes-cor_2023-03-23.xsd#ifrs-smes_TradeAndOtherCurrentPayablesToRelatedParties" xlink:label="loc_43" xlink:type="locator" />
    <link:calculationArc xlink:type="arc" xlink:arcrole="http://www.xbrl.org/2003/arcrole/summation-item" order="2.0" xlink:from="loc_40" xlink:to="loc_43" weight="1.0" />
    <link:loc xlink:href="https://xbrl.ifrs.org/taxonomy/2023-03-23/ifrs_for_smes/ifrs_for_smes-cor_2023-03-23.xsd#ifrs-smes_TradeAndOtherCurrentPayablesToTradeSuppliers" xlink:label="loc_44" xlink:type="locator" />
    <link:calculationArc xlink:type="arc" xlink:arcrole="http://www.xbrl.org/2003/arcrole/summation-item" order="1.0" xlink:from="loc_40" xlink:to="loc_44" weight="1.0" />
    <link:loc xlink:href="https://xbrl.ifrs.org/taxonomy/2023-03-23/ifrs_for_smes/ifrs_for_smes-cor_2023-03-23.xsd#ifrs-smes_TradeAndOtherCurrentReceivables" xlink:label="loc_45" xlink:type="locator" />
    <link:loc xlink:href="https://xbrl.ifrs.org/taxonomy/2023-03-23/ifrs_for_smes/ifrs_for_smes-cor_2023-03-23.xsd#ifrs-smes_TradeAndOtherCurrentReceivablesArisingFromAccruedIncomeNotYetBilled" xlink:label="loc_46" xlink:type="locator" />
    <link:calculationArc xlink:type="arc" xlink:arcrole="http://www.xbrl.org/2003/arcrole/summation-item" order="3.0" xlink:from="loc_45" xlink:to="loc_46" weight="1.0" />
    <link:loc xlink:href="https://xbrl.ifrs.org/taxonomy/2023-03-23/ifrs_for_smes/ifrs_for_smes-cor_2023-03-23.xsd#ifrs-smes_TradeAndOtherCurrentReceivablesDueFromOtherParties" xlink:label="loc_47" xlink:type="locator" />
    <link:calculationArc xlink:type="arc" xlink:arcrole="http://www.xbrl.org/2003/arcrole/summation-item" order="2.0" xlink:from="loc_45" xlink:to="loc_47" weight="1.0" />
    <link:loc xlink:href="https://xbrl.ifrs.org/taxonomy/2023-03-23/ifrs_for_smes/ifrs_for_smes-cor_2023-03-23.xsd#ifrs-smes_TradeAndOtherCurrentReceivablesDueFromRelatedParties" xlink:label="loc_48" xlink:type="locator" />
    <link:calculationArc xlink:type="arc" xlink:arcrole="http://www.xbrl.org/2003/arcrole/summation-item" order="1.0" xlink:from="loc_45" xlink:to="loc_48" weight="1.0" />
    <link:loc xlink:href="https://xbrl.ifrs.org/taxonomy/2023-03-23/ifrs_for_smes/ifrs_for_smes-cor_2023-03-23.xsd#ifrs-smes_TradeAndOtherPayables" xlink:label="loc_49" xlink:type="locator" />
    <link:loc xlink:href="https://xbrl.ifrs.org/taxonomy/2023-03-23/ifrs_for_smes/ifrs_for_smes-cor_2023-03-23.xsd#ifrs-smes_Accruals" xlink:label="loc_50" xlink:type="locator" />
    <link:calculationArc xlink:type="arc" xlink:arcrole="http://www.xbrl.org/2003/arcrole/summation-item" order="4.0" xlink:from="loc_49" xlink:to="loc_50" weight="1.0" />
    <link:loc xlink:href="https://xbrl.ifrs.org/taxonomy/2023-03-23/ifrs_for_smes/ifrs_for_smes-cor_2023-03-23.xsd#ifrs-smes_DeferredIncome" xlink:label="loc_51" xlink:type="locator" />
    <link:calculationArc xlink:type="arc" xlink:arcrole="http://www.xbrl.org/2003/arcrole/summation-item" order="3.0" xlink:from="loc_49" xlink:to="loc_51" weight="1.0" />
    <link:loc xlink:href="https://xbrl.ifrs.org/taxonomy/2023-03-23/ifrs_for_smes/ifrs_for_smes-cor_2023-03-23.xsd#ifrs-smes_TradeAndOtherPayablesToRelatedParties" xlink:label="loc_52" xlink:type="locator" />
    <link:calculationArc xlink:type="arc" xlink:arcrole="http://www.xbrl.org/2003/arcrole/summation-item" order="2.0" xlink:from="loc_49" xlink:to="loc_52" weight="1.0" />
    <link:loc xlink:href="https://xbrl.ifrs.org/taxonomy/2023-03-23/ifrs_for_smes/ifrs_for_smes-cor_2023-03-23.xsd#ifrs-smes_TradeAndOtherPayablesToTradeSuppliers" xlink:label="loc_53" xlink:type="locator" />
    <link:calculationArc xlink:type="arc" xlink:arcrole="http://www.xbrl.org/2003/arcrole/summation-item" order="1.0" xlink:from="loc_49" xlink:to="loc_53" weight="1.0" />
    <link:loc xlink:href="https://xbrl.ifrs.org/taxonomy/2023-03-23/ifrs_for_smes/ifrs_for_smes-cor_2023-03-23.xsd#ifrs-smes_TradeAndOtherReceivables" xlink:label="loc_54" xlink:type="locator" />
    <link:loc xlink:href="https://xbrl.ifrs.org/taxonomy/2023-03-23/ifrs_for_smes/ifrs_for_smes-cor_2023-03-23.xsd#ifrs-smes_TradeAndOtherReceivablesArisingFromAccruedIncomeNotYetBilled" xlink:label="loc_55" xlink:type="locator" />
    <link:calculationArc xlink:type="arc" xlink:arcrole="http://www.xbrl.org/2003/arcrole/summation-item" order="3.0" xlink:from="loc_54" xlink:to="loc_55" weight="1.0" />
    <link:loc xlink:href="https://xbrl.ifrs.org/taxonomy/2023-03-23/ifrs_for_smes/ifrs_for_smes-cor_2023-03-23.xsd#ifrs-smes_TradeAndOtherReceivablesDueFromOtherParties" xlink:label="loc_56" xlink:type="locator" />
    <link:calculationArc xlink:type="arc" xlink:arcrole="http://www.xbrl.org/2003/arcrole/summation-item" order="2.0" xlink:from="loc_54" xlink:to="loc_56" weight="1.0" />
    <link:loc xlink:href="https://xbrl.ifrs.org/taxonomy/2023-03-23/ifrs_for_smes/ifrs_for_smes-cor_2023-03-23.xsd#ifrs-smes_TradeAndOtherReceivablesDueFromRelatedParties" xlink:label="loc_57" xlink:type="locator" />
    <link:calculationArc xlink:type="arc" xlink:arcrole="http://www.xbrl.org/2003/arcrole/summation-item" order="1.0" xlink:from="loc_54" xlink:to="loc_57" weight="1.0" />
    <link:loc xlink:href="https://xbrl.ifrs.org/taxonomy/2023-03-23/ifrs_for_smes/ifrs_for_smes-cor_2023-03-23.xsd#ifrs-smes_WarrantyProvision" xlink:label="loc_58" xlink:type="locator" />
    <link:loc xlink:href="https://xbrl.ifrs.org/taxonomy/2023-03-23/ifrs_for_smes/ifrs_for_smes-cor_2023-03-23.xsd#ifrs-smes_ShorttermWarrantyProvision" xlink:label="loc_59" xlink:type="locator" />
    <link:calculationArc xlink:type="arc" xlink:arcrole="http://www.xbrl.org/2003/arcrole/summation-item" order="2.0" xlink:from="loc_58" xlink:to="loc_59" weight="1.0" />
    <link:loc xlink:href="https://xbrl.ifrs.org/taxonomy/2023-03-23/ifrs_for_smes/ifrs_for_smes-cor_2023-03-23.xsd#ifrs-smes_LongtermWarrantyProvision" xlink:label="loc_60" xlink:type="locator" />
    <link:calculationArc xlink:type="arc" xlink:arcrole="http://www.xbrl.org/2003/arcrole/summation-item" order="1.0" xlink:from="loc_58" xlink:to="loc_60" weight="1.0" />
    <link:loc xlink:href="https://xbrl.ifrs.org/taxonomy/2023-03-23/ifrs_for_smes/ifrs_for_smes-cor_2023-03-23.xsd#ifrs-smes_CashAndCashEquivalents" xlink:label="loc_61" xlink:type="locator" />
    <link:loc xlink:href="https://xbrl.ifrs.org/taxonomy/2023-03-23/ifrs_for_smes/ifrs_for_smes-cor_2023-03-23.xsd#ifrs-smes_OtherCashAndCashEquivalents" xlink:label="loc_62" xlink:type="locator" />
    <link:calculationArc xlink:type="arc" xlink:arcrole="http://www.xbrl.org/2003/arcrole/summation-item" order="3.0" xlink:from="loc_61" xlink:to="loc_62" weight="1.0" />
    <link:loc xlink:href="https://xbrl.ifrs.org/taxonomy/2023-03-23/ifrs_for_smes/ifrs_for_smes-cor_2023-03-23.xsd#ifrs-smes_CashEquivalents" xlink:label="loc_63" xlink:type="locator" />
    <link:calculationArc xlink:type="arc" xlink:arcrole="http://www.xbrl.org/2003/arcrole/summation-item" order="2.0" xlink:from="loc_61" xlink:to="loc_63" weight="1.0" />
    <link:loc xlink:href="https://xbrl.ifrs.org/taxonomy/2023-03-23/ifrs_for_smes/ifrs_for_smes-cor_2023-03-23.xsd#ifrs-smes_BankingArrangementsClassifiedAsCashEquivalents" xlink:label="loc_64" xlink:type="locator" />
    <link:calculationArc xlink:type="arc" xlink:arcrole="http://www.xbrl.org/2003/arcrole/summation-item" order="3.0" xlink:from="loc_63" xlink:to="loc_64" weight="1.0" />
    <link:loc xlink:href="https://xbrl.ifrs.org/taxonomy/2023-03-23/ifrs_for_smes/ifrs_for_smes-cor_2023-03-23.xsd#ifrs-smes_ShorttermInvestmentsClassifiedAsCashEquivalents" xlink:label="loc_65" xlink:type="locator" />
    <link:calculationArc xlink:type="arc" xlink:arcrole="http://www.xbrl.org/2003/arcrole/summation-item" order="2.0" xlink:from="loc_63" xlink:to="loc_65" weight="1.0" />
    <link:loc xlink:href="https://xbrl.ifrs.org/taxonomy/2023-03-23/ifrs_for_smes/ifrs_for_smes-cor_2023-03-23.xsd#ifrs-smes_ShorttermDepositsClassifiedAsCashEquivalents" xlink:label="loc_66" xlink:type="locator" />
    <link:calculationArc xlink:type="arc" xlink:arcrole="http://www.xbrl.org/2003/arcrole/summation-item" order="1.0" xlink:from="loc_63" xlink:to="loc_66" weight="1.0" />
    <link:loc xlink:href="https://xbrl.ifrs.org/taxonomy/2023-03-23/ifrs_for_smes/ifrs_for_smes-cor_2023-03-23.xsd#ifrs-smes_Cash" xlink:label="loc_67" xlink:type="locator" />
    <link:calculationArc xlink:type="arc" xlink:arcrole="http://www.xbrl.org/2003/arcrole/summation-item" order="1.0" xlink:from="loc_61" xlink:to="loc_67" weight="1.0" />
    <link:loc xlink:href="https://xbrl.ifrs.org/taxonomy/2023-03-23/ifrs_for_smes/ifrs_for_smes-cor_2023-03-23.xsd#ifrs-smes_BalancesWithBanks" xlink:label="loc_68" xlink:type="locator" />
    <link:calculationArc xlink:type="arc" xlink:arcrole="http://www.xbrl.org/2003/arcrole/summation-item" order="2.0" xlink:from="loc_67" xlink:to="loc_68" weight="1.0" />
    <link:loc xlink:href="https://xbrl.ifrs.org/taxonomy/2023-03-23/ifrs_for_smes/ifrs_for_smes-cor_2023-03-23.xsd#ifrs-smes_CashOnHand" xlink:label="loc_69" xlink:type="locator" />
    <link:calculationArc xlink:type="arc" xlink:arcrole="http://www.xbrl.org/2003/arcrole/summation-item" order="1.0" xlink:from="loc_67" xlink:to="loc_69" weight="1.0" />
    <link:loc xlink:href="https://xbrl.ifrs.org/taxonomy/2023-03-23/ifrs_for_smes/ifrs_for_smes-cor_2023-03-23.xsd#ifrs-smes_IntangibleAssetsAndGoodwill" xlink:label="loc_70" xlink:type="locator" />
    <link:loc xlink:href="https://xbrl.ifrs.org/taxonomy/2023-03-23/ifrs_for_smes/ifrs_for_smes-cor_2023-03-23.xsd#ifrs-smes_Goodwill" xlink:label="loc_71" xlink:type="locator" />
    <link:calculationArc xlink:type="arc" xlink:arcrole="http://www.xbrl.org/2003/arcrole/summation-item" order="2.0" xlink:from="loc_70" xlink:to="loc_71" weight="1.0" />
    <link:loc xlink:href="https://xbrl.ifrs.org/taxonomy/2023-03-23/ifrs_for_smes/ifrs_for_smes-cor_2023-03-23.xsd#ifrs-smes_IntangibleAssetsOtherThanGoodwill" xlink:label="loc_72" xlink:type="locator" />
    <link:calculationArc xlink:type="arc" xlink:arcrole="http://www.xbrl.org/2003/arcrole/summation-item" order="1.0" xlink:from="loc_70" xlink:to="loc_72" weight="1.0" />
    <link:loc xlink:href="https://xbrl.ifrs.org/taxonomy/2023-03-23/ifrs_for_smes/ifrs_for_smes-cor_2023-03-23.xsd#ifrs-smes_OtherIntangibleAssets" xlink:label="loc_73" xlink:type="locator" />
    <link:calculationArc xlink:type="arc" xlink:arcrole="http://www.xbrl.org/2003/arcrole/summation-item" order="10.0" xlink:from="loc_72" xlink:to="loc_73" weight="1.0" />
    <link:loc xlink:href="https://xbrl.ifrs.org/taxonomy/2023-03-23/ifrs_for_smes/ifrs_for_smes-cor_2023-03-23.xsd#ifrs-smes_ServiceConcessionArrangementsClassifiedAsIntangibleAssets" xlink:label="loc_74" xlink:type="locator" />
    <link:calculationArc xlink:type="arc" xlink:arcrole="http://www.xbrl.org/2003/arcrole/summation-item" order="9.0" xlink:from="loc_72" xlink:to="loc_74" weight="1.0" />
    <link:loc xlink:href="https://xbrl.ifrs.org/taxonomy/2023-03-23/ifrs_for_smes/ifrs_for_smes-cor_2023-03-23.xsd#ifrs-smes_IntangibleAssetsUnderDevelopment" xlink:label="loc_75" xlink:type="locator" />
    <link:calculationArc xlink:type="arc" xlink:arcrole="http://www.xbrl.org/2003/arcrole/summation-item" order="8.0" xlink:from="loc_72" xlink:to="loc_75" weight="1.0" />
    <link:loc xlink:href="https://xbrl.ifrs.org/taxonomy/2023-03-23/ifrs_for_smes/ifrs_for_smes-cor_2023-03-23.xsd#ifrs-smes_RecipesFormulaeModelsDesignsAndPrototypes" xlink:label="loc_76" xlink:type="locator" />
    <link:calculationArc xlink:type="arc" xlink:arcrole="http://www.xbrl.org/2003/arcrole/summation-item" order="7.0" xlink:from="loc_72" xlink:to="loc_76" weight="1.0" />
    <link:loc xlink:href="https://xbrl.ifrs.org/taxonomy/2023-03-23/ifrs_for_smes/ifrs_for_smes-cor_2023-03-23.xsd#ifrs-smes_CopyrightsPatentsAndOtherIndustrialPropertyRightsServiceAndOperatingRights" xlink:label="loc_77" xlink:type="locator" />
    <link:calculationArc xlink:type="arc" xlink:arcrole="http://www.xbrl.org/2003/arcrole/summation-item" order="6.0" xlink:from="loc_72" xlink:to="loc_77" weight="1.0" />
    <link:loc xlink:href="https://xbrl.ifrs.org/taxonomy/2023-03-23/ifrs_for_smes/ifrs_for_smes-cor_2023-03-23.xsd#ifrs-smes_LicencesAndFranchises" xlink:label="loc_78" xlink:type="locator" />
    <link:calculationArc xlink:type="arc" xlink:arcrole="http://www.xbrl.org/2003/arcrole/summation-item" order="5.0" xlink:from="loc_72" xlink:to="loc_78" weight="1.0" />
    <link:loc xlink:href="https://xbrl.ifrs.org/taxonomy/2023-03-23/ifrs_for_smes/ifrs_for_smes-cor_2023-03-23.xsd#ifrs-smes_ComputerSoftware" xlink:label="loc_79" xlink:type="locator" />
    <link:calculationArc xlink:type="arc" xlink:arcrole="http://www.xbrl.org/2003/arcrole/summation-item" order="4.0" xlink:from="loc_72" xlink:to="loc_79" weight="1.0" />
    <link:loc xlink:href="https://xbrl.ifrs.org/taxonomy/2023-03-23/ifrs_for_smes/ifrs_for_smes-cor_2023-03-23.xsd#ifrs-smes_MastheadsAndPublishingTitles" xlink:label="loc_80" xlink:type="locator" />
    <link:calculationArc xlink:type="arc" xlink:arcrole="http://www.xbrl.org/2003/arcrole/summation-item" order="3.0" xlink:from="loc_72" xlink:to="loc_80" weight="1.0" />
    <link:loc xlink:href="https://xbrl.ifrs.org/taxonomy/2023-03-23/ifrs_for_smes/ifrs_for_smes-cor_2023-03-23.xsd#ifrs-smes_IntangibleExplorationAndEvaluationAssets" xlink:label="loc_81" xlink:type="locator" />
    <link:calculationArc xlink:type="arc" xlink:arcrole="http://www.xbrl.org/2003/arcrole/summation-item" order="2.0" xlink:from="loc_72" xlink:to="loc_81" weight="1.0" />
    <link:loc xlink:href="https://xbrl.ifrs.org/taxonomy/2023-03-23/ifrs_for_smes/ifrs_for_smes-cor_2023-03-23.xsd#ifrs-smes_BrandNames" xlink:label="loc_82" xlink:type="locator" />
    <link:calculationArc xlink:type="arc" xlink:arcrole="http://www.xbrl.org/2003/arcrole/summation-item" order="1.0" xlink:from="loc_72" xlink:to="loc_82" weight="1.0" />
    <link:loc xlink:href="https://xbrl.ifrs.org/taxonomy/2023-03-23/ifrs_for_smes/ifrs_for_smes-cor_2023-03-23.xsd#ifrs-smes_Inventories" xlink:label="loc_83" xlink:type="locator" />
    <link:loc xlink:href="https://xbrl.ifrs.org/taxonomy/2023-03-23/ifrs_for_smes/ifrs_for_smes-cor_2023-03-23.xsd#ifrs-smes_MaterialsAndSuppliesToBeConsumedInProductionProcessOrRenderingServices" xlink:label="loc_84" xlink:type="locator" />
    <link:calculationArc xlink:type="arc" xlink:arcrole="http://www.xbrl.org/2003/arcrole/summation-item" order="3.0" xlink:from="loc_83" xlink:to="loc_84" weight="1.0" />
    <link:loc xlink:href="https://xbrl.ifrs.org/taxonomy/2023-03-23/ifrs_for_smes/ifrs_for_smes-cor_2023-03-23.xsd#ifrs-smes_WorkInProgress" xlink:label="loc_85" xlink:type="locator" />
    <link:calculationArc xlink:type="arc" xlink:arcrole="http://www.xbrl.org/2003/arcrole/summation-item" order="2.0" xlink:from="loc_83" xlink:to="loc_85" weight="1.0" />
    <link:loc xlink:href="https://xbrl.ifrs.org/taxonomy/2023-03-23/ifrs_for_smes/ifrs_for_smes-cor_2023-03-23.xsd#ifrs-smes_InventoriesHeldForSale" xlink:label="loc_86" xlink:type="locator" />
    <link:calculationArc xlink:type="arc" xlink:arcrole="http://www.xbrl.org/2003/arcrole/summation-item" order="1.0" xlink:from="loc_83" xlink:to="loc_86" weight="1.0" />
    <link:loc xlink:href="https://xbrl.ifrs.org/taxonomy/2023-03-23/ifrs_for_smes/ifrs_for_smes-cor_2023-03-23.xsd#ifrs-smes_LegalProceedingsProvision" xlink:label="loc_87" xlink:type="locator" />
    <link:loc xlink:href="https://xbrl.ifrs.org/taxonomy/2023-03-23/ifrs_for_smes/ifrs_for_smes-cor_2023-03-23.xsd#ifrs-smes_ShorttermLegalProceedingsProvision" xlink:label="loc_88" xlink:type="locator" />
    <link:calculationArc xlink:type="arc" xlink:arcrole="http://www.xbrl.org/2003/arcrole/summation-item" order="2.0" xlink:from="loc_87" xlink:to="loc_88" weight="1.0" />
    <link:loc xlink:href="https://xbrl.ifrs.org/taxonomy/2023-03-23/ifrs_for_smes/ifrs_for_smes-cor_2023-03-23.xsd#ifrs-smes_LongtermLegalProceedingsProvision" xlink:label="loc_89" xlink:type="locator" />
    <link:calculationArc xlink:type="arc" xlink:arcrole="http://www.xbrl.org/2003/arcrole/summation-item" order="1.0" xlink:from="loc_87" xlink:to="loc_89" weight="1.0" />
    <link:loc xlink:href="https://xbrl.ifrs.org/taxonomy/2023-03-23/ifrs_for_smes/ifrs_for_smes-cor_2023-03-23.xsd#ifrs-smes_MiscellaneousOtherProvisions" xlink:label="loc_90" xlink:type="locator" />
    <link:loc xlink:href="https://xbrl.ifrs.org/taxonomy/2023-03-23/ifrs_for_smes/ifrs_for_smes-cor_2023-03-23.xsd#ifrs-smes_ShorttermMiscellaneousOtherProvisions" xlink:label="loc_91" xlink:type="locator" />
    <link:calculationArc xlink:type="arc" xlink:arcrole="http://www.xbrl.org/2003/arcrole/summation-item" order="2.0" xlink:from="loc_90" xlink:to="loc_91" weight="1.0" />
    <link:loc xlink:href="https://xbrl.ifrs.org/taxonomy/2023-03-23/ifrs_for_smes/ifrs_for_smes-cor_2023-03-23.xsd#ifrs-smes_LongtermMiscellaneousOtherProvisions" xlink:label="loc_92" xlink:type="locator" />
    <link:calculationArc xlink:type="arc" xlink:arcrole="http://www.xbrl.org/2003/arcrole/summation-item" order="1.0" xlink:from="loc_90" xlink:to="loc_92" weight="1.0" />
  </link:calculationLink>
</link:linkbase>
