<?xml version="1.0" encoding="UTF-8"?>
<!--  Companies & Intellectual Property Commission  -->
<link:linkbase xmlns:link="http://www.xbrl.org/2003/linkbase" xmlns:xbrldt="http://xbrl.org/2005/xbrldt" xmlns:xlink="http://www.w3.org/1999/xlink" xmlns:xsi="http://www.w3.org/2001/XMLSchema-instance" xsi:schemaLocation="http://www.xbrl.org/2003/linkbase http://www.xbrl.org/2003/xbrl-linkbase-2003-12-31.xsd http://www.w3.org/1999/xlink http://www.xbrl.org/2003/xlink-2003-12-31.xsd">
  <link:roleRef roleURI="http://xbrl.cipc.co.za/taxonomy/role/ifrs_for_smes_role_801900" xlink:type="simple" xlink:href="../rol_ifrs-smes_2023-09-30.xsd#role_ifrs_for_smes_role_801900" />
  <link:calculationLink xlink:role="http://xbrl.cipc.co.za/taxonomy/role/ifrs_for_smes_role_801900" xlink:type="extended">
    <link:loc xlink:href="https://xbrl.ifrs.org/taxonomy/2023-03-23/ifrs_for_smes/ifrs_for_smes-cor_2023-03-23.xsd#ifrs-smes_ChangesInIntangibleAssetsOtherThanGoodwill" xlink:label="loc_1" xlink:type="locator" />
    <link:loc xlink:href="https://xbrl.ifrs.org/taxonomy/2023-03-23/ifrs_for_smes/ifrs_for_smes-cor_2023-03-23.xsd#ifrs-smes_DisposalsIntangibleAssetsOtherThanGoodwill" xlink:label="loc_2" xlink:type="locator" />
    <link:calculationArc xlink:type="arc" xlink:arcrole="http://www.xbrl.org/2003/arcrole/summation-item" order="8.0" xlink:from="loc_1" xlink:to="loc_2" weight="-1.0" />
    <link:loc xlink:href="https://xbrl.ifrs.org/taxonomy/2023-03-23/ifrs_for_smes/ifrs_for_smes-cor_2023-03-23.xsd#ifrs-smes_IncreaseDecreaseThroughOtherChangesIntangibleAssetsOtherThanGoodwill" xlink:label="loc_3" xlink:type="locator" />
    <link:calculationArc xlink:type="arc" xlink:arcrole="http://www.xbrl.org/2003/arcrole/summation-item" order="7.0" xlink:from="loc_1" xlink:to="loc_3" weight="1.0" />
    <link:loc xlink:href="https://xbrl.ifrs.org/taxonomy/2023-03-23/ifrs_for_smes/ifrs_for_smes-cor_2023-03-23.xsd#ifrs-smes_ReversalOfImpairmentLossRecognisedInProfitOrLossIntangibleAssetsOtherThanGoodwill" xlink:label="loc_4" xlink:type="locator" />
    <link:calculationArc xlink:type="arc" xlink:arcrole="http://www.xbrl.org/2003/arcrole/summation-item" order="6.0" xlink:from="loc_1" xlink:to="loc_4" weight="1.0" />
    <link:loc xlink:href="https://xbrl.ifrs.org/taxonomy/2023-03-23/ifrs_for_smes/ifrs_for_smes-cor_2023-03-23.xsd#ifrs-smes_ImpairmentLossRecognisedInProfitOrLossIntangibleAssetsOtherThanGoodwill" xlink:label="loc_5" xlink:type="locator" />
    <link:calculationArc xlink:type="arc" xlink:arcrole="http://www.xbrl.org/2003/arcrole/summation-item" order="5.0" xlink:from="loc_1" xlink:to="loc_5" weight="-1.0" />
    <link:loc xlink:href="https://xbrl.ifrs.org/taxonomy/2023-03-23/ifrs_for_smes/ifrs_for_smes-cor_2023-03-23.xsd#ifrs-smes_AmortisationIntangibleAssetsOtherThanGoodwill" xlink:label="loc_6" xlink:type="locator" />
    <link:calculationArc xlink:type="arc" xlink:arcrole="http://www.xbrl.org/2003/arcrole/summation-item" order="4.0" xlink:from="loc_1" xlink:to="loc_6" weight="-1.0" />
    <link:loc xlink:href="https://xbrl.ifrs.org/taxonomy/2023-03-23/ifrs_for_smes/ifrs_for_smes-cor_2023-03-23.xsd#ifrs-smes_IncreaseDecreaseThroughNetExchangeDifferencesIntangibleAssetsOtherThanGoodwill" xlink:label="loc_7" xlink:type="locator" />
    <link:calculationArc xlink:type="arc" xlink:arcrole="http://www.xbrl.org/2003/arcrole/summation-item" order="3.0" xlink:from="loc_1" xlink:to="loc_7" weight="1.0" />
    <link:loc xlink:href="https://xbrl.ifrs.org/taxonomy/2023-03-23/ifrs_for_smes/ifrs_for_smes-cor_2023-03-23.xsd#ifrs-smes_AcquisitionsThroughBusinessCombinationsIntangibleAssetsOtherThanGoodwill" xlink:label="loc_8" xlink:type="locator" />
    <link:calculationArc xlink:type="arc" xlink:arcrole="http://www.xbrl.org/2003/arcrole/summation-item" order="2.0" xlink:from="loc_1" xlink:to="loc_8" weight="1.0" />
    <link:loc xlink:href="https://xbrl.ifrs.org/taxonomy/2023-03-23/ifrs_for_smes/ifrs_for_smes-cor_2023-03-23.xsd#ifrs-smes_AdditionsOtherThanThroughBusinessCombinationsIntangibleAssetsOtherThanGoodwill" xlink:label="loc_9" xlink:type="locator" />
    <link:calculationArc xlink:type="arc" xlink:arcrole="http://www.xbrl.org/2003/arcrole/summation-item" order="1.0" xlink:from="loc_1" xlink:to="loc_9" weight="1.0" />
  </link:calculationLink>
</link:linkbase>
