<?xml version="1.0" encoding="UTF-8"?>
<!--  Companies & Intellectual Property Commission  -->
<link:linkbase xmlns:link="http://www.xbrl.org/2003/linkbase" xmlns:xbrldt="http://xbrl.org/2005/xbrldt" xmlns:xlink="http://www.w3.org/1999/xlink" xmlns:xsi="http://www.w3.org/2001/XMLSchema-instance" xsi:schemaLocation="http://www.xbrl.org/2003/linkbase http://www.xbrl.org/2003/xbrl-linkbase-2003-12-31.xsd http://www.w3.org/1999/xlink http://www.xbrl.org/2003/xlink-2003-12-31.xsd">
  <link:arcroleRef arcroleURI="http://xbrl.org/int/dim/arcrole/all" xlink:type="simple" xlink:href="http://www.xbrl.org/2005/xbrldt-2005.xsd#all" />
  <link:arcroleRef arcroleURI="http://xbrl.org/int/dim/arcrole/hypercube-dimension" xlink:type="simple" xlink:href="http://www.xbrl.org/2005/xbrldt-2005.xsd#hypercube-dimension" />
  <link:arcroleRef arcroleURI="http://xbrl.org/int/dim/arcrole/dimension-domain" xlink:type="simple" xlink:href="http://www.xbrl.org/2005/xbrldt-2005.xsd#dimension-domain" />
  <link:arcroleRef arcroleURI="http://xbrl.org/int/dim/arcrole/domain-member" xlink:type="simple" xlink:href="http://www.xbrl.org/2005/xbrldt-2005.xsd#domain-member" />
  <link:roleRef roleURI="http://xbrl.cipc.co.za/taxonomy/role/ifrs_for_smes_role_610000" xlink:type="simple" xlink:href="../rol_ifrs-smes_2023-09-30.xsd#role_ifrs_for_smes_role_610000" />
  <link:definitionLink xlink:role="http://xbrl.cipc.co.za/taxonomy/role/ifrs_for_smes_role_610000" xlink:type="extended">
    <link:loc xlink:href="https://xbrl.ifrs.org/taxonomy/2023-03-23/ifrs_for_smes/ifrs_for_smes-cor_2023-03-23.xsd#ifrs-smes_StatementOfChangesInEquityAbstract" xlink:label="loc_1" xlink:type="locator" />
    <link:loc xlink:href="https://xbrl.ifrs.org/taxonomy/2023-03-23/ifrs_for_smes/ifrs_for_smes-cor_2023-03-23.xsd#ifrs-smes_StatementOfChangesInEquityTable" xlink:label="loc_2" xlink:type="locator" />
    <link:definitionArc xlink:type="arc" xlink:arcrole="http://xbrl.org/int/dim/arcrole/all" order="10.0" xlink:from="loc_1" xlink:to="loc_2" xbrldt:closed="true" xbrldt:contextElement="scenario" />
    <link:loc xlink:href="https://xbrl.ifrs.org/taxonomy/2023-03-23/ifrs_for_smes/ifrs_for_smes-cor_2023-03-23.xsd#ifrs-smes_ComponentsOfEquityAxis" xlink:label="loc_3" xlink:type="locator" />
    <link:definitionArc xlink:type="arc" xlink:arcrole="http://xbrl.org/int/dim/arcrole/hypercube-dimension" order="1.0" xlink:from="loc_2" xlink:to="loc_3" />
    <link:loc xlink:href="https://xbrl.ifrs.org/taxonomy/2023-03-23/ifrs_for_smes/ifrs_for_smes-cor_2023-03-23.xsd#ifrs-smes_EquityMember" xlink:label="loc_4" xlink:type="locator" />
    <link:definitionArc xlink:type="arc" xlink:arcrole="http://xbrl.org/int/dim/arcrole/dimension-domain" order="10.0" xlink:from="loc_3" xlink:to="loc_4" />
    <link:loc xlink:href="https://xbrl.ifrs.org/taxonomy/2023-03-23/ifrs_for_smes/ifrs_for_smes-cor_2023-03-23.xsd#ifrs-smes_EquityAttributableToOwnersOfParentMember" xlink:label="loc_5" xlink:type="locator" />
    <link:definitionArc xlink:type="arc" xlink:arcrole="http://xbrl.org/int/dim/arcrole/domain-member" order="10.0" xlink:from="loc_4" xlink:to="loc_5" />
    <link:loc xlink:href="https://xbrl.ifrs.org/taxonomy/2023-03-23/ifrs_for_smes/ifrs_for_smes-cor_2023-03-23.xsd#ifrs-smes_IssuedCapitalMember" xlink:label="loc_6" xlink:type="locator" />
    <link:definitionArc xlink:type="arc" xlink:arcrole="http://xbrl.org/int/dim/arcrole/domain-member" order="10.0" xlink:from="loc_5" xlink:to="loc_6" />
    <link:loc xlink:href="https://xbrl.ifrs.org/taxonomy/2023-03-23/ifrs_for_smes/ifrs_for_smes-cor_2023-03-23.xsd#ifrs-smes_SharePremiumMember" xlink:label="loc_7" xlink:type="locator" />
    <link:definitionArc xlink:type="arc" xlink:arcrole="http://xbrl.org/int/dim/arcrole/domain-member" order="20.0" xlink:from="loc_5" xlink:to="loc_7" />
    <link:loc xlink:href="https://xbrl.ifrs.org/taxonomy/2023-03-23/ifrs_for_smes/ifrs_for_smes-cor_2023-03-23.xsd#ifrs-smes_TreasurySharesMember" xlink:label="loc_8" xlink:type="locator" />
    <link:definitionArc xlink:type="arc" xlink:arcrole="http://xbrl.org/int/dim/arcrole/domain-member" order="30.0" xlink:from="loc_5" xlink:to="loc_8" />
    <link:loc xlink:href="https://xbrl.ifrs.org/taxonomy/2023-03-23/ifrs_for_smes/ifrs_for_smes-cor_2023-03-23.xsd#ifrs-smes_OtherEquityInterestMember" xlink:label="loc_9" xlink:type="locator" />
    <link:definitionArc xlink:type="arc" xlink:arcrole="http://xbrl.org/int/dim/arcrole/domain-member" order="40.0" xlink:from="loc_5" xlink:to="loc_9" />
    <link:loc xlink:href="https://xbrl.ifrs.org/taxonomy/2023-03-23/ifrs_for_smes/ifrs_for_smes-cor_2023-03-23.xsd#ifrs-smes_OtherReservesMember" xlink:label="loc_10" xlink:type="locator" />
    <link:definitionArc xlink:type="arc" xlink:arcrole="http://xbrl.org/int/dim/arcrole/domain-member" order="50.0" xlink:from="loc_5" xlink:to="loc_10" />
    <link:loc xlink:href="https://xbrl.ifrs.org/taxonomy/2023-03-23/ifrs_for_smes/ifrs_for_smes-cor_2023-03-23.xsd#ifrs-smes_ReserveOfExchangeDifferencesOnTranslationMember" xlink:label="loc_11" xlink:type="locator" />
    <link:definitionArc xlink:type="arc" xlink:arcrole="http://xbrl.org/int/dim/arcrole/domain-member" order="10.0" xlink:from="loc_10" xlink:to="loc_11" />
    <link:loc xlink:href="https://xbrl.ifrs.org/taxonomy/2023-03-23/ifrs_for_smes/ifrs_for_smes-cor_2023-03-23.xsd#ifrs-smes_ReserveOfCashFlowHedgesMember" xlink:label="loc_12" xlink:type="locator" />
    <link:definitionArc xlink:type="arc" xlink:arcrole="http://xbrl.org/int/dim/arcrole/domain-member" order="20.0" xlink:from="loc_10" xlink:to="loc_12" />
    <link:loc xlink:href="https://xbrl.ifrs.org/taxonomy/2023-03-23/ifrs_for_smes/ifrs_for_smes-cor_2023-03-23.xsd#ifrs-smes_RevaluationSurplusMember" xlink:label="loc_13" xlink:type="locator" />
    <link:definitionArc xlink:type="arc" xlink:arcrole="http://xbrl.org/int/dim/arcrole/domain-member" order="30.0" xlink:from="loc_10" xlink:to="loc_13" />
    <link:loc xlink:href="https://xbrl.ifrs.org/taxonomy/2023-03-23/ifrs_for_smes/ifrs_for_smes-cor_2023-03-23.xsd#ifrs-smes_RetainedEarningsMember" xlink:label="loc_14" xlink:type="locator" />
    <link:definitionArc xlink:type="arc" xlink:arcrole="http://xbrl.org/int/dim/arcrole/domain-member" order="60.0" xlink:from="loc_5" xlink:to="loc_14" />
    <link:loc xlink:href="https://xbrl.ifrs.org/taxonomy/2023-03-23/ifrs_for_smes/ifrs_for_smes-cor_2023-03-23.xsd#ifrs-smes_NoncontrollingInterestsMember" xlink:label="loc_15" xlink:type="locator" />
    <link:definitionArc xlink:type="arc" xlink:arcrole="http://xbrl.org/int/dim/arcrole/domain-member" order="20.0" xlink:from="loc_4" xlink:to="loc_15" />
    <link:loc xlink:href="https://xbrl.ifrs.org/taxonomy/2023-03-23/ifrs_for_smes/ifrs_for_smes-cor_2023-03-23.xsd#ifrs-smes_RetrospectiveApplicationAndRetrospectiveRestatementAxis" xlink:label="loc_16" xlink:type="locator" />
    <link:definitionArc xlink:type="arc" xlink:arcrole="http://xbrl.org/int/dim/arcrole/hypercube-dimension" order="2.0" xlink:from="loc_2" xlink:to="loc_16" />
    <link:loc xlink:href="https://xbrl.ifrs.org/taxonomy/2023-03-23/ifrs_for_smes/ifrs_for_smes-cor_2023-03-23.xsd#ifrs-smes_RestatedMember" xlink:label="loc_17" xlink:type="locator" />
    <link:definitionArc xlink:type="arc" xlink:arcrole="http://xbrl.org/int/dim/arcrole/dimension-domain" order="10.0" xlink:from="loc_16" xlink:to="loc_17" />
    <link:loc xlink:href="https://xbrl.ifrs.org/taxonomy/2023-03-23/ifrs_for_smes/ifrs_for_smes-cor_2023-03-23.xsd#ifrs-smes_IncreaseDecreaseDueToChangesInAccountingPolicyAndCorrectionsOfPriorPeriodErrorsMember" xlink:label="loc_18" xlink:type="locator" />
    <link:definitionArc xlink:type="arc" xlink:arcrole="http://xbrl.org/int/dim/arcrole/domain-member" order="20.0" xlink:from="loc_17" xlink:to="loc_18" />
    <link:loc xlink:href="https://xbrl.ifrs.org/taxonomy/2023-03-23/ifrs_for_smes/ifrs_for_smes-cor_2023-03-23.xsd#ifrs-smes_FinancialEffectOfChangesInAccountingPolicyMember" xlink:label="loc_19" xlink:type="locator" />
    <link:definitionArc xlink:type="arc" xlink:arcrole="http://xbrl.org/int/dim/arcrole/domain-member" order="10.0" xlink:from="loc_18" xlink:to="loc_19" />
    <link:loc xlink:href="https://xbrl.ifrs.org/taxonomy/2023-03-23/ifrs_for_smes/ifrs_for_smes-cor_2023-03-23.xsd#ifrs-smes_IncreaseDecreaseDueToChangesInAccountingPolicyRequiredByIFRSsMember" xlink:label="loc_20" xlink:type="locator" />
    <link:definitionArc xlink:type="arc" xlink:arcrole="http://xbrl.org/int/dim/arcrole/domain-member" order="10.0" xlink:from="loc_19" xlink:to="loc_20" />
    <link:loc xlink:href="https://xbrl.ifrs.org/taxonomy/2023-03-23/ifrs_for_smes/ifrs_for_smes-cor_2023-03-23.xsd#ifrs-smes_IncreaseDecreaseDueToVoluntaryChangesInAccountingPolicyMember" xlink:label="loc_21" xlink:type="locator" />
    <link:definitionArc xlink:type="arc" xlink:arcrole="http://xbrl.org/int/dim/arcrole/domain-member" order="20.0" xlink:from="loc_19" xlink:to="loc_21" />
    <link:loc xlink:href="https://xbrl.ifrs.org/taxonomy/2023-03-23/ifrs_for_smes/ifrs_for_smes-cor_2023-03-23.xsd#ifrs-smes_FinancialEffectOfCorrectionsOfAccountingErrorsMember" xlink:label="loc_22" xlink:type="locator" />
    <link:definitionArc xlink:type="arc" xlink:arcrole="http://xbrl.org/int/dim/arcrole/domain-member" order="20.0" xlink:from="loc_18" xlink:to="loc_22" />
    <link:loc xlink:href="https://xbrl.ifrs.org/taxonomy/2023-03-23/ifrs_for_smes/ifrs_for_smes-cor_2023-03-23.xsd#ifrs-smes_PreviouslyStatedMember" xlink:label="loc_23" xlink:type="locator" />
    <link:definitionArc xlink:type="arc" xlink:arcrole="http://xbrl.org/int/dim/arcrole/domain-member" order="10.0" xlink:from="loc_17" xlink:to="loc_23" />
    <link:loc xlink:href="https://xbrl.ifrs.org/taxonomy/2023-03-23/ifrs_for_smes/ifrs_for_smes-cor_2023-03-23.xsd#ifrs-smes_StatementOfChangesInEquityLineItems" xlink:label="loc_24" xlink:type="locator" />
    <link:definitionArc xlink:type="arc" xlink:arcrole="http://xbrl.org/int/dim/arcrole/domain-member" order="10.0" xlink:from="loc_1" xlink:to="loc_24" />
    <link:loc xlink:href="https://xbrl.ifrs.org/taxonomy/2023-03-23/ifrs_for_smes/ifrs_for_smes-cor_2023-03-23.xsd#ifrs-smes_ChangesInEquityAbstract" xlink:label="loc_25" xlink:type="locator" />
    <link:definitionArc xlink:type="arc" xlink:arcrole="http://xbrl.org/int/dim/arcrole/domain-member" order="20.0" xlink:from="loc_24" xlink:to="loc_25" />
    <link:loc xlink:href="https://xbrl.ifrs.org/taxonomy/2023-03-23/ifrs_for_smes/ifrs_for_smes-cor_2023-03-23.xsd#ifrs-smes_ChangesInEquity" xlink:label="loc_26" xlink:type="locator" />
    <link:definitionArc xlink:type="arc" xlink:arcrole="http://xbrl.org/int/dim/arcrole/domain-member" order="100.0" xlink:from="loc_25" xlink:to="loc_26" />
    <link:loc xlink:href="https://xbrl.ifrs.org/taxonomy/2023-03-23/ifrs_for_smes/ifrs_for_smes-cor_2023-03-23.xsd#ifrs-smes_ComprehensiveIncomeAbstract" xlink:label="loc_27" xlink:type="locator" />
    <link:definitionArc xlink:type="arc" xlink:arcrole="http://xbrl.org/int/dim/arcrole/domain-member" order="10.0" xlink:from="loc_25" xlink:to="loc_27" />
    <link:loc xlink:href="https://xbrl.ifrs.org/taxonomy/2023-03-23/ifrs_for_smes/ifrs_for_smes-cor_2023-03-23.xsd#ifrs-smes_ProfitLoss" xlink:label="loc_28" xlink:type="locator" />
    <link:definitionArc xlink:type="arc" xlink:arcrole="http://xbrl.org/int/dim/arcrole/domain-member" order="10.0" xlink:from="loc_27" xlink:to="loc_28" />
    <link:loc xlink:href="https://xbrl.ifrs.org/taxonomy/2023-03-23/ifrs_for_smes/ifrs_for_smes-cor_2023-03-23.xsd#ifrs-smes_OtherComprehensiveIncome" xlink:label="loc_29" xlink:type="locator" />
    <link:definitionArc xlink:type="arc" xlink:arcrole="http://xbrl.org/int/dim/arcrole/domain-member" order="20.0" xlink:from="loc_27" xlink:to="loc_29" />
    <link:loc xlink:href="https://xbrl.ifrs.org/taxonomy/2023-03-23/ifrs_for_smes/ifrs_for_smes-cor_2023-03-23.xsd#ifrs-smes_ComprehensiveIncome" xlink:label="loc_30" xlink:type="locator" />
    <link:definitionArc xlink:type="arc" xlink:arcrole="http://xbrl.org/int/dim/arcrole/domain-member" order="30.0" xlink:from="loc_27" xlink:to="loc_30" />
    <link:loc xlink:href="https://xbrl.ifrs.org/taxonomy/2023-03-23/ifrs_for_smes/ifrs_for_smes-cor_2023-03-23.xsd#ifrs-smes_IssueOfEquity" xlink:label="loc_31" xlink:type="locator" />
    <link:definitionArc xlink:type="arc" xlink:arcrole="http://xbrl.org/int/dim/arcrole/domain-member" order="20.0" xlink:from="loc_25" xlink:to="loc_31" />
    <link:loc xlink:href="https://xbrl.ifrs.org/taxonomy/2023-03-23/ifrs_for_smes/ifrs_for_smes-cor_2023-03-23.xsd#ifrs-smes_DividendsPaid" xlink:label="loc_32" xlink:type="locator" />
    <link:definitionArc xlink:type="arc" xlink:arcrole="http://xbrl.org/int/dim/arcrole/domain-member" order="30.0" xlink:from="loc_25" xlink:to="loc_32" />
    <link:loc xlink:href="https://xbrl.ifrs.org/taxonomy/2023-03-23/ifrs_for_smes/ifrs_for_smes-cor_2023-03-23.xsd#ifrs-smes_IncreaseDecreaseThroughOtherContributionsByOwners" xlink:label="loc_33" xlink:type="locator" />
    <link:definitionArc xlink:type="arc" xlink:arcrole="http://xbrl.org/int/dim/arcrole/domain-member" order="40.0" xlink:from="loc_25" xlink:to="loc_33" />
    <link:loc xlink:href="https://xbrl.ifrs.org/taxonomy/2023-03-23/ifrs_for_smes/ifrs_for_smes-cor_2023-03-23.xsd#ifrs-smes_IncreaseDecreaseThroughOtherDistributionsToOwners" xlink:label="loc_34" xlink:type="locator" />
    <link:definitionArc xlink:type="arc" xlink:arcrole="http://xbrl.org/int/dim/arcrole/domain-member" order="50.0" xlink:from="loc_25" xlink:to="loc_34" />
    <link:loc xlink:href="https://xbrl.ifrs.org/taxonomy/2023-03-23/ifrs_for_smes/ifrs_for_smes-cor_2023-03-23.xsd#ifrs-smes_IncreaseDecreaseThroughTransfersAndOtherChangesEquity" xlink:label="loc_35" xlink:type="locator" />
    <link:definitionArc xlink:type="arc" xlink:arcrole="http://xbrl.org/int/dim/arcrole/domain-member" order="60.0" xlink:from="loc_25" xlink:to="loc_35" />
    <link:loc xlink:href="https://xbrl.ifrs.org/taxonomy/2023-03-23/ifrs_for_smes/ifrs_for_smes-cor_2023-03-23.xsd#ifrs-smes_IncreaseDecreaseThroughTreasuryShareTransactions" xlink:label="loc_36" xlink:type="locator" />
    <link:definitionArc xlink:type="arc" xlink:arcrole="http://xbrl.org/int/dim/arcrole/domain-member" order="70.0" xlink:from="loc_25" xlink:to="loc_36" />
    <link:loc xlink:href="https://xbrl.ifrs.org/taxonomy/2023-03-23/ifrs_for_smes/ifrs_for_smes-cor_2023-03-23.xsd#ifrs-smes_IncreaseDecreaseThroughChangesInOwnershipInterestsInSubsidiariesThatDoNotResultInLossOfControl" xlink:label="loc_37" xlink:type="locator" />
    <link:definitionArc xlink:type="arc" xlink:arcrole="http://xbrl.org/int/dim/arcrole/domain-member" order="80.0" xlink:from="loc_25" xlink:to="loc_37" />
    <link:loc xlink:href="https://xbrl.ifrs.org/taxonomy/2023-03-23/ifrs_for_smes/ifrs_for_smes-cor_2023-03-23.xsd#ifrs-smes_IncreaseDecreaseThroughSharebasedPaymentTransactions" xlink:label="loc_38" xlink:type="locator" />
    <link:definitionArc xlink:type="arc" xlink:arcrole="http://xbrl.org/int/dim/arcrole/domain-member" order="90.0" xlink:from="loc_25" xlink:to="loc_38" />
    <link:loc xlink:href="https://xbrl.ifrs.org/taxonomy/2023-03-23/ifrs_for_smes/ifrs_for_smes-cor_2023-03-23.xsd#ifrs-smes_Equity" xlink:label="loc_39" xlink:type="locator" />
    <link:definitionArc xlink:type="arc" xlink:arcrole="http://xbrl.org/int/dim/arcrole/domain-member" order="30.0" xlink:from="loc_24" xlink:to="loc_39" />
  </link:definitionLink>
</link:linkbase>
