<?xml version="1.0" encoding="UTF-8"?>
<!--  Companies & Intellectual Property Commission  -->
<link:linkbase xmlns:link="http://www.xbrl.org/2003/linkbase" xmlns:xbrldt="http://xbrl.org/2005/xbrldt" xmlns:xlink="http://www.w3.org/1999/xlink" xmlns:xsi="http://www.w3.org/2001/XMLSchema-instance" xsi:schemaLocation="http://www.xbrl.org/2003/linkbase http://www.xbrl.org/2003/xbrl-linkbase-2003-12-31.xsd http://www.w3.org/1999/xlink http://www.xbrl.org/2003/xlink-2003-12-31.xsd">
  <link:arcroleRef arcroleURI="http://xbrl.org/int/dim/arcrole/all" xlink:type="simple" xlink:href="http://www.xbrl.org/2005/xbrldt-2005.xsd#all" />
  <link:arcroleRef arcroleURI="http://xbrl.org/int/dim/arcrole/hypercube-dimension" xlink:type="simple" xlink:href="http://www.xbrl.org/2005/xbrldt-2005.xsd#hypercube-dimension" />
  <link:arcroleRef arcroleURI="http://xbrl.org/int/dim/arcrole/dimension-domain" xlink:type="simple" xlink:href="http://www.xbrl.org/2005/xbrldt-2005.xsd#dimension-domain" />
  <link:arcroleRef arcroleURI="http://xbrl.org/int/dim/arcrole/domain-member" xlink:type="simple" xlink:href="http://www.xbrl.org/2005/xbrldt-2005.xsd#domain-member" />
  <link:roleRef roleURI="http://xbrl.cipc.co.za/taxonomy/role/ifrs_for_smes_role_803001" xlink:type="simple" xlink:href="../rol_ifrs-smes_2023-09-30.xsd#role_ifrs_for_smes_role_803001" />
  <link:roleRef roleURI="http://xbrl.cipc.co.za/taxonomy/role/ifrs_for_smes_role_803002" xlink:type="simple" xlink:href="../rol_ifrs-smes_2023-09-30.xsd#role_ifrs_for_smes_role_803002" />
  <link:definitionLink xlink:role="http://xbrl.cipc.co.za/taxonomy/role/ifrs_for_smes_role_803001" xlink:type="extended">
    <link:loc xlink:href="https://xbrl.ifrs.org/taxonomy/2023-03-23/ifrs_for_smes/ifrs_for_smes-cor_2023-03-23.xsd#ifrs-smes_DisclosureOfOtherProvisionsAbstract" xlink:label="loc_1" xlink:type="locator" />
    <link:loc xlink:href="https://xbrl.ifrs.org/taxonomy/2023-03-23/ifrs_for_smes/ifrs_for_smes-cor_2023-03-23.xsd#ifrs-smes_DisclosureOfOtherProvisionsTable" xlink:label="loc_2" xlink:type="locator" />
    <link:definitionArc xlink:type="arc" xlink:arcrole="http://xbrl.org/int/dim/arcrole/all" order="10.0" xlink:from="loc_1" xlink:to="loc_2" xbrldt:closed="true" xbrldt:contextElement="scenario" />
    <link:loc xlink:href="https://xbrl.ifrs.org/taxonomy/2023-03-23/ifrs_for_smes/ifrs_for_smes-cor_2023-03-23.xsd#ifrs-smes_ClassesOfProvisionsAxis" xlink:label="loc_3" xlink:type="locator" />
    <link:definitionArc xlink:type="arc" xlink:arcrole="http://xbrl.org/int/dim/arcrole/hypercube-dimension" order="1.0" xlink:from="loc_2" xlink:to="loc_3" />
    <link:loc xlink:href="https://xbrl.ifrs.org/taxonomy/2023-03-23/ifrs_for_smes/ifrs_for_smes-cor_2023-03-23.xsd#ifrs-smes_OtherProvisionsMember" xlink:label="loc_4" xlink:type="locator" />
    <link:definitionArc xlink:type="arc" xlink:arcrole="http://xbrl.org/int/dim/arcrole/dimension-domain" order="10.0" xlink:from="loc_3" xlink:to="loc_4" />
    <link:loc xlink:href="https://xbrl.ifrs.org/taxonomy/2023-03-23/ifrs_for_smes/ifrs_for_smes-cor_2023-03-23.xsd#ifrs-smes_WarrantyProvisionMember" xlink:label="loc_5" xlink:type="locator" />
    <link:definitionArc xlink:type="arc" xlink:arcrole="http://xbrl.org/int/dim/arcrole/domain-member" order="10.0" xlink:from="loc_4" xlink:to="loc_5" />
    <link:loc xlink:href="https://xbrl.ifrs.org/taxonomy/2023-03-23/ifrs_for_smes/ifrs_for_smes-cor_2023-03-23.xsd#ifrs-smes_RestructuringProvisionMember" xlink:label="loc_6" xlink:type="locator" />
    <link:definitionArc xlink:type="arc" xlink:arcrole="http://xbrl.org/int/dim/arcrole/domain-member" order="20.0" xlink:from="loc_4" xlink:to="loc_6" />
    <link:loc xlink:href="https://xbrl.ifrs.org/taxonomy/2023-03-23/ifrs_for_smes/ifrs_for_smes-cor_2023-03-23.xsd#ifrs-smes_LegalProceedingsProvisionMember" xlink:label="loc_7" xlink:type="locator" />
    <link:definitionArc xlink:type="arc" xlink:arcrole="http://xbrl.org/int/dim/arcrole/domain-member" order="30.0" xlink:from="loc_4" xlink:to="loc_7" />
    <link:loc xlink:href="https://xbrl.ifrs.org/taxonomy/2023-03-23/ifrs_for_smes/ifrs_for_smes-cor_2023-03-23.xsd#ifrs-smes_RefundsProvisionMember" xlink:label="loc_8" xlink:type="locator" />
    <link:definitionArc xlink:type="arc" xlink:arcrole="http://xbrl.org/int/dim/arcrole/domain-member" order="40.0" xlink:from="loc_4" xlink:to="loc_8" />
    <link:loc xlink:href="https://xbrl.ifrs.org/taxonomy/2023-03-23/ifrs_for_smes/ifrs_for_smes-cor_2023-03-23.xsd#ifrs-smes_OnerousContractsProvisionMember" xlink:label="loc_9" xlink:type="locator" />
    <link:definitionArc xlink:type="arc" xlink:arcrole="http://xbrl.org/int/dim/arcrole/domain-member" order="50.0" xlink:from="loc_4" xlink:to="loc_9" />
    <link:loc xlink:href="https://xbrl.ifrs.org/taxonomy/2023-03-23/ifrs_for_smes/ifrs_for_smes-cor_2023-03-23.xsd#ifrs-smes_MiscellaneousOtherProvisionsMember" xlink:label="loc_10" xlink:type="locator" />
    <link:definitionArc xlink:type="arc" xlink:arcrole="http://xbrl.org/int/dim/arcrole/domain-member" order="60.0" xlink:from="loc_4" xlink:to="loc_10" />
    <link:loc xlink:href="https://xbrl.ifrs.org/taxonomy/2023-03-23/ifrs_for_smes/ifrs_for_smes-cor_2023-03-23.xsd#ifrs-smes_DisclosureOfOtherProvisionsLineItems" xlink:label="loc_11" xlink:type="locator" />
    <link:definitionArc xlink:type="arc" xlink:arcrole="http://xbrl.org/int/dim/arcrole/domain-member" order="10.0" xlink:from="loc_1" xlink:to="loc_11" />
    <link:loc xlink:href="https://xbrl.ifrs.org/taxonomy/2023-03-23/ifrs_for_smes/ifrs_for_smes-cor_2023-03-23.xsd#ifrs-smes_ReconciliationOfChangesInOtherProvisionsAbstract" xlink:label="loc_12" xlink:type="locator" />
    <link:definitionArc xlink:type="arc" xlink:arcrole="http://xbrl.org/int/dim/arcrole/domain-member" order="10.0" xlink:from="loc_11" xlink:to="loc_12" />
    <link:loc xlink:href="https://xbrl.ifrs.org/taxonomy/2023-03-23/ifrs_for_smes/ifrs_for_smes-cor_2023-03-23.xsd#ifrs-smes_OtherProvisions" xlink:label="loc_13" xlink:type="locator" />
    <link:definitionArc xlink:type="arc" xlink:arcrole="http://xbrl.org/int/dim/arcrole/domain-member" order="30.0" xlink:from="loc_12" xlink:to="loc_13" />
    <link:loc xlink:href="https://xbrl.ifrs.org/taxonomy/2023-03-23/ifrs_for_smes/ifrs_for_smes-cor_2023-03-23.xsd#ifrs-smes_ChangesInOtherProvisionsAbstract" xlink:label="loc_14" xlink:type="locator" />
    <link:definitionArc xlink:type="arc" xlink:arcrole="http://xbrl.org/int/dim/arcrole/domain-member" order="20.0" xlink:from="loc_12" xlink:to="loc_14" />
    <link:loc xlink:href="https://xbrl.ifrs.org/taxonomy/2023-03-23/ifrs_for_smes/ifrs_for_smes-cor_2023-03-23.xsd#ifrs-smes_AdditionalProvisionsOtherProvisions" xlink:label="loc_15" xlink:type="locator" />
    <link:definitionArc xlink:type="arc" xlink:arcrole="http://xbrl.org/int/dim/arcrole/domain-member" order="10.0" xlink:from="loc_14" xlink:to="loc_15" />
    <link:loc xlink:href="https://xbrl.ifrs.org/taxonomy/2023-03-23/ifrs_for_smes/ifrs_for_smes-cor_2023-03-23.xsd#ifrs-smes_ProvisionUsedOtherProvisions" xlink:label="loc_16" xlink:type="locator" />
    <link:definitionArc xlink:type="arc" xlink:arcrole="http://xbrl.org/int/dim/arcrole/domain-member" order="20.0" xlink:from="loc_14" xlink:to="loc_16" />
    <link:loc xlink:href="https://xbrl.ifrs.org/taxonomy/2023-03-23/ifrs_for_smes/ifrs_for_smes-cor_2023-03-23.xsd#ifrs-smes_UnusedProvisionReversedOtherProvisions" xlink:label="loc_17" xlink:type="locator" />
    <link:definitionArc xlink:type="arc" xlink:arcrole="http://xbrl.org/int/dim/arcrole/domain-member" order="30.0" xlink:from="loc_14" xlink:to="loc_17" />
    <link:loc xlink:href="https://xbrl.ifrs.org/taxonomy/2023-03-23/ifrs_for_smes/ifrs_for_smes-cor_2023-03-23.xsd#ifrs-smes_IncreaseDecreaseThroughNetExchangeDifferencesOtherProvisions" xlink:label="loc_18" xlink:type="locator" />
    <link:definitionArc xlink:type="arc" xlink:arcrole="http://xbrl.org/int/dim/arcrole/domain-member" order="40.0" xlink:from="loc_14" xlink:to="loc_18" />
    <link:loc xlink:href="https://xbrl.ifrs.org/taxonomy/2023-03-23/ifrs_for_smes/ifrs_for_smes-cor_2023-03-23.xsd#ifrs-smes_IncreaseDecreaseThroughTransfersAndOtherChangesOtherProvisions" xlink:label="loc_19" xlink:type="locator" />
    <link:definitionArc xlink:type="arc" xlink:arcrole="http://xbrl.org/int/dim/arcrole/domain-member" order="50.0" xlink:from="loc_14" xlink:to="loc_19" />
    <link:loc xlink:href="https://xbrl.ifrs.org/taxonomy/2023-03-23/ifrs_for_smes/ifrs_for_smes-cor_2023-03-23.xsd#ifrs-smes_ChangesInOtherProvisions" xlink:label="loc_20" xlink:type="locator" />
    <link:definitionArc xlink:type="arc" xlink:arcrole="http://xbrl.org/int/dim/arcrole/domain-member" order="60.0" xlink:from="loc_14" xlink:to="loc_20" />
    <link:loc xlink:href="https://xbrl.ifrs.org/taxonomy/2023-03-23/ifrs_for_smes/ifrs_for_smes-cor_2023-03-23.xsd#ifrs-smes_DescriptionOfNatureOfObligationOtherProvisions" xlink:label="loc_21" xlink:type="locator" />
    <link:definitionArc xlink:type="arc" xlink:arcrole="http://xbrl.org/int/dim/arcrole/domain-member" order="20.0" xlink:from="loc_11" xlink:to="loc_21" />
    <link:loc xlink:href="https://xbrl.ifrs.org/taxonomy/2023-03-23/ifrs_for_smes/ifrs_for_smes-cor_2023-03-23.xsd#ifrs-smes_DescriptionOfExpectedTimingOfOutflowsOtherProvisions" xlink:label="loc_22" xlink:type="locator" />
    <link:definitionArc xlink:type="arc" xlink:arcrole="http://xbrl.org/int/dim/arcrole/domain-member" order="30.0" xlink:from="loc_11" xlink:to="loc_22" />
    <link:loc xlink:href="https://xbrl.ifrs.org/taxonomy/2023-03-23/ifrs_for_smes/ifrs_for_smes-cor_2023-03-23.xsd#ifrs-smes_IndicationOfUncertaintiesOfAmountOrTimingOfOutflowsOtherProvisions" xlink:label="loc_23" xlink:type="locator" />
    <link:definitionArc xlink:type="arc" xlink:arcrole="http://xbrl.org/int/dim/arcrole/domain-member" order="40.0" xlink:from="loc_11" xlink:to="loc_23" />
    <link:loc xlink:href="https://xbrl.ifrs.org/taxonomy/2023-03-23/ifrs_for_smes/ifrs_for_smes-cor_2023-03-23.xsd#ifrs-smes_AssetRecognisedForExpectedReimbursementOtherProvisions" xlink:label="loc_24" xlink:type="locator" />
    <link:definitionArc xlink:type="arc" xlink:arcrole="http://xbrl.org/int/dim/arcrole/domain-member" order="50.0" xlink:from="loc_11" xlink:to="loc_24" />
    <link:loc xlink:href="https://xbrl.ifrs.org/taxonomy/2023-03-23/ifrs_for_smes/ifrs_for_smes-cor_2023-03-23.xsd#ifrs-smes_ExpectedReimbursementOtherProvisions" xlink:label="loc_25" xlink:type="locator" />
    <link:definitionArc xlink:type="arc" xlink:arcrole="http://xbrl.org/int/dim/arcrole/domain-member" order="60.0" xlink:from="loc_11" xlink:to="loc_25" />
  </link:definitionLink>
  <link:definitionLink xlink:role="http://xbrl.cipc.co.za/taxonomy/role/ifrs_for_smes_role_803002" xlink:type="extended">
    <link:loc xlink:href="https://xbrl.ifrs.org/taxonomy/2023-03-23/ifrs_for_smes/ifrs_for_smes-cor_2023-03-23.xsd#ifrs-smes_DisclosureOfContingentLiabilitiesAbstract" xlink:label="loc_1" xlink:type="locator" />
    <link:loc xlink:href="https://xbrl.ifrs.org/taxonomy/2023-03-23/ifrs_for_smes/ifrs_for_smes-cor_2023-03-23.xsd#ifrs-smes_DisclosureOfContingentLiabilitiesTable" xlink:label="loc_2" xlink:type="locator" />
    <link:definitionArc xlink:type="arc" xlink:arcrole="http://xbrl.org/int/dim/arcrole/all" order="10.0" xlink:from="loc_1" xlink:to="loc_2" xbrldt:closed="true" xbrldt:contextElement="scenario" />
    <link:loc xlink:href="https://xbrl.ifrs.org/taxonomy/2023-03-23/ifrs_for_smes/ifrs_for_smes-cor_2023-03-23.xsd#ifrs-smes_ClassesOfContingentLiabilitiesAxis" xlink:label="loc_3" xlink:type="locator" />
    <link:definitionArc xlink:type="arc" xlink:arcrole="http://xbrl.org/int/dim/arcrole/hypercube-dimension" order="1.0" xlink:from="loc_2" xlink:to="loc_3" />
    <link:loc xlink:href="https://xbrl.ifrs.org/taxonomy/2023-03-23/ifrs_for_smes/ifrs_for_smes-cor_2023-03-23.xsd#ifrs-smes_ContingentLiabilitiesMember" xlink:label="loc_4" xlink:type="locator" />
    <link:definitionArc xlink:type="arc" xlink:arcrole="http://xbrl.org/int/dim/arcrole/dimension-domain" order="10.0" xlink:from="loc_3" xlink:to="loc_4" />
    <link:loc xlink:href="https://xbrl.ifrs.org/taxonomy/2023-03-23/ifrs_for_smes/ifrs_for_smes-cor_2023-03-23.xsd#ifrs-smes_WarrantyContingentLiabilityMember" xlink:label="loc_5" xlink:type="locator" />
    <link:definitionArc xlink:type="arc" xlink:arcrole="http://xbrl.org/int/dim/arcrole/domain-member" order="10.0" xlink:from="loc_4" xlink:to="loc_5" />
    <link:loc xlink:href="https://xbrl.ifrs.org/taxonomy/2023-03-23/ifrs_for_smes/ifrs_for_smes-cor_2023-03-23.xsd#ifrs-smes_RestructuringContingentLiabilityMember" xlink:label="loc_6" xlink:type="locator" />
    <link:definitionArc xlink:type="arc" xlink:arcrole="http://xbrl.org/int/dim/arcrole/domain-member" order="20.0" xlink:from="loc_4" xlink:to="loc_6" />
    <link:loc xlink:href="https://xbrl.ifrs.org/taxonomy/2023-03-23/ifrs_for_smes/ifrs_for_smes-cor_2023-03-23.xsd#ifrs-smes_LegalProceedingsContingentLiabilityMember" xlink:label="loc_7" xlink:type="locator" />
    <link:definitionArc xlink:type="arc" xlink:arcrole="http://xbrl.org/int/dim/arcrole/domain-member" order="30.0" xlink:from="loc_4" xlink:to="loc_7" />
    <link:loc xlink:href="https://xbrl.ifrs.org/taxonomy/2023-03-23/ifrs_for_smes/ifrs_for_smes-cor_2023-03-23.xsd#ifrs-smes_OnerousContractsContingentLiabilityMember" xlink:label="loc_8" xlink:type="locator" />
    <link:definitionArc xlink:type="arc" xlink:arcrole="http://xbrl.org/int/dim/arcrole/domain-member" order="40.0" xlink:from="loc_4" xlink:to="loc_8" />
    <link:loc xlink:href="https://xbrl.ifrs.org/taxonomy/2023-03-23/ifrs_for_smes/ifrs_for_smes-cor_2023-03-23.xsd#ifrs-smes_ContingentLiabilityForDecommissioningRestorationAndRehabilitationCostsMember" xlink:label="loc_9" xlink:type="locator" />
    <link:definitionArc xlink:type="arc" xlink:arcrole="http://xbrl.org/int/dim/arcrole/domain-member" order="50.0" xlink:from="loc_4" xlink:to="loc_9" />
    <link:loc xlink:href="https://xbrl.ifrs.org/taxonomy/2023-03-23/ifrs_for_smes/ifrs_for_smes-cor_2023-03-23.xsd#ifrs-smes_OtherContingentLiabilitiesMember" xlink:label="loc_10" xlink:type="locator" />
    <link:definitionArc xlink:type="arc" xlink:arcrole="http://xbrl.org/int/dim/arcrole/domain-member" order="60.0" xlink:from="loc_4" xlink:to="loc_10" />
    <link:loc xlink:href="https://xbrl.ifrs.org/taxonomy/2023-03-23/ifrs_for_smes/ifrs_for_smes-cor_2023-03-23.xsd#ifrs-smes_DisclosureOfContingentLiabilitiesLineItems" xlink:label="loc_11" xlink:type="locator" />
    <link:definitionArc xlink:type="arc" xlink:arcrole="http://xbrl.org/int/dim/arcrole/domain-member" order="10.0" xlink:from="loc_1" xlink:to="loc_11" />
    <link:loc xlink:href="https://xbrl.ifrs.org/taxonomy/2023-03-23/ifrs_for_smes/ifrs_for_smes-cor_2023-03-23.xsd#ifrs-smes_DescriptionOfNatureOfObligationContingentLiabilities" xlink:label="loc_12" xlink:type="locator" />
    <link:definitionArc xlink:type="arc" xlink:arcrole="http://xbrl.org/int/dim/arcrole/domain-member" order="10.0" xlink:from="loc_11" xlink:to="loc_12" />
    <link:loc xlink:href="https://xbrl.ifrs.org/taxonomy/2023-03-23/ifrs_for_smes/ifrs_for_smes-cor_2023-03-23.xsd#ifrs-smes_ExplanationOfFinancialEffectOfContingentLiabilities" xlink:label="loc_13" xlink:type="locator" />
    <link:definitionArc xlink:type="arc" xlink:arcrole="http://xbrl.org/int/dim/arcrole/domain-member" order="20.0" xlink:from="loc_11" xlink:to="loc_13" />
    <link:loc xlink:href="https://xbrl.ifrs.org/taxonomy/2023-03-23/ifrs_for_smes/ifrs_for_smes-cor_2023-03-23.xsd#ifrs-smes_EstimatedFinancialEffectOfContingentLiabilities" xlink:label="loc_14" xlink:type="locator" />
    <link:definitionArc xlink:type="arc" xlink:arcrole="http://xbrl.org/int/dim/arcrole/domain-member" order="30.0" xlink:from="loc_11" xlink:to="loc_14" />
    <link:loc xlink:href="https://xbrl.ifrs.org/taxonomy/2023-03-23/ifrs_for_smes/ifrs_for_smes-cor_2023-03-23.xsd#ifrs-smes_ExplanationOfPossibilityOfReimbursementContingentLiabilities" xlink:label="loc_15" xlink:type="locator" />
    <link:definitionArc xlink:type="arc" xlink:arcrole="http://xbrl.org/int/dim/arcrole/domain-member" order="40.0" xlink:from="loc_11" xlink:to="loc_15" />
    <link:loc xlink:href="https://xbrl.ifrs.org/taxonomy/2023-03-23/ifrs_for_smes/ifrs_for_smes-cor_2023-03-23.xsd#ifrs-smes_IndicationOfUncertaintiesOfAmountOrTimingOfOutflowsContingentLiabilities" xlink:label="loc_16" xlink:type="locator" />
    <link:definitionArc xlink:type="arc" xlink:arcrole="http://xbrl.org/int/dim/arcrole/domain-member" order="50.0" xlink:from="loc_11" xlink:to="loc_16" />
  </link:definitionLink>
</link:linkbase>
