<?xml version="1.0" encoding="UTF-8"?>
<!--  Companies & Intellectual Property Commission  -->
<link:linkbase xmlns:link="http://www.xbrl.org/2003/linkbase" xmlns:xbrldt="http://xbrl.org/2005/xbrldt" xmlns:xlink="http://www.w3.org/1999/xlink" xmlns:xsi="http://www.w3.org/2001/XMLSchema-instance" xsi:schemaLocation="http://www.xbrl.org/2003/linkbase http://www.xbrl.org/2003/xbrl-linkbase-2003-12-31.xsd http://www.w3.org/1999/xlink http://www.xbrl.org/2003/xlink-2003-12-31.xsd">
  <link:roleRef roleURI="http://xbrl.cipc.co.za/taxonomy/role/ifrs_for_smes_role_805000" xlink:type="simple" xlink:href="../rol_ifrs-smes_2023-09-30.xsd#role_ifrs_for_smes_role_805000" />
  <link:presentationLink xlink:role="http://xbrl.cipc.co.za/taxonomy/role/ifrs_for_smes_role_805000" xlink:type="extended">
    <link:loc xlink:href="https://xbrl.ifrs.org/taxonomy/2023-03-23/ifrs_for_smes/ifrs_for_smes-cor_2023-03-23.xsd#ifrs-smes_DisclosureOfShareCapitalReservesAndOtherEquityInterestExplanatory" xlink:label="loc_1" xlink:type="locator" />
    <link:loc xlink:href="https://xbrl.ifrs.org/taxonomy/2023-03-23/ifrs_for_smes/ifrs_for_smes-cor_2023-03-23.xsd#ifrs-smes_DisclosureOfClassesOfShareCapitalExplanatory" xlink:label="loc_2" xlink:type="locator" />
    <link:presentationArc xlink:type="arc" xlink:arcrole="http://www.xbrl.org/2003/arcrole/parent-child" order="10.0" xlink:from="loc_1" xlink:to="loc_2" />
    <link:loc xlink:href="https://xbrl.ifrs.org/taxonomy/2023-03-23/ifrs_for_smes/ifrs_for_smes-cor_2023-03-23.xsd#ifrs-smes_DisclosureOfClassesOfShareCapitalAbstract" xlink:label="loc_3" xlink:type="locator" />
    <link:presentationArc xlink:type="arc" xlink:arcrole="http://www.xbrl.org/2003/arcrole/parent-child" order="10.0" xlink:from="loc_2" xlink:to="loc_3" />
    <link:loc xlink:href="https://xbrl.ifrs.org/taxonomy/2023-03-23/ifrs_for_smes/ifrs_for_smes-cor_2023-03-23.xsd#ifrs-smes_DisclosureOfClassesOfShareCapitalTable" xlink:label="loc_4" xlink:type="locator" />
    <link:presentationArc xlink:type="arc" xlink:arcrole="http://www.xbrl.org/2003/arcrole/parent-child" xlink:from="loc_3" xlink:to="loc_4" />
    <link:loc xlink:href="https://xbrl.ifrs.org/taxonomy/2023-03-23/ifrs_for_smes/ifrs_for_smes-cor_2023-03-23.xsd#ifrs-smes_ClassesOfShareCapitalAxis" xlink:label="loc_5" xlink:type="locator" />
    <link:presentationArc xlink:type="arc" xlink:arcrole="http://www.xbrl.org/2003/arcrole/parent-child" order="1.0" xlink:from="loc_4" xlink:to="loc_5" />
    <link:loc xlink:href="https://xbrl.ifrs.org/taxonomy/2023-03-23/ifrs_for_smes/ifrs_for_smes-cor_2023-03-23.xsd#ifrs-smes_ClassesOfShareCapitalMember" xlink:label="loc_6" xlink:type="locator" />
    <link:presentationArc xlink:type="arc" xlink:arcrole="http://www.xbrl.org/2003/arcrole/parent-child" order="10.0" xlink:from="loc_5" xlink:to="loc_6" />
    <link:loc xlink:href="https://xbrl.ifrs.org/taxonomy/2023-03-23/ifrs_for_smes/ifrs_for_smes-cor_2023-03-23.xsd#ifrs-smes_DisclosureOfClassesOfShareCapitalLineItems" xlink:label="loc_7" xlink:type="locator" />
    <link:presentationArc xlink:type="arc" xlink:arcrole="http://www.xbrl.org/2003/arcrole/parent-child" order="10.0" xlink:from="loc_3" xlink:to="loc_7" />
    <link:loc xlink:href="https://xbrl.ifrs.org/taxonomy/2023-03-23/ifrs_for_smes/ifrs_for_smes-cor_2023-03-23.xsd#ifrs-smes_NumberOfSharesAuthorised" xlink:label="loc_8" xlink:type="locator" />
    <link:presentationArc xlink:type="arc" xlink:arcrole="http://www.xbrl.org/2003/arcrole/parent-child" order="10.0" xlink:from="loc_7" xlink:to="loc_8" />
    <link:loc xlink:href="https://xbrl.ifrs.org/taxonomy/2023-03-23/ifrs_for_smes/ifrs_for_smes-cor_2023-03-23.xsd#ifrs-smes_NumberOfSharesIssuedAndFullyPaid" xlink:label="loc_9" xlink:type="locator" />
    <link:presentationArc xlink:type="arc" xlink:arcrole="http://www.xbrl.org/2003/arcrole/parent-child" order="20.0" xlink:from="loc_7" xlink:to="loc_9" />
    <link:loc xlink:href="https://xbrl.ifrs.org/taxonomy/2023-03-23/ifrs_for_smes/ifrs_for_smes-cor_2023-03-23.xsd#ifrs-smes_NumberOfSharesIssuedButNotFullyPaid" xlink:label="loc_10" xlink:type="locator" />
    <link:presentationArc xlink:type="arc" xlink:arcrole="http://www.xbrl.org/2003/arcrole/parent-child" order="30.0" xlink:from="loc_7" xlink:to="loc_10" />
    <link:loc xlink:href="https://xbrl.ifrs.org/taxonomy/2023-03-23/ifrs_for_smes/ifrs_for_smes-cor_2023-03-23.xsd#ifrs-smes_ParValuePerShare" xlink:label="loc_11" xlink:type="locator" />
    <link:presentationArc xlink:type="arc" xlink:arcrole="http://www.xbrl.org/2003/arcrole/parent-child" order="40.0" xlink:from="loc_7" xlink:to="loc_11" />
    <link:loc xlink:href="https://xbrl.ifrs.org/taxonomy/2023-03-23/ifrs_for_smes/ifrs_for_smes-cor_2023-03-23.xsd#ifrs-smes_ExplanationOfFactThatSharesHaveNoParValue" xlink:label="loc_12" xlink:type="locator" />
    <link:presentationArc xlink:type="arc" xlink:arcrole="http://www.xbrl.org/2003/arcrole/parent-child" order="50.0" xlink:from="loc_7" xlink:to="loc_12" />
    <link:loc xlink:href="https://xbrl.ifrs.org/taxonomy/2023-03-23/ifrs_for_smes/ifrs_for_smes-cor_2023-03-23.xsd#ifrs-smes_ReconciliationOfNumberOfSharesOutstandingAbstract" xlink:label="loc_13" xlink:type="locator" />
    <link:presentationArc xlink:type="arc" xlink:arcrole="http://www.xbrl.org/2003/arcrole/parent-child" order="60.0" xlink:from="loc_7" xlink:to="loc_13" />
    <link:loc xlink:href="https://xbrl.ifrs.org/taxonomy/2023-03-23/ifrs_for_smes/ifrs_for_smes-cor_2023-03-23.xsd#ifrs-smes_NumberOfSharesOutstanding" xlink:label="loc_14" xlink:type="locator" />
    <link:presentationArc xlink:type="arc" xlink:arcrole="http://www.xbrl.org/2003/arcrole/parent-child" order="10.0" xlink:from="loc_13" xlink:to="loc_14" preferredLabel="http://www.xbrl.org/2003/role/periodStartLabel" />
    <link:loc xlink:href="https://xbrl.ifrs.org/taxonomy/2023-03-23/ifrs_for_smes/ifrs_for_smes-cor_2023-03-23.xsd#ifrs-smes_ChangesInNumberOfSharesOutstandingAbstract" xlink:label="loc_15" xlink:type="locator" />
    <link:presentationArc xlink:type="arc" xlink:arcrole="http://www.xbrl.org/2003/arcrole/parent-child" order="20.0" xlink:from="loc_13" xlink:to="loc_15" />
    <link:loc xlink:href="https://xbrl.ifrs.org/taxonomy/2023-03-23/ifrs_for_smes/ifrs_for_smes-cor_2023-03-23.xsd#ifrs-smes_IncreaseDecreaseInNumberOfSharesOutstanding" xlink:label="loc_16" xlink:type="locator" />
    <link:presentationArc xlink:type="arc" xlink:arcrole="http://www.xbrl.org/2003/arcrole/parent-child" order="10.0" xlink:from="loc_15" xlink:to="loc_16" preferredLabel="http://www.xbrl.org/2003/role/totalLabel" />
    <link:loc xlink:href="https://xbrl.ifrs.org/taxonomy/2023-03-23/ifrs_for_smes/ifrs_for_smes-cor_2023-03-23.xsd#ifrs-smes_NumberOfSharesOutstanding" xlink:label="loc_17" xlink:type="locator" />
    <link:presentationArc xlink:type="arc" xlink:arcrole="http://www.xbrl.org/2003/arcrole/parent-child" order="30.0" xlink:from="loc_13" xlink:to="loc_17" preferredLabel="http://www.xbrl.org/2003/role/periodEndLabel" />
    <link:loc xlink:href="https://xbrl.ifrs.org/taxonomy/2023-03-23/ifrs_for_smes/ifrs_for_smes-cor_2023-03-23.xsd#ifrs-smes_RightsPreferencesAndRestrictionsAttachingToClassOfShareCapital" xlink:label="loc_18" xlink:type="locator" />
    <link:presentationArc xlink:type="arc" xlink:arcrole="http://www.xbrl.org/2003/arcrole/parent-child" order="70.0" xlink:from="loc_7" xlink:to="loc_18" />
    <link:loc xlink:href="https://xbrl.ifrs.org/taxonomy/2023-03-23/ifrs_for_smes/ifrs_for_smes-cor_2023-03-23.xsd#ifrs-smes_SharesInEntityHeldByEntityOrByItsSubsidiariesOrAssociates" xlink:label="loc_19" xlink:type="locator" />
    <link:presentationArc xlink:type="arc" xlink:arcrole="http://www.xbrl.org/2003/arcrole/parent-child" order="80.0" xlink:from="loc_7" xlink:to="loc_19" />
    <link:loc xlink:href="https://xbrl.ifrs.org/taxonomy/2023-03-23/ifrs_for_smes/ifrs_for_smes-cor_2023-03-23.xsd#ifrs-smes_SharesReservedForIssueUnderOptionsAndContractsForSaleOfShares" xlink:label="loc_20" xlink:type="locator" />
    <link:presentationArc xlink:type="arc" xlink:arcrole="http://www.xbrl.org/2003/arcrole/parent-child" order="90.0" xlink:from="loc_7" xlink:to="loc_20" />
    <link:loc xlink:href="https://xbrl.ifrs.org/taxonomy/2023-03-23/ifrs_for_smes/ifrs_for_smes-cor_2023-03-23.xsd#ifrs-smes_DescriptionOfTermsOfSharesReservedForIssueUnderOptionsAndContractsForSaleOfShares" xlink:label="loc_21" xlink:type="locator" />
    <link:presentationArc xlink:type="arc" xlink:arcrole="http://www.xbrl.org/2003/arcrole/parent-child" order="100.0" xlink:from="loc_7" xlink:to="loc_21" />
    <link:loc xlink:href="https://xbrl.ifrs.org/taxonomy/2023-03-23/ifrs_for_smes/ifrs_for_smes-cor_2023-03-23.xsd#ifrs-smes_DisclosureOfReservesAndOtherEquityInterestExplanatory" xlink:label="loc_22" xlink:type="locator" />
    <link:presentationArc xlink:type="arc" xlink:arcrole="http://www.xbrl.org/2003/arcrole/parent-child" order="20.0" xlink:from="loc_1" xlink:to="loc_22" />
    <link:loc xlink:href="https://xbrl.ifrs.org/taxonomy/2023-03-23/ifrs_for_smes/ifrs_for_smes-cor_2023-03-23.xsd#ifrs-smes_DisclosureOfReservesWithinEquityAbstract" xlink:label="loc_23" xlink:type="locator" />
    <link:presentationArc xlink:type="arc" xlink:arcrole="http://www.xbrl.org/2003/arcrole/parent-child" order="10.0" xlink:from="loc_22" xlink:to="loc_23" />
    <link:loc xlink:href="https://xbrl.ifrs.org/taxonomy/2023-03-23/ifrs_for_smes/ifrs_for_smes-cor_2023-03-23.xsd#ifrs-smes_DisclosureOfReservesWithinEquityTable" xlink:label="loc_24" xlink:type="locator" />
    <link:presentationArc xlink:type="arc" xlink:arcrole="http://www.xbrl.org/2003/arcrole/parent-child" xlink:from="loc_23" xlink:to="loc_24" />
    <link:loc xlink:href="https://xbrl.ifrs.org/taxonomy/2023-03-23/ifrs_for_smes/ifrs_for_smes-cor_2023-03-23.xsd#ifrs-smes_ReservesWithinEquityAxis" xlink:label="loc_25" xlink:type="locator" />
    <link:presentationArc xlink:type="arc" xlink:arcrole="http://www.xbrl.org/2003/arcrole/parent-child" order="1.0" xlink:from="loc_24" xlink:to="loc_25" />
    <link:loc xlink:href="https://xbrl.ifrs.org/taxonomy/2023-03-23/ifrs_for_smes/ifrs_for_smes-cor_2023-03-23.xsd#ifrs-smes_OtherReservesMember" xlink:label="loc_26" xlink:type="locator" />
    <link:presentationArc xlink:type="arc" xlink:arcrole="http://www.xbrl.org/2003/arcrole/parent-child" order="10.0" xlink:from="loc_25" xlink:to="loc_26" />
    <link:loc xlink:href="https://xbrl.ifrs.org/taxonomy/2023-03-23/ifrs_for_smes/ifrs_for_smes-cor_2023-03-23.xsd#ifrs-smes_ReserveOfExchangeDifferencesOnTranslationMember" xlink:label="loc_27" xlink:type="locator" />
    <link:presentationArc xlink:type="arc" xlink:arcrole="http://www.xbrl.org/2003/arcrole/parent-child" order="10.0" xlink:from="loc_26" xlink:to="loc_27" />
    <link:loc xlink:href="https://xbrl.ifrs.org/taxonomy/2023-03-23/ifrs_for_smes/ifrs_for_smes-cor_2023-03-23.xsd#ifrs-smes_ReserveOfCashFlowHedgesMember" xlink:label="loc_28" xlink:type="locator" />
    <link:presentationArc xlink:type="arc" xlink:arcrole="http://www.xbrl.org/2003/arcrole/parent-child" order="20.0" xlink:from="loc_26" xlink:to="loc_28" />
    <link:loc xlink:href="https://xbrl.ifrs.org/taxonomy/2023-03-23/ifrs_for_smes/ifrs_for_smes-cor_2023-03-23.xsd#ifrs-smes_RevaluationSurplusMember" xlink:label="loc_29" xlink:type="locator" />
    <link:presentationArc xlink:type="arc" xlink:arcrole="http://www.xbrl.org/2003/arcrole/parent-child" order="30.0" xlink:from="loc_26" xlink:to="loc_29" />
    <link:loc xlink:href="https://xbrl.ifrs.org/taxonomy/2023-03-23/ifrs_for_smes/ifrs_for_smes-cor_2023-03-23.xsd#ifrs-smes_DisclosureOfReservesWithinEquityLineItems" xlink:label="loc_30" xlink:type="locator" />
    <link:presentationArc xlink:type="arc" xlink:arcrole="http://www.xbrl.org/2003/arcrole/parent-child" order="10.0" xlink:from="loc_23" xlink:to="loc_30" />
    <link:loc xlink:href="https://xbrl.ifrs.org/taxonomy/2023-03-23/ifrs_for_smes/ifrs_for_smes-cor_2023-03-23.xsd#ifrs-smes_DescriptionOfNatureAndPurposeOfReservesWithinEquity" xlink:label="loc_31" xlink:type="locator" />
    <link:presentationArc xlink:type="arc" xlink:arcrole="http://www.xbrl.org/2003/arcrole/parent-child" order="10.0" xlink:from="loc_30" xlink:to="loc_31" />
    <link:loc xlink:href="https://xbrl.ifrs.org/taxonomy/2023-03-23/ifrs_for_smes/ifrs_for_smes-cor_2023-03-23.xsd#ifrs-smes_DescriptionOfOtherEquityInterest" xlink:label="loc_32" xlink:type="locator" />
    <link:presentationArc xlink:type="arc" xlink:arcrole="http://www.xbrl.org/2003/arcrole/parent-child" order="30.0" xlink:from="loc_1" xlink:to="loc_32" />
  </link:presentationLink>
</link:linkbase>
