<?xml version="1.0" encoding="UTF-8"?>
<!--  Companies & Intellectual Property Commission  -->
<link:linkbase xmlns:link="http://www.xbrl.org/2003/linkbase" xmlns:xbrldt="http://xbrl.org/2005/xbrldt" xmlns:xlink="http://www.w3.org/1999/xlink" xmlns:xsi="http://www.w3.org/2001/XMLSchema-instance" xsi:schemaLocation="http://www.xbrl.org/2003/linkbase http://www.xbrl.org/2003/xbrl-linkbase-2003-12-31.xsd http://www.w3.org/1999/xlink http://www.xbrl.org/2003/xlink-2003-12-31.xsd">
  <link:roleRef roleURI="http://xbrl.cipc.co.za/taxonomy/role/ifrs_for_smes_role_803300" xlink:type="simple" xlink:href="../rol_ifrs-smes_2023-09-30.xsd#role_ifrs_for_smes_role_803300" />
  <link:presentationLink xlink:role="http://xbrl.cipc.co.za/taxonomy/role/ifrs_for_smes_role_803300" xlink:type="extended">
    <link:loc xlink:href="https://xbrl.ifrs.org/taxonomy/2023-03-23/ifrs_for_smes/ifrs_for_smes-cor_2023-03-23.xsd#ifrs-smes_DisclosureOfGovernmentGrantsExplanatory" xlink:label="loc_1" xlink:type="locator" />
    <link:loc xlink:href="https://xbrl.ifrs.org/taxonomy/2023-03-23/ifrs_for_smes/ifrs_for_smes-cor_2023-03-23.xsd#ifrs-smes_DescriptionOfNatureAndExtentOfGovernmentGrantsRecognisedInFinancialStatements" xlink:label="loc_2" xlink:type="locator" />
    <link:presentationArc xlink:type="arc" xlink:arcrole="http://www.xbrl.org/2003/arcrole/parent-child" order="10.0" xlink:from="loc_1" xlink:to="loc_2" />
    <link:loc xlink:href="https://xbrl.ifrs.org/taxonomy/2023-03-23/ifrs_for_smes/ifrs_for_smes-cor_2023-03-23.xsd#ifrs-smes_GovernmentGrants" xlink:label="loc_3" xlink:type="locator" />
    <link:presentationArc xlink:type="arc" xlink:arcrole="http://www.xbrl.org/2003/arcrole/parent-child" order="20.0" xlink:from="loc_1" xlink:to="loc_3" />
    <link:loc xlink:href="https://xbrl.ifrs.org/taxonomy/2023-03-23/ifrs_for_smes/ifrs_for_smes-cor_2023-03-23.xsd#ifrs-smes_RevenueFromGovernmentGrants" xlink:label="loc_4" xlink:type="locator" />
    <link:presentationArc xlink:type="arc" xlink:arcrole="http://www.xbrl.org/2003/arcrole/parent-child" order="30.0" xlink:from="loc_1" xlink:to="loc_4" />
    <link:loc xlink:href="https://xbrl.ifrs.org/taxonomy/2023-03-23/ifrs_for_smes/ifrs_for_smes-cor_2023-03-23.xsd#ifrs-smes_IndicationOfOtherFormsOfGovernmentAssistanceWithDirectBenefitsForEntity" xlink:label="loc_5" xlink:type="locator" />
    <link:presentationArc xlink:type="arc" xlink:arcrole="http://www.xbrl.org/2003/arcrole/parent-child" order="40.0" xlink:from="loc_1" xlink:to="loc_5" />
    <link:loc xlink:href="https://xbrl.ifrs.org/taxonomy/2023-03-23/ifrs_for_smes/ifrs_for_smes-cor_2023-03-23.xsd#ifrs-smes_ExplanationOfUnfulfilledConditionsAndOtherContingenciesAttachingToGovernmentAssistance" xlink:label="loc_6" xlink:type="locator" />
    <link:presentationArc xlink:type="arc" xlink:arcrole="http://www.xbrl.org/2003/arcrole/parent-child" order="50.0" xlink:from="loc_1" xlink:to="loc_6" />
  </link:presentationLink>
</link:linkbase>
