<?xml version="1.0" encoding="UTF-8"?>
<!--  Companies & Intellectual Property Commission  -->
<link:linkbase xmlns:link="http://www.xbrl.org/2003/linkbase" xmlns:xbrldt="http://xbrl.org/2005/xbrldt" xmlns:xlink="http://www.w3.org/1999/xlink" xmlns:xsi="http://www.w3.org/2001/XMLSchema-instance" xsi:schemaLocation="http://www.xbrl.org/2003/linkbase http://www.xbrl.org/2003/xbrl-linkbase-2003-12-31.xsd http://www.w3.org/1999/xlink http://www.xbrl.org/2003/xlink-2003-12-31.xsd">
  <link:roleRef roleURI="http://xbrl.cipc.co.za/taxonomy/role/grap_role_510000" xlink:type="simple" xlink:href="../rol_cipc-grap_2023-09-30.xsd#role_grap_role_510000" />
  <link:calculationLink xlink:role="http://xbrl.cipc.co.za/taxonomy/role/grap_role_510000" xlink:type="extended">
    <link:loc xlink:href="https://xbrl.ifrs.org/taxonomy/2023-03-23/full_ifrs/full_ifrs-cor_2023-03-23.xsd#ifrs-full_CashFlowsFromUsedInFinancingActivities" xlink:label="loc_1" xlink:type="locator" />
    <link:loc xlink:href="../../../../def/grap/grap-cor_2023-09-30.xsd#grap_IncreaseDecreaseLoansPayable" xlink:label="loc_2" xlink:type="locator" />
    <link:calculationArc xlink:type="arc" xlink:arcrole="http://www.xbrl.org/2003/arcrole/summation-item" order="41.0" xlink:from="loc_1" xlink:to="loc_2" weight="-1.0" />
    <link:loc xlink:href="../../../../def/grap/grap-cor_2023-09-30.xsd#grap_IncreaseDecreaseLoansReceivable" xlink:label="loc_3" xlink:type="locator" />
    <link:calculationArc xlink:type="arc" xlink:arcrole="http://www.xbrl.org/2003/arcrole/summation-item" order="40.0" xlink:from="loc_1" xlink:to="loc_3" weight="-1.0" />
    <link:loc xlink:href="../../../../def/grap/grap-cor_2023-09-30.xsd#grap_IncreaseDecreaseImpairments" xlink:label="loc_4" xlink:type="locator" />
    <link:calculationArc xlink:type="arc" xlink:arcrole="http://www.xbrl.org/2003/arcrole/summation-item" order="39.0" xlink:from="loc_1" xlink:to="loc_4" weight="-1.0" />
    <link:loc xlink:href="../../../../def/grap/grap-cor_2023-09-30.xsd#grap_LoansRepayments" xlink:label="loc_5" xlink:type="locator" />
    <link:calculationArc xlink:type="arc" xlink:arcrole="http://www.xbrl.org/2003/arcrole/summation-item" order="38.0" xlink:from="loc_1" xlink:to="loc_5" weight="-1.0" />
    <link:loc xlink:href="../../../../def/grap/grap-cor_2023-09-30.xsd#grap_LoansAdvances" xlink:label="loc_6" xlink:type="locator" />
    <link:calculationArc xlink:type="arc" xlink:arcrole="http://www.xbrl.org/2003/arcrole/summation-item" order="37.0" xlink:from="loc_1" xlink:to="loc_6" weight="-1.0" />
    <link:loc xlink:href="https://xbrl.ifrs.org/taxonomy/2023-03-23/full_ifrs/full_ifrs-cor_2023-03-23.xsd#ifrs-full_OtherInflowsOutflowsOfCashClassifiedAsFinancingActivities" xlink:label="loc_7" xlink:type="locator" />
    <link:calculationArc xlink:type="arc" xlink:arcrole="http://www.xbrl.org/2003/arcrole/summation-item" order="36.0" xlink:from="loc_1" xlink:to="loc_7" weight="1.0" />
    <link:loc xlink:href="https://xbrl.ifrs.org/taxonomy/2023-03-23/full_ifrs/full_ifrs-cor_2023-03-23.xsd#ifrs-full_IncomeTaxesPaidRefundClassifiedAsFinancingActivities" xlink:label="loc_8" xlink:type="locator" />
    <link:calculationArc xlink:type="arc" xlink:arcrole="http://www.xbrl.org/2003/arcrole/summation-item" order="35.0" xlink:from="loc_1" xlink:to="loc_8" weight="-1.0" />
    <link:loc xlink:href="https://xbrl.ifrs.org/taxonomy/2023-03-23/full_ifrs/full_ifrs-cor_2023-03-23.xsd#ifrs-full_InterestPaidClassifiedAsFinancingActivities" xlink:label="loc_9" xlink:type="locator" />
    <link:calculationArc xlink:type="arc" xlink:arcrole="http://www.xbrl.org/2003/arcrole/summation-item" order="34.0" xlink:from="loc_1" xlink:to="loc_9" weight="-1.0" />
    <link:loc xlink:href="https://xbrl.ifrs.org/taxonomy/2023-03-23/full_ifrs/full_ifrs-cor_2023-03-23.xsd#ifrs-full_DividendsPaidClassifiedAsFinancingActivities" xlink:label="loc_10" xlink:type="locator" />
    <link:calculationArc xlink:type="arc" xlink:arcrole="http://www.xbrl.org/2003/arcrole/summation-item" order="33.0" xlink:from="loc_1" xlink:to="loc_10" weight="-1.0" />
    <link:loc xlink:href="../../../../def/grap/grap-cor_2023-09-30.xsd#grap_ProceedsFromCapitalGrantsClassifiedAsFinancingActivities" xlink:label="loc_11" xlink:type="locator" />
    <link:calculationArc xlink:type="arc" xlink:arcrole="http://www.xbrl.org/2003/arcrole/summation-item" order="32.0" xlink:from="loc_1" xlink:to="loc_11" weight="1.0" />
    <link:loc xlink:href="https://xbrl.ifrs.org/taxonomy/2023-03-23/full_ifrs/full_ifrs-cor_2023-03-23.xsd#ifrs-full_ProceedsFromGovernmentGrantsClassifiedAsFinancingActivities" xlink:label="loc_12" xlink:type="locator" />
    <link:calculationArc xlink:type="arc" xlink:arcrole="http://www.xbrl.org/2003/arcrole/summation-item" order="31.0" xlink:from="loc_1" xlink:to="loc_12" weight="1.0" />
    <link:loc xlink:href="https://xbrl.ifrs.org/taxonomy/2023-03-23/full_ifrs/full_ifrs-cor_2023-03-23.xsd#ifrs-full_PaymentsOfLeaseLiabilitiesClassifiedAsFinancingActivities" xlink:label="loc_13" xlink:type="locator" />
    <link:calculationArc xlink:type="arc" xlink:arcrole="http://www.xbrl.org/2003/arcrole/summation-item" order="30.0" xlink:from="loc_1" xlink:to="loc_13" weight="-1.0" />
    <link:loc xlink:href="../../../../def/grap/grap-cor_2023-09-30.xsd#grap_LoanRepaymentsClassifiedAsFinancingActivities" xlink:label="loc_14" xlink:type="locator" />
    <link:calculationArc xlink:type="arc" xlink:arcrole="http://www.xbrl.org/2003/arcrole/summation-item" order="29.0" xlink:from="loc_1" xlink:to="loc_14" weight="1.0" />
    <link:loc xlink:href="https://xbrl.ifrs.org/taxonomy/2023-03-23/full_ifrs/full_ifrs-cor_2023-03-23.xsd#ifrs-full_RepaymentsOfBorrowingsClassifiedAsFinancingActivities" xlink:label="loc_15" xlink:type="locator" />
    <link:calculationArc xlink:type="arc" xlink:arcrole="http://www.xbrl.org/2003/arcrole/summation-item" order="28.0" xlink:from="loc_1" xlink:to="loc_15" weight="-1.0" />
    <link:loc xlink:href="../../../../def/ca/cipc_ca-cor_2023-09-30.xsd#cipc-ca_EquityTransactionsWithNoncontrollingInterests" xlink:label="loc_16" xlink:type="locator" />
    <link:calculationArc xlink:type="arc" xlink:arcrole="http://www.xbrl.org/2003/arcrole/summation-item" order="27.0" xlink:from="loc_1" xlink:to="loc_16" weight="1.0" />
    <link:loc xlink:href="../../../../def/ca/cipc_ca-cor_2023-09-30.xsd#cipc-ca_SettlementOfBEETransaction" xlink:label="loc_17" xlink:type="locator" />
    <link:calculationArc xlink:type="arc" xlink:arcrole="http://www.xbrl.org/2003/arcrole/summation-item" order="26.0" xlink:from="loc_1" xlink:to="loc_17" weight="-1.0" />
    <link:loc xlink:href="../../../../def/ca/cipc_ca-cor_2023-09-30.xsd#cipc-ca_RedemptionOfSubordinatedDebt" xlink:label="loc_18" xlink:type="locator" />
    <link:calculationArc xlink:type="arc" xlink:arcrole="http://www.xbrl.org/2003/arcrole/summation-item" order="25.0" xlink:from="loc_1" xlink:to="loc_18" weight="-1.0" />
    <link:loc xlink:href="../../../../def/ca/cipc_ca-cor_2023-09-30.xsd#cipc-ca_IssuanceOfSubordinatedDebt" xlink:label="loc_19" xlink:type="locator" />
    <link:calculationArc xlink:type="arc" xlink:arcrole="http://www.xbrl.org/2003/arcrole/summation-item" order="24.0" xlink:from="loc_1" xlink:to="loc_19" weight="1.0" />
    <link:loc xlink:href="https://xbrl.ifrs.org/taxonomy/2023-03-23/full_ifrs/full_ifrs-cor_2023-03-23.xsd#ifrs-full_ProceedsFromBorrowingsClassifiedAsFinancingActivities" xlink:label="loc_20" xlink:type="locator" />
    <link:calculationArc xlink:type="arc" xlink:arcrole="http://www.xbrl.org/2003/arcrole/summation-item" order="23.0" xlink:from="loc_1" xlink:to="loc_20" weight="1.0" />
    <link:loc xlink:href="https://xbrl.ifrs.org/taxonomy/2023-03-23/full_ifrs/full_ifrs-cor_2023-03-23.xsd#ifrs-full_PaymentsOfOtherEquityInstruments" xlink:label="loc_21" xlink:type="locator" />
    <link:calculationArc xlink:type="arc" xlink:arcrole="http://www.xbrl.org/2003/arcrole/summation-item" order="22.0" xlink:from="loc_1" xlink:to="loc_21" weight="-1.0" />
    <link:loc xlink:href="https://xbrl.ifrs.org/taxonomy/2023-03-23/full_ifrs/full_ifrs-cor_2023-03-23.xsd#ifrs-full_PaymentsToAcquireOrRedeemEntitysShares" xlink:label="loc_22" xlink:type="locator" />
    <link:calculationArc xlink:type="arc" xlink:arcrole="http://www.xbrl.org/2003/arcrole/summation-item" order="21.0" xlink:from="loc_1" xlink:to="loc_22" weight="-1.0" />
    <link:loc xlink:href="https://xbrl.ifrs.org/taxonomy/2023-03-23/full_ifrs/full_ifrs-cor_2023-03-23.xsd#ifrs-full_ProceedsFromIssuingOtherEquityInstruments" xlink:label="loc_23" xlink:type="locator" />
    <link:calculationArc xlink:type="arc" xlink:arcrole="http://www.xbrl.org/2003/arcrole/summation-item" order="20.0" xlink:from="loc_1" xlink:to="loc_23" weight="1.0" />
    <link:loc xlink:href="https://xbrl.ifrs.org/taxonomy/2023-03-23/full_ifrs/full_ifrs-cor_2023-03-23.xsd#ifrs-full_ProceedsFromIssuingShares" xlink:label="loc_24" xlink:type="locator" />
    <link:calculationArc xlink:type="arc" xlink:arcrole="http://www.xbrl.org/2003/arcrole/summation-item" order="19.0" xlink:from="loc_1" xlink:to="loc_24" weight="1.0" />
    <link:loc xlink:href="https://xbrl.ifrs.org/taxonomy/2023-03-23/full_ifrs/full_ifrs-cor_2023-03-23.xsd#ifrs-full_PaymentsFromChangesInOwnershipInterestsInSubsidiaries" xlink:label="loc_25" xlink:type="locator" />
    <link:calculationArc xlink:type="arc" xlink:arcrole="http://www.xbrl.org/2003/arcrole/summation-item" order="18.0" xlink:from="loc_1" xlink:to="loc_25" weight="-1.0" />
    <link:loc xlink:href="https://xbrl.ifrs.org/taxonomy/2023-03-23/full_ifrs/full_ifrs-cor_2023-03-23.xsd#ifrs-full_ProceedsFromChangesInOwnershipInterestsInSubsidiaries" xlink:label="loc_26" xlink:type="locator" />
    <link:calculationArc xlink:type="arc" xlink:arcrole="http://www.xbrl.org/2003/arcrole/summation-item" order="17.0" xlink:from="loc_1" xlink:to="loc_26" weight="1.0" />
    <link:loc xlink:href="../../../../def/ca/cipc_ca-cor_2023-09-30.xsd#cipc-ca_RepaymentOfFinanceSourcedFromRelatedParties" xlink:label="loc_27" xlink:type="locator" />
    <link:calculationArc xlink:type="arc" xlink:arcrole="http://www.xbrl.org/2003/arcrole/summation-item" order="15.0" xlink:from="loc_1" xlink:to="loc_27" weight="-1.0" />
    <link:loc xlink:href="../../../../def/ca/cipc_ca-cor_2023-09-30.xsd#cipc-ca_IncreaseInFinanceSourcedFromRelatedParties" xlink:label="loc_28" xlink:type="locator" />
    <link:calculationArc xlink:type="arc" xlink:arcrole="http://www.xbrl.org/2003/arcrole/summation-item" order="13.0" xlink:from="loc_1" xlink:to="loc_28" weight="1.0" />
    <link:loc xlink:href="../../../../def/grap/grap-cor_2023-09-30.xsd#grap_RepaymentOfLongTermBorrowings" xlink:label="loc_29" xlink:type="locator" />
    <link:calculationArc xlink:type="arc" xlink:arcrole="http://www.xbrl.org/2003/arcrole/summation-item" order="13.0" xlink:from="loc_1" xlink:to="loc_29" weight="-1.0" />
    <link:loc xlink:href="../../../../def/grap/grap-cor_2023-09-30.xsd#grap_MovementInLoansFromEconomicEntities" xlink:label="loc_30" xlink:type="locator" />
    <link:calculationArc xlink:type="arc" xlink:arcrole="http://www.xbrl.org/2003/arcrole/summation-item" order="13.0" xlink:from="loc_1" xlink:to="loc_30" weight="1.0" />
    <link:loc xlink:href="../../../../def/grap/grap-cor_2023-09-30.xsd#grap_NetFinanceLeasePayments" xlink:label="loc_31" xlink:type="locator" />
    <link:calculationArc xlink:type="arc" xlink:arcrole="http://www.xbrl.org/2003/arcrole/summation-item" order="13.0" xlink:from="loc_1" xlink:to="loc_31" weight="-1.0" />
    <link:loc xlink:href="../../../../def/grap/grap-cor_2023-09-30.xsd#grap_LoansFromEconomicEntities" xlink:label="loc_32" xlink:type="locator" />
    <link:calculationArc xlink:type="arc" xlink:arcrole="http://www.xbrl.org/2003/arcrole/summation-item" order="11.0" xlink:from="loc_1" xlink:to="loc_32" weight="1.0" />
    <link:loc xlink:href="../../../../def/grap/grap-cor_2023-09-30.xsd#grap_LoansDisbursementsForContructionProjects" xlink:label="loc_33" xlink:type="locator" />
    <link:calculationArc xlink:type="arc" xlink:arcrole="http://www.xbrl.org/2003/arcrole/summation-item" order="4.0" xlink:from="loc_1" xlink:to="loc_33" weight="-1.0" />
    <link:loc xlink:href="../../../../def/grap/grap-cor_2023-09-30.xsd#grap_LoanRepaymentsToNHFC" xlink:label="loc_34" xlink:type="locator" />
    <link:calculationArc xlink:type="arc" xlink:arcrole="http://www.xbrl.org/2003/arcrole/summation-item" order="4.0" xlink:from="loc_1" xlink:to="loc_34" weight="-1.0" />
    <link:loc xlink:href="../../../../def/grap/grap-cor_2023-09-30.xsd#grap_CapitalGrantsReceived" xlink:label="loc_35" xlink:type="locator" />
    <link:calculationArc xlink:type="arc" xlink:arcrole="http://www.xbrl.org/2003/arcrole/summation-item" order="3.0" xlink:from="loc_1" xlink:to="loc_35" weight="1.0" />
    <link:loc xlink:href="../../../../def/grap/grap-cor_2023-09-30.xsd#grap_IncreaseDecreaseInLoansPayable" xlink:label="loc_36" xlink:type="locator" />
    <link:calculationArc xlink:type="arc" xlink:arcrole="http://www.xbrl.org/2003/arcrole/summation-item" order="2.0" xlink:from="loc_1" xlink:to="loc_36" weight="1.0" />
    <link:loc xlink:href="../../../../def/grap/grap-cor_2023-09-30.xsd#grap_IncreaseInPICLoan" xlink:label="loc_37" xlink:type="locator" />
    <link:calculationArc xlink:type="arc" xlink:arcrole="http://www.xbrl.org/2003/arcrole/summation-item" order="1.0" xlink:from="loc_1" xlink:to="loc_37" weight="1.0" />
    <link:loc xlink:href="https://xbrl.ifrs.org/taxonomy/2023-03-23/full_ifrs/full_ifrs-cor_2023-03-23.xsd#ifrs-full_CashFlowsFromUsedInInvestingActivities" xlink:label="loc_38" xlink:type="locator" />
    <link:loc xlink:href="https://xbrl.ifrs.org/taxonomy/2023-03-23/full_ifrs/full_ifrs-cor_2023-03-23.xsd#ifrs-full_OtherInflowsOutflowsOfCashClassifiedAsInvestingActivities" xlink:label="loc_39" xlink:type="locator" />
    <link:calculationArc xlink:type="arc" xlink:arcrole="http://www.xbrl.org/2003/arcrole/summation-item" order="39.0" xlink:from="loc_38" xlink:to="loc_39" weight="1.0" />
    <link:loc xlink:href="https://xbrl.ifrs.org/taxonomy/2023-03-23/full_ifrs/full_ifrs-cor_2023-03-23.xsd#ifrs-full_IncomeTaxesPaidRefundClassifiedAsInvestingActivities" xlink:label="loc_40" xlink:type="locator" />
    <link:calculationArc xlink:type="arc" xlink:arcrole="http://www.xbrl.org/2003/arcrole/summation-item" order="38.0" xlink:from="loc_38" xlink:to="loc_40" weight="-1.0" />
    <link:loc xlink:href="https://xbrl.ifrs.org/taxonomy/2023-03-23/full_ifrs/full_ifrs-cor_2023-03-23.xsd#ifrs-full_InterestReceivedClassifiedAsInvestingActivities" xlink:label="loc_41" xlink:type="locator" />
    <link:calculationArc xlink:type="arc" xlink:arcrole="http://www.xbrl.org/2003/arcrole/summation-item" order="37.0" xlink:from="loc_38" xlink:to="loc_41" weight="1.0" />
    <link:loc xlink:href="https://xbrl.ifrs.org/taxonomy/2023-03-23/full_ifrs/full_ifrs-cor_2023-03-23.xsd#ifrs-full_InterestPaidClassifiedAsInvestingActivities" xlink:label="loc_42" xlink:type="locator" />
    <link:calculationArc xlink:type="arc" xlink:arcrole="http://www.xbrl.org/2003/arcrole/summation-item" order="36.0" xlink:from="loc_38" xlink:to="loc_42" weight="-1.0" />
    <link:loc xlink:href="https://xbrl.ifrs.org/taxonomy/2023-03-23/full_ifrs/full_ifrs-cor_2023-03-23.xsd#ifrs-full_DividendsReceivedClassifiedAsInvestingActivities" xlink:label="loc_43" xlink:type="locator" />
    <link:calculationArc xlink:type="arc" xlink:arcrole="http://www.xbrl.org/2003/arcrole/summation-item" order="35.0" xlink:from="loc_38" xlink:to="loc_43" weight="1.0" />
    <link:loc xlink:href="https://xbrl.ifrs.org/taxonomy/2023-03-23/full_ifrs/full_ifrs-cor_2023-03-23.xsd#ifrs-full_CashReceiptsFromFutureContractsForwardContractsOptionContractsAndSwapContractsClassifiedAsInvestingActivities" xlink:label="loc_44" xlink:type="locator" />
    <link:calculationArc xlink:type="arc" xlink:arcrole="http://www.xbrl.org/2003/arcrole/summation-item" order="34.0" xlink:from="loc_38" xlink:to="loc_44" weight="1.0" />
    <link:loc xlink:href="https://xbrl.ifrs.org/taxonomy/2023-03-23/full_ifrs/full_ifrs-cor_2023-03-23.xsd#ifrs-full_CashPaymentsForFutureContractsForwardContractsOptionContractsAndSwapContractsClassifiedAsInvestingActivities" xlink:label="loc_45" xlink:type="locator" />
    <link:calculationArc xlink:type="arc" xlink:arcrole="http://www.xbrl.org/2003/arcrole/summation-item" order="33.0" xlink:from="loc_38" xlink:to="loc_45" weight="-1.0" />
    <link:loc xlink:href="../../../../def/ca/cipc_ca-cor_2023-09-30.xsd#cipc-ca_RepaymentsToRelatedParties" xlink:label="loc_46" xlink:type="locator" />
    <link:calculationArc xlink:type="arc" xlink:arcrole="http://www.xbrl.org/2003/arcrole/summation-item" order="32.0" xlink:from="loc_38" xlink:to="loc_46" weight="-1.0" />
    <link:loc xlink:href="../../../../def/ca/cipc_ca-cor_2023-09-30.xsd#cipc-ca_RepaymentsByRelatedParties" xlink:label="loc_47" xlink:type="locator" />
    <link:calculationArc xlink:type="arc" xlink:arcrole="http://www.xbrl.org/2003/arcrole/summation-item" order="31.0" xlink:from="loc_38" xlink:to="loc_47" weight="1.0" />
    <link:loc xlink:href="https://xbrl.ifrs.org/taxonomy/2023-03-23/full_ifrs/full_ifrs-cor_2023-03-23.xsd#ifrs-full_CashReceiptsFromRepaymentOfAdvancesAndLoansMadeToOtherPartiesClassifiedAsInvestingActivities" xlink:label="loc_48" xlink:type="locator" />
    <link:calculationArc xlink:type="arc" xlink:arcrole="http://www.xbrl.org/2003/arcrole/summation-item" order="30.0" xlink:from="loc_38" xlink:to="loc_48" weight="1.0" />
    <link:loc xlink:href="https://xbrl.ifrs.org/taxonomy/2023-03-23/full_ifrs/full_ifrs-cor_2023-03-23.xsd#ifrs-full_CashAdvancesAndLoansMadeToOtherPartiesClassifiedAsInvestingActivities" xlink:label="loc_49" xlink:type="locator" />
    <link:calculationArc xlink:type="arc" xlink:arcrole="http://www.xbrl.org/2003/arcrole/summation-item" order="29.0" xlink:from="loc_38" xlink:to="loc_49" weight="-1.0" />
    <link:loc xlink:href="https://xbrl.ifrs.org/taxonomy/2023-03-23/full_ifrs/full_ifrs-cor_2023-03-23.xsd#ifrs-full_ProceedsFromGovernmentGrantsClassifiedAsInvestingActivities" xlink:label="loc_50" xlink:type="locator" />
    <link:calculationArc xlink:type="arc" xlink:arcrole="http://www.xbrl.org/2003/arcrole/summation-item" order="28.0" xlink:from="loc_38" xlink:to="loc_50" weight="1.0" />
    <link:loc xlink:href="https://xbrl.ifrs.org/taxonomy/2023-03-23/full_ifrs/full_ifrs-cor_2023-03-23.xsd#ifrs-full_PurchaseOfOtherLongtermAssetsClassifiedAsInvestingActivities" xlink:label="loc_51" xlink:type="locator" />
    <link:calculationArc xlink:type="arc" xlink:arcrole="http://www.xbrl.org/2003/arcrole/summation-item" order="27.0" xlink:from="loc_38" xlink:to="loc_51" weight="-1.0" />
    <link:loc xlink:href="https://xbrl.ifrs.org/taxonomy/2023-03-23/full_ifrs/full_ifrs-cor_2023-03-23.xsd#ifrs-full_ProceedsFromOtherLongtermAssetsClassifiedAsInvestingActivities" xlink:label="loc_52" xlink:type="locator" />
    <link:calculationArc xlink:type="arc" xlink:arcrole="http://www.xbrl.org/2003/arcrole/summation-item" order="26.0" xlink:from="loc_38" xlink:to="loc_52" weight="1.0" />
    <link:loc xlink:href="https://xbrl.ifrs.org/taxonomy/2023-03-23/full_ifrs/full_ifrs-cor_2023-03-23.xsd#ifrs-full_PurchaseOfIntangibleAssetsClassifiedAsInvestingActivities" xlink:label="loc_53" xlink:type="locator" />
    <link:calculationArc xlink:type="arc" xlink:arcrole="http://www.xbrl.org/2003/arcrole/summation-item" order="25.0" xlink:from="loc_38" xlink:to="loc_53" weight="-1.0" />
    <link:loc xlink:href="https://xbrl.ifrs.org/taxonomy/2023-03-23/full_ifrs/full_ifrs-cor_2023-03-23.xsd#ifrs-full_ProceedsFromSalesOfIntangibleAssetsClassifiedAsInvestingActivities" xlink:label="loc_54" xlink:type="locator" />
    <link:calculationArc xlink:type="arc" xlink:arcrole="http://www.xbrl.org/2003/arcrole/summation-item" order="24.0" xlink:from="loc_38" xlink:to="loc_54" weight="1.0" />
    <link:loc xlink:href="https://xbrl.ifrs.org/taxonomy/2023-03-23/full_ifrs/full_ifrs-cor_2023-03-23.xsd#ifrs-full_PurchaseOfPropertyPlantAndEquipmentClassifiedAsInvestingActivities" xlink:label="loc_55" xlink:type="locator" />
    <link:calculationArc xlink:type="arc" xlink:arcrole="http://www.xbrl.org/2003/arcrole/summation-item" order="23.0" xlink:from="loc_38" xlink:to="loc_55" weight="-1.0" />
    <link:loc xlink:href="https://xbrl.ifrs.org/taxonomy/2023-03-23/full_ifrs/full_ifrs-cor_2023-03-23.xsd#ifrs-full_ProceedsFromSalesOfPropertyPlantAndEquipmentClassifiedAsInvestingActivities" xlink:label="loc_56" xlink:type="locator" />
    <link:calculationArc xlink:type="arc" xlink:arcrole="http://www.xbrl.org/2003/arcrole/summation-item" order="22.0" xlink:from="loc_38" xlink:to="loc_56" weight="1.0" />
    <link:loc xlink:href="https://xbrl.ifrs.org/taxonomy/2023-03-23/full_ifrs/full_ifrs-cor_2023-03-23.xsd#ifrs-full_OtherCashPaymentsToAcquireInterestsInJointVenturesClassifiedAsInvestingActivities" xlink:label="loc_57" xlink:type="locator" />
    <link:calculationArc xlink:type="arc" xlink:arcrole="http://www.xbrl.org/2003/arcrole/summation-item" order="21.0" xlink:from="loc_38" xlink:to="loc_57" weight="-1.0" />
    <link:loc xlink:href="https://xbrl.ifrs.org/taxonomy/2023-03-23/full_ifrs/full_ifrs-cor_2023-03-23.xsd#ifrs-full_OtherCashReceiptsFromSalesOfInterestsInJointVenturesClassifiedAsInvestingActivities" xlink:label="loc_58" xlink:type="locator" />
    <link:calculationArc xlink:type="arc" xlink:arcrole="http://www.xbrl.org/2003/arcrole/summation-item" order="20.0" xlink:from="loc_38" xlink:to="loc_58" weight="1.0" />
    <link:loc xlink:href="https://xbrl.ifrs.org/taxonomy/2023-03-23/full_ifrs/full_ifrs-cor_2023-03-23.xsd#ifrs-full_OtherCashPaymentsToAcquireEquityOrDebtInstrumentsOfOtherEntitiesClassifiedAsInvestingActivities" xlink:label="loc_59" xlink:type="locator" />
    <link:calculationArc xlink:type="arc" xlink:arcrole="http://www.xbrl.org/2003/arcrole/summation-item" order="19.0" xlink:from="loc_38" xlink:to="loc_59" weight="-1.0" />
    <link:loc xlink:href="https://xbrl.ifrs.org/taxonomy/2023-03-23/full_ifrs/full_ifrs-cor_2023-03-23.xsd#ifrs-full_OtherCashReceiptsFromSalesOfEquityOrDebtInstrumentsOfOtherEntitiesClassifiedAsInvestingActivities" xlink:label="loc_60" xlink:type="locator" />
    <link:calculationArc xlink:type="arc" xlink:arcrole="http://www.xbrl.org/2003/arcrole/summation-item" order="18.0" xlink:from="loc_38" xlink:to="loc_60" weight="1.0" />
    <link:loc xlink:href="https://xbrl.ifrs.org/taxonomy/2023-03-23/full_ifrs/full_ifrs-cor_2023-03-23.xsd#ifrs-full_CashFlowsUsedInObtainingControlOfSubsidiariesOrOtherBusinessesClassifiedAsInvestingActivities" xlink:label="loc_61" xlink:type="locator" />
    <link:calculationArc xlink:type="arc" xlink:arcrole="http://www.xbrl.org/2003/arcrole/summation-item" order="17.0" xlink:from="loc_38" xlink:to="loc_61" weight="-1.0" />
    <link:loc xlink:href="https://xbrl.ifrs.org/taxonomy/2023-03-23/full_ifrs/full_ifrs-cor_2023-03-23.xsd#ifrs-full_CashFlowsFromLosingControlOfSubsidiariesOrOtherBusinessesClassifiedAsInvestingActivities" xlink:label="loc_62" xlink:type="locator" />
    <link:calculationArc xlink:type="arc" xlink:arcrole="http://www.xbrl.org/2003/arcrole/summation-item" order="15.0" xlink:from="loc_38" xlink:to="loc_62" weight="1.0" />
    <link:loc xlink:href="../../../../def/grap/grap-cor_2023-09-30.xsd#grap_IncreaseInInvestments" xlink:label="loc_63" xlink:type="locator" />
    <link:calculationArc xlink:type="arc" xlink:arcrole="http://www.xbrl.org/2003/arcrole/summation-item" order="13.0" xlink:from="loc_38" xlink:to="loc_63" weight="1.0" />
    <link:loc xlink:href="../../../../def/grap/grap-cor_2023-09-30.xsd#grap_CapitalisedDevelopmentCosts" xlink:label="loc_64" xlink:type="locator" />
    <link:calculationArc xlink:type="arc" xlink:arcrole="http://www.xbrl.org/2003/arcrole/summation-item" order="13.0" xlink:from="loc_38" xlink:to="loc_64" weight="-1.0" />
    <link:loc xlink:href="../../../../def/grap/grap-cor_2023-09-30.xsd#grap_LoanAdvancedToEconomicEntities" xlink:label="loc_65" xlink:type="locator" />
    <link:calculationArc xlink:type="arc" xlink:arcrole="http://www.xbrl.org/2003/arcrole/summation-item" order="13.0" xlink:from="loc_38" xlink:to="loc_65" weight="-1.0" />
    <link:calculationArc xlink:type="arc" xlink:arcrole="http://www.xbrl.org/2003/arcrole/summation-item" order="12.0" xlink:from="loc_38" xlink:to="loc_33" weight="-1.0" />
    <link:loc xlink:href="../../../../def/grap/grap-cor_2023-09-30.xsd#grap_RehabilitationProvisionNonCashItem" xlink:label="loc_66" xlink:type="locator" />
    <link:calculationArc xlink:type="arc" xlink:arcrole="http://www.xbrl.org/2003/arcrole/summation-item" order="11.0" xlink:from="loc_38" xlink:to="loc_66" weight="1.0" />
    <link:calculationArc xlink:type="arc" xlink:arcrole="http://www.xbrl.org/2003/arcrole/summation-item" order="5.0" xlink:from="loc_38" xlink:to="loc_30" weight="1.0" />
    <link:loc xlink:href="../../../../def/grap/grap-cor_2023-09-30.xsd#grap_AdvancesOnShareholdersLoan" xlink:label="loc_67" xlink:type="locator" />
    <link:calculationArc xlink:type="arc" xlink:arcrole="http://www.xbrl.org/2003/arcrole/summation-item" order="4.0" xlink:from="loc_38" xlink:to="loc_67" weight="1.0" />
    <link:loc xlink:href="../../../../def/grap/grap-cor_2023-09-30.xsd#grap_PurchaseOfZooAnimals" xlink:label="loc_68" xlink:type="locator" />
    <link:calculationArc xlink:type="arc" xlink:arcrole="http://www.xbrl.org/2003/arcrole/summation-item" order="3.0" xlink:from="loc_38" xlink:to="loc_68" weight="-1.0" />
    <link:loc xlink:href="../../../../def/grap/grap-cor_2023-09-30.xsd#grap_ProceedsFromOtherFinancialLiabilities" xlink:label="loc_69" xlink:type="locator" />
    <link:calculationArc xlink:type="arc" xlink:arcrole="http://www.xbrl.org/2003/arcrole/summation-item" order="2.0" xlink:from="loc_38" xlink:to="loc_69" weight="1.0" />
    <link:loc xlink:href="../../../../def/grap/grap-cor_2023-09-30.xsd#grap_ProceedsFromSaleOfZooAnimals" xlink:label="loc_70" xlink:type="locator" />
    <link:calculationArc xlink:type="arc" xlink:arcrole="http://www.xbrl.org/2003/arcrole/summation-item" order="1.0" xlink:from="loc_38" xlink:to="loc_70" weight="1.0" />
    <link:loc xlink:href="https://xbrl.ifrs.org/taxonomy/2023-03-23/full_ifrs/full_ifrs-cor_2023-03-23.xsd#ifrs-full_CashFlowsFromUsedInOperatingActivities" xlink:label="loc_71" xlink:type="locator" />
    <link:loc xlink:href="https://xbrl.ifrs.org/taxonomy/2023-03-23/full_ifrs/full_ifrs-cor_2023-03-23.xsd#ifrs-full_FinanceCosts" xlink:label="loc_72" xlink:type="locator" />
    <link:calculationArc xlink:type="arc" xlink:arcrole="http://www.xbrl.org/2003/arcrole/summation-item" order="35.0" xlink:from="loc_71" xlink:to="loc_72" weight="1.0" />
    <link:loc xlink:href="../../../../def/grap/grap-cor_2023-09-30.xsd#grap_TaxesPaid" xlink:label="loc_73" xlink:type="locator" />
    <link:calculationArc xlink:type="arc" xlink:arcrole="http://www.xbrl.org/2003/arcrole/summation-item" order="34.0" xlink:from="loc_71" xlink:to="loc_73" weight="1.0" />
    <link:loc xlink:href="../../../../def/grap/grap-cor_2023-09-30.xsd#grap_EmployeeCosts" xlink:label="loc_74" xlink:type="locator" />
    <link:calculationArc xlink:type="arc" xlink:arcrole="http://www.xbrl.org/2003/arcrole/summation-item" order="33.0" xlink:from="loc_71" xlink:to="loc_74" weight="1.0" />
    <link:loc xlink:href="https://xbrl.ifrs.org/taxonomy/2023-03-23/full_ifrs/full_ifrs-cor_2023-03-23.xsd#ifrs-full_DistributionCosts" xlink:label="loc_75" xlink:type="locator" />
    <link:calculationArc xlink:type="arc" xlink:arcrole="http://www.xbrl.org/2003/arcrole/summation-item" order="32.0" xlink:from="loc_71" xlink:to="loc_75" weight="1.0" />
    <link:loc xlink:href="../../../../def/grap/grap-cor_2023-09-30.xsd#grap_SARSPaymentsVATIncomeTax" xlink:label="loc_76" xlink:type="locator" />
    <link:calculationArc xlink:type="arc" xlink:arcrole="http://www.xbrl.org/2003/arcrole/summation-item" order="31.0" xlink:from="loc_71" xlink:to="loc_76" weight="1.0" />
    <link:loc xlink:href="../../../../def/grap/grap-cor_2023-09-30.xsd#grap_DevelopmentContribution" xlink:label="loc_77" xlink:type="locator" />
    <link:calculationArc xlink:type="arc" xlink:arcrole="http://www.xbrl.org/2003/arcrole/summation-item" order="30.0" xlink:from="loc_71" xlink:to="loc_77" weight="1.0" />
    <link:loc xlink:href="../../../../def/grap/grap-cor_2023-09-30.xsd#grap_Suppliers" xlink:label="loc_78" xlink:type="locator" />
    <link:calculationArc xlink:type="arc" xlink:arcrole="http://www.xbrl.org/2003/arcrole/summation-item" order="29.0" xlink:from="loc_71" xlink:to="loc_78" weight="1.0" />
    <link:loc xlink:href="../../../../def/grap/grap-cor_2023-09-30.xsd#grap_AdditionsInGameDueToNaturalBirth" xlink:label="loc_79" xlink:type="locator" />
    <link:calculationArc xlink:type="arc" xlink:arcrole="http://www.xbrl.org/2003/arcrole/summation-item" order="28.0" xlink:from="loc_71" xlink:to="loc_79" weight="1.0" />
    <link:loc xlink:href="https://xbrl.ifrs.org/taxonomy/2023-03-23/full_ifrs/full_ifrs-cor_2023-03-23.xsd#ifrs-full_DividendsReceived" xlink:label="loc_80" xlink:type="locator" />
    <link:calculationArc xlink:type="arc" xlink:arcrole="http://www.xbrl.org/2003/arcrole/summation-item" order="27.0" xlink:from="loc_71" xlink:to="loc_80" weight="1.0" />
    <link:loc xlink:href="../../../../def/grap/grap-cor_2023-09-30.xsd#grap_LoanRepayments" xlink:label="loc_81" xlink:type="locator" />
    <link:calculationArc xlink:type="arc" xlink:arcrole="http://www.xbrl.org/2003/arcrole/summation-item" order="26.0" xlink:from="loc_71" xlink:to="loc_81" weight="1.0" />
    <link:loc xlink:href="../../../../def/grap/grap-cor_2023-09-30.xsd#grap_Grants" xlink:label="loc_82" xlink:type="locator" />
    <link:calculationArc xlink:type="arc" xlink:arcrole="http://www.xbrl.org/2003/arcrole/summation-item" order="25.0" xlink:from="loc_71" xlink:to="loc_82" weight="1.0" />
    <link:loc xlink:href="../../../../def/grap/grap-cor_2023-09-30.xsd#grap_MunicipalSubsidy" xlink:label="loc_83" xlink:type="locator" />
    <link:calculationArc xlink:type="arc" xlink:arcrole="http://www.xbrl.org/2003/arcrole/summation-item" order="24.0" xlink:from="loc_71" xlink:to="loc_83" weight="1.0" />
    <link:loc xlink:href="../../../../def/grap/grap-cor_2023-09-30.xsd#grap_OtherReceipts" xlink:label="loc_84" xlink:type="locator" />
    <link:calculationArc xlink:type="arc" xlink:arcrole="http://www.xbrl.org/2003/arcrole/summation-item" order="23.0" xlink:from="loc_71" xlink:to="loc_84" weight="1.0" />
    <link:loc xlink:href="../../../../def/grap/grap-cor_2023-09-30.xsd#grap_ServicesRendered" xlink:label="loc_85" xlink:type="locator" />
    <link:calculationArc xlink:type="arc" xlink:arcrole="http://www.xbrl.org/2003/arcrole/summation-item" order="22.0" xlink:from="loc_71" xlink:to="loc_85" weight="1.0" />
    <link:loc xlink:href="../../../../def/grap/grap-cor_2023-09-30.xsd#grap_LoanFeesAndProgrammeManagmentFees" xlink:label="loc_86" xlink:type="locator" />
    <link:calculationArc xlink:type="arc" xlink:arcrole="http://www.xbrl.org/2003/arcrole/summation-item" order="21.0" xlink:from="loc_71" xlink:to="loc_86" weight="1.0" />
    <link:loc xlink:href="../../../../def/grap/grap-cor_2023-09-30.xsd#grap_FeesOnLoansForConstructionProjects" xlink:label="loc_87" xlink:type="locator" />
    <link:calculationArc xlink:type="arc" xlink:arcrole="http://www.xbrl.org/2003/arcrole/summation-item" order="20.0" xlink:from="loc_71" xlink:to="loc_87" weight="1.0" />
    <link:loc xlink:href="../../../../def/grap/grap-cor_2023-09-30.xsd#grap_FeesChargedToControlledEntities" xlink:label="loc_88" xlink:type="locator" />
    <link:calculationArc xlink:type="arc" xlink:arcrole="http://www.xbrl.org/2003/arcrole/summation-item" order="19.0" xlink:from="loc_71" xlink:to="loc_88" weight="1.0" />
    <link:loc xlink:href="../../../../def/grap/grap-cor_2023-09-30.xsd#grap_InterestOnLoansToControlledEntities" xlink:label="loc_89" xlink:type="locator" />
    <link:calculationArc xlink:type="arc" xlink:arcrole="http://www.xbrl.org/2003/arcrole/summation-item" order="18.0" xlink:from="loc_71" xlink:to="loc_89" weight="1.0" />
    <link:loc xlink:href="../../../../def/grap/grap-cor_2023-09-30.xsd#grap_InterestOnLoansForConstructionProjects" xlink:label="loc_90" xlink:type="locator" />
    <link:calculationArc xlink:type="arc" xlink:arcrole="http://www.xbrl.org/2003/arcrole/summation-item" order="17.0" xlink:from="loc_71" xlink:to="loc_90" weight="1.0" />
    <link:loc xlink:href="../../../../def/grap/grap-cor_2023-09-30.xsd#grap_InterestIncome" xlink:label="loc_91" xlink:type="locator" />
    <link:calculationArc xlink:type="arc" xlink:arcrole="http://www.xbrl.org/2003/arcrole/summation-item" order="15.0" xlink:from="loc_71" xlink:to="loc_91" weight="1.0" />
    <link:loc xlink:href="../../../../def/grap/grap-cor_2023-09-30.xsd#grap_RentalOfFacilitiesAndEquipment" xlink:label="loc_92" xlink:type="locator" />
    <link:calculationArc xlink:type="arc" xlink:arcrole="http://www.xbrl.org/2003/arcrole/summation-item" order="13.0" xlink:from="loc_71" xlink:to="loc_92" weight="1.0" />
    <link:loc xlink:href="../../../../def/grap/grap-cor_2023-09-30.xsd#grap_ZooAdmissions" xlink:label="loc_93" xlink:type="locator" />
    <link:calculationArc xlink:type="arc" xlink:arcrole="http://www.xbrl.org/2003/arcrole/summation-item" order="14.0" xlink:from="loc_71" xlink:to="loc_93" weight="1.0" />
    <link:loc xlink:href="../../../../def/grap/grap-cor_2023-09-30.xsd#grap_SaleOfGoodsAndServices" xlink:label="loc_94" xlink:type="locator" />
    <link:calculationArc xlink:type="arc" xlink:arcrole="http://www.xbrl.org/2003/arcrole/summation-item" order="13.0" xlink:from="loc_71" xlink:to="loc_94" weight="1.0" />
    <link:loc xlink:href="../../../../def/grap/grap-cor_2023-09-30.xsd#grap_CoordinationFees" xlink:label="loc_95" xlink:type="locator" />
    <link:calculationArc xlink:type="arc" xlink:arcrole="http://www.xbrl.org/2003/arcrole/summation-item" order="16.0" xlink:from="loc_71" xlink:to="loc_95" weight="1.0" />
    <link:loc xlink:href="../../../../def/grap/grap-cor_2023-09-30.xsd#grap_CoordinationFeeOnSpecialProjects" xlink:label="loc_96" xlink:type="locator" />
    <link:calculationArc xlink:type="arc" xlink:arcrole="http://www.xbrl.org/2003/arcrole/summation-item" order="11.0" xlink:from="loc_71" xlink:to="loc_96" weight="1.0" />
    <link:loc xlink:href="../../../../def/grap/grap-cor_2023-09-30.xsd#grap_CemeteryFees" xlink:label="loc_97" xlink:type="locator" />
    <link:calculationArc xlink:type="arc" xlink:arcrole="http://www.xbrl.org/2003/arcrole/summation-item" order="4.0" xlink:from="loc_71" xlink:to="loc_97" weight="1.0" />
    <link:loc xlink:href="../../../../def/grap/grap-cor_2023-09-30.xsd#grap_CashReceiptsFromContributorsAndOthers" xlink:label="loc_98" xlink:type="locator" />
    <link:calculationArc xlink:type="arc" xlink:arcrole="http://www.xbrl.org/2003/arcrole/summation-item" order="4.0" xlink:from="loc_71" xlink:to="loc_98" weight="1.0" />
    <link:loc xlink:href="../../../../def/grap/grap-cor_2023-09-30.xsd#grap_CashReceiptsFromCustomers" xlink:label="loc_99" xlink:type="locator" />
    <link:calculationArc xlink:type="arc" xlink:arcrole="http://www.xbrl.org/2003/arcrole/summation-item" order="3.0" xlink:from="loc_71" xlink:to="loc_99" weight="1.0" />
    <link:loc xlink:href="../../../../def/grap/grap-cor_2023-09-30.xsd#grap_SARSRefundsVATIncomeTax" xlink:label="loc_100" xlink:type="locator" />
    <link:calculationArc xlink:type="arc" xlink:arcrole="http://www.xbrl.org/2003/arcrole/summation-item" order="2.0" xlink:from="loc_71" xlink:to="loc_100" weight="1.0" />
    <link:loc xlink:href="../../../../def/grap/grap-cor_2023-09-30.xsd#grap_GrantsReceivedNonMTEF" xlink:label="loc_101" xlink:type="locator" />
    <link:calculationArc xlink:type="arc" xlink:arcrole="http://www.xbrl.org/2003/arcrole/summation-item" order="1.0" xlink:from="loc_71" xlink:to="loc_101" weight="1.0" />
    <link:loc xlink:href="https://xbrl.ifrs.org/taxonomy/2023-03-23/full_ifrs/full_ifrs-cor_2023-03-23.xsd#ifrs-full_CashFlowsFromUsedInOperations" xlink:label="loc_102" xlink:type="locator" />
    <link:loc xlink:href="../../../../def/grap/grap-cor_2023-09-30.xsd#grap_IncreaseDecreaseInReceivablesFromNonExchangeTransactions" xlink:label="loc_103" xlink:type="locator" />
    <link:calculationArc xlink:type="arc" xlink:arcrole="http://www.xbrl.org/2003/arcrole/summation-item" order="28.0" xlink:from="loc_102" xlink:to="loc_103" weight="1.0" />
    <link:loc xlink:href="../../../../def/grap/grap-cor_2023-09-30.xsd#grap_IncreaseDecreaseInReceivablesFromExchangeTransactions" xlink:label="loc_104" xlink:type="locator" />
    <link:calculationArc xlink:type="arc" xlink:arcrole="http://www.xbrl.org/2003/arcrole/summation-item" order="27.0" xlink:from="loc_102" xlink:to="loc_104" weight="1.0" />
    <link:loc xlink:href="../../../../def/grap/grap-cor_2023-09-30.xsd#grap_IncreaseDecreaseInPayablesFromNonExchangeTransactions" xlink:label="loc_105" xlink:type="locator" />
    <link:calculationArc xlink:type="arc" xlink:arcrole="http://www.xbrl.org/2003/arcrole/summation-item" order="26.0" xlink:from="loc_102" xlink:to="loc_105" weight="1.0" />
    <link:loc xlink:href="../../../../def/grap/grap-cor_2023-09-30.xsd#grap_IncreaseDecreaseInPayablesFromExchangeTransactions" xlink:label="loc_106" xlink:type="locator" />
    <link:calculationArc xlink:type="arc" xlink:arcrole="http://www.xbrl.org/2003/arcrole/summation-item" order="25.0" xlink:from="loc_102" xlink:to="loc_106" weight="1.0" />
    <link:loc xlink:href="../../../../def/ca/cipc_ca-cor_2023-09-30.xsd#cipc-ca_IncreaseDecreaseInTradingLiabilities" xlink:label="loc_107" xlink:type="locator" />
    <link:calculationArc xlink:type="arc" xlink:arcrole="http://www.xbrl.org/2003/arcrole/summation-item" order="24.0" xlink:from="loc_102" xlink:to="loc_107" weight="1.0" />
    <link:loc xlink:href="../../../../def/ca/cipc_ca-cor_2023-09-30.xsd#cipc-ca_IncreaseDecreaseInTradingAssets" xlink:label="loc_108" xlink:type="locator" />
    <link:calculationArc xlink:type="arc" xlink:arcrole="http://www.xbrl.org/2003/arcrole/summation-item" order="23.0" xlink:from="loc_102" xlink:to="loc_108" weight="1.0" />
    <link:loc xlink:href="../../../../def/ca/cipc_ca-cor_2023-09-30.xsd#cipc-ca_IncreaseDecreaseInDerivativeFinancialInstruments" xlink:label="loc_109" xlink:type="locator" />
    <link:calculationArc xlink:type="arc" xlink:arcrole="http://www.xbrl.org/2003/arcrole/summation-item" order="22.0" xlink:from="loc_102" xlink:to="loc_109" weight="1.0" />
    <link:loc xlink:href="../../../../def/ca/cipc_ca-cor_2023-09-30.xsd#cipc-ca_IncreaseDecreaseInRepurchaseAgreementsAndotherSimilarBorrowings" xlink:label="loc_110" xlink:type="locator" />
    <link:calculationArc xlink:type="arc" xlink:arcrole="http://www.xbrl.org/2003/arcrole/summation-item" order="21.0" xlink:from="loc_102" xlink:to="loc_110" weight="1.0" />
    <link:loc xlink:href="../../../../def/ca/cipc_ca-cor_2023-09-30.xsd#cipc-ca_IncreaseDecreaseInDepositsAndDebtSecuritiesInIssue" xlink:label="loc_111" xlink:type="locator" />
    <link:calculationArc xlink:type="arc" xlink:arcrole="http://www.xbrl.org/2003/arcrole/summation-item" order="20.0" xlink:from="loc_102" xlink:to="loc_111" weight="1.0" />
    <link:loc xlink:href="../../../../def/ca/cipc_ca-cor_2023-09-30.xsd#cipc-ca_IncreaseDecreaseInReverseRepurchaseAgreementsAndOtherSimilarLending" xlink:label="loc_112" xlink:type="locator" />
    <link:calculationArc xlink:type="arc" xlink:arcrole="http://www.xbrl.org/2003/arcrole/summation-item" order="19.0" xlink:from="loc_102" xlink:to="loc_112" weight="1.0" />
    <link:loc xlink:href="../../../../def/ca/cipc_ca-cor_2023-09-30.xsd#cipc-ca_IncreaseDecreaseInLoansAndAdvancesToBanksAndCustomers" xlink:label="loc_113" xlink:type="locator" />
    <link:calculationArc xlink:type="arc" xlink:arcrole="http://www.xbrl.org/2003/arcrole/summation-item" order="18.0" xlink:from="loc_102" xlink:to="loc_113" weight="1.0" />
    <link:loc xlink:href="https://xbrl.ifrs.org/taxonomy/2023-03-23/full_ifrs/full_ifrs-cor_2023-03-23.xsd#ifrs-full_OtherCashPaymentsFromOperatingActivities" xlink:label="loc_114" xlink:type="locator" />
    <link:calculationArc xlink:type="arc" xlink:arcrole="http://www.xbrl.org/2003/arcrole/summation-item" order="17.0" xlink:from="loc_102" xlink:to="loc_114" weight="1.0" />
    <link:loc xlink:href="https://xbrl.ifrs.org/taxonomy/2023-03-23/full_ifrs/full_ifrs-cor_2023-03-23.xsd#ifrs-full_PaymentsToManufactureOrAcquireAssetsHeldForRentalToOthersAndSubsequentlyHeldForSale" xlink:label="loc_115" xlink:type="locator" />
    <link:calculationArc xlink:type="arc" xlink:arcrole="http://www.xbrl.org/2003/arcrole/summation-item" order="15.0" xlink:from="loc_102" xlink:to="loc_115" weight="1.0" />
    <link:loc xlink:href="https://xbrl.ifrs.org/taxonomy/2023-03-23/full_ifrs/full_ifrs-cor_2023-03-23.xsd#ifrs-full_PaymentsToAndOnBehalfOfEmployees" xlink:label="loc_116" xlink:type="locator" />
    <link:calculationArc xlink:type="arc" xlink:arcrole="http://www.xbrl.org/2003/arcrole/summation-item" order="13.0" xlink:from="loc_102" xlink:to="loc_116" weight="1.0" />
    <link:loc xlink:href="https://xbrl.ifrs.org/taxonomy/2023-03-23/full_ifrs/full_ifrs-cor_2023-03-23.xsd#ifrs-full_PaymentsFromContractsHeldForDealingOrTradingPurpose" xlink:label="loc_117" xlink:type="locator" />
    <link:calculationArc xlink:type="arc" xlink:arcrole="http://www.xbrl.org/2003/arcrole/summation-item" order="13.0" xlink:from="loc_102" xlink:to="loc_117" weight="1.0" />
    <link:loc xlink:href="https://xbrl.ifrs.org/taxonomy/2023-03-23/full_ifrs/full_ifrs-cor_2023-03-23.xsd#ifrs-full_PaymentsToSuppliersForGoodsAndServices" xlink:label="loc_118" xlink:type="locator" />
    <link:calculationArc xlink:type="arc" xlink:arcrole="http://www.xbrl.org/2003/arcrole/summation-item" order="13.0" xlink:from="loc_102" xlink:to="loc_118" weight="1.0" />
    <link:loc xlink:href="https://xbrl.ifrs.org/taxonomy/2023-03-23/full_ifrs/full_ifrs-cor_2023-03-23.xsd#ifrs-full_OtherCashReceiptsFromOperatingActivities" xlink:label="loc_119" xlink:type="locator" />
    <link:calculationArc xlink:type="arc" xlink:arcrole="http://www.xbrl.org/2003/arcrole/summation-item" order="11.0" xlink:from="loc_102" xlink:to="loc_119" weight="1.0" />
    <link:loc xlink:href="https://xbrl.ifrs.org/taxonomy/2023-03-23/full_ifrs/full_ifrs-cor_2023-03-23.xsd#ifrs-full_ReceiptsFromRentsAndSubsequentSalesOfSuchAssets" xlink:label="loc_120" xlink:type="locator" />
    <link:calculationArc xlink:type="arc" xlink:arcrole="http://www.xbrl.org/2003/arcrole/summation-item" order="4.0" xlink:from="loc_102" xlink:to="loc_120" weight="1.0" />
    <link:loc xlink:href="https://xbrl.ifrs.org/taxonomy/2023-03-23/full_ifrs/full_ifrs-cor_2023-03-23.xsd#ifrs-full_ReceiptsFromContractsHeldForDealingOrTradingPurpose" xlink:label="loc_121" xlink:type="locator" />
    <link:calculationArc xlink:type="arc" xlink:arcrole="http://www.xbrl.org/2003/arcrole/summation-item" order="3.0" xlink:from="loc_102" xlink:to="loc_121" weight="1.0" />
    <link:loc xlink:href="https://xbrl.ifrs.org/taxonomy/2023-03-23/full_ifrs/full_ifrs-cor_2023-03-23.xsd#ifrs-full_ReceiptsFromRoyaltiesFeesCommissionsAndOtherRevenue" xlink:label="loc_122" xlink:type="locator" />
    <link:calculationArc xlink:type="arc" xlink:arcrole="http://www.xbrl.org/2003/arcrole/summation-item" order="2.0" xlink:from="loc_102" xlink:to="loc_122" weight="1.0" />
    <link:loc xlink:href="https://xbrl.ifrs.org/taxonomy/2023-03-23/full_ifrs/full_ifrs-cor_2023-03-23.xsd#ifrs-full_ReceiptsFromSalesOfGoodsAndRenderingOfServices" xlink:label="loc_123" xlink:type="locator" />
    <link:calculationArc xlink:type="arc" xlink:arcrole="http://www.xbrl.org/2003/arcrole/summation-item" order="1.0" xlink:from="loc_102" xlink:to="loc_123" weight="1.0" />
    <link:loc xlink:href="https://xbrl.ifrs.org/taxonomy/2023-03-23/full_ifrs/full_ifrs-cor_2023-03-23.xsd#ifrs-full_IncreaseDecreaseInCashAndCashEquivalents" xlink:label="loc_124" xlink:type="locator" />
    <link:loc xlink:href="https://xbrl.ifrs.org/taxonomy/2023-03-23/full_ifrs/full_ifrs-cor_2023-03-23.xsd#ifrs-full_IncreaseDecreaseInCashAndCashEquivalentsBeforeEffectOfExchangeRateChanges" xlink:label="loc_125" xlink:type="locator" />
    <link:calculationArc xlink:type="arc" xlink:arcrole="http://www.xbrl.org/2003/arcrole/summation-item" order="1.0" xlink:from="loc_124" xlink:to="loc_125" weight="1.0" />
    <link:loc xlink:href="https://xbrl.ifrs.org/taxonomy/2023-03-23/full_ifrs/full_ifrs-cor_2023-03-23.xsd#ifrs-full_EffectOfExchangeRateChangesOnCashAndCashEquivalents" xlink:label="loc_126" xlink:type="locator" />
    <link:calculationArc xlink:type="arc" xlink:arcrole="http://www.xbrl.org/2003/arcrole/summation-item" order="2.0" xlink:from="loc_124" xlink:to="loc_126" weight="1.0" />
    <link:loc xlink:href="https://xbrl.ifrs.org/taxonomy/2023-03-23/full_ifrs/full_ifrs-cor_2023-03-23.xsd#ifrs-full_OtherInflowsOutflowsOfCashClassifiedAsOperatingActivities" xlink:label="loc_127" xlink:type="locator" />
    <link:loc xlink:href="../../../../def/grap/grap-cor_2023-09-30.xsd#grap_SARSRefunds" xlink:label="loc_128" xlink:type="locator" />
    <link:calculationArc xlink:type="arc" xlink:arcrole="http://www.xbrl.org/2003/arcrole/summation-item" order="13.0" xlink:from="loc_127" xlink:to="loc_128" weight="-1.0" />
    <link:loc xlink:href="../../../../def/grap/grap-cor_2023-09-30.xsd#grap_SARSPayments" xlink:label="loc_129" xlink:type="locator" />
    <link:calculationArc xlink:type="arc" xlink:arcrole="http://www.xbrl.org/2003/arcrole/summation-item" order="13.0" xlink:from="loc_127" xlink:to="loc_129" weight="-1.0" />
    <link:loc xlink:href="https://xbrl.ifrs.org/taxonomy/2023-03-23/full_ifrs/full_ifrs-cor_2023-03-23.xsd#ifrs-full_InterestPaidClassifiedAsOperatingActivities" xlink:label="loc_130" xlink:type="locator" />
    <link:calculationArc xlink:type="arc" xlink:arcrole="http://www.xbrl.org/2003/arcrole/summation-item" order="4.0" xlink:from="loc_127" xlink:to="loc_130" weight="-1.0" />
    <link:loc xlink:href="https://xbrl.ifrs.org/taxonomy/2023-03-23/full_ifrs/full_ifrs-cor_2023-03-23.xsd#ifrs-full_IncomeTaxesPaidRefundClassifiedAsOperatingActivities" xlink:label="loc_131" xlink:type="locator" />
    <link:calculationArc xlink:type="arc" xlink:arcrole="http://www.xbrl.org/2003/arcrole/summation-item" order="13.0" xlink:from="loc_127" xlink:to="loc_131" weight="-1.0" />
    <link:loc xlink:href="https://xbrl.ifrs.org/taxonomy/2023-03-23/full_ifrs/full_ifrs-cor_2023-03-23.xsd#ifrs-full_DividendsPaidClassifiedAsOperatingActivities" xlink:label="loc_132" xlink:type="locator" />
    <link:calculationArc xlink:type="arc" xlink:arcrole="http://www.xbrl.org/2003/arcrole/summation-item" order="2.0" xlink:from="loc_127" xlink:to="loc_132" weight="-1.0" />
    <link:loc xlink:href="https://xbrl.ifrs.org/taxonomy/2023-03-23/full_ifrs/full_ifrs-cor_2023-03-23.xsd#ifrs-full_InterestReceivedClassifiedAsOperatingActivities" xlink:label="loc_133" xlink:type="locator" />
    <link:calculationArc xlink:type="arc" xlink:arcrole="http://www.xbrl.org/2003/arcrole/summation-item" order="11.0" xlink:from="loc_127" xlink:to="loc_133" weight="1.0" />
    <link:loc xlink:href="../../../../def/grap/grap-cor_2023-09-30.xsd#grap_LoanRepaymentsClassifiedAsOperatingActivities" xlink:label="loc_134" xlink:type="locator" />
    <link:calculationArc xlink:type="arc" xlink:arcrole="http://www.xbrl.org/2003/arcrole/summation-item" order="4.0" xlink:from="loc_127" xlink:to="loc_134" weight="1.0" />
    <link:loc xlink:href="../../../../def/grap/grap-cor_2023-09-30.xsd#grap_ProceedsFromCapitalGrantsClassifiedAsOperatingActivities" xlink:label="loc_135" xlink:type="locator" />
    <link:calculationArc xlink:type="arc" xlink:arcrole="http://www.xbrl.org/2003/arcrole/summation-item" order="3.0" xlink:from="loc_127" xlink:to="loc_135" weight="1.0" />
    <link:loc xlink:href="https://xbrl.ifrs.org/taxonomy/2023-03-23/full_ifrs/full_ifrs-cor_2023-03-23.xsd#ifrs-full_DividendsReceivedClassifiedAsOperatingActivities" xlink:label="loc_136" xlink:type="locator" />
    <link:calculationArc xlink:type="arc" xlink:arcrole="http://www.xbrl.org/2003/arcrole/summation-item" order="1.0" xlink:from="loc_127" xlink:to="loc_136" weight="1.0" />
  </link:calculationLink>
</link:linkbase>
