<?xml version="1.0" encoding="UTF-8"?>
<!--  Companies & Intellectual Property Commission  -->
<link:linkbase xmlns:link="http://www.xbrl.org/2003/linkbase" xmlns:xbrldt="http://xbrl.org/2005/xbrldt" xmlns:xlink="http://www.w3.org/1999/xlink" xmlns:xsi="http://www.w3.org/2001/XMLSchema-instance" xsi:schemaLocation="http://www.xbrl.org/2003/linkbase http://www.xbrl.org/2003/xbrl-linkbase-2003-12-31.xsd http://www.w3.org/1999/xlink http://www.xbrl.org/2003/xlink-2003-12-31.xsd">
  <link:arcroleRef arcroleURI="http://xbrl.org/int/dim/arcrole/all" xlink:type="simple" xlink:href="http://www.xbrl.org/2005/xbrldt-2005.xsd#all" />
  <link:arcroleRef arcroleURI="http://xbrl.org/int/dim/arcrole/hypercube-dimension" xlink:type="simple" xlink:href="http://www.xbrl.org/2005/xbrldt-2005.xsd#hypercube-dimension" />
  <link:arcroleRef arcroleURI="http://xbrl.org/int/dim/arcrole/dimension-domain" xlink:type="simple" xlink:href="http://www.xbrl.org/2005/xbrldt-2005.xsd#dimension-domain" />
  <link:arcroleRef arcroleURI="http://xbrl.org/int/dim/arcrole/domain-member" xlink:type="simple" xlink:href="http://www.xbrl.org/2005/xbrldt-2005.xsd#domain-member" />
  <link:roleRef roleURI="http://xbrl.cipc.co.za/taxonomy/role/grap_role_803501" xlink:type="simple" xlink:href="../rol_cipc-grap_2023-09-30.xsd#role_grap_role_803501" />
  <link:roleRef roleURI="http://xbrl.cipc.co.za/taxonomy/role/grap_role_803502" xlink:type="simple" xlink:href="../rol_cipc-grap_2023-09-30.xsd#role_grap_role_803502" />
  <link:roleRef roleURI="http://xbrl.cipc.co.za/taxonomy/role/grap_role_803504" xlink:type="simple" xlink:href="../rol_cipc-grap_2023-09-30.xsd#role_grap_role_803504" />
  <link:roleRef roleURI="http://xbrl.cipc.co.za/taxonomy/role/grap_role_803503" xlink:type="simple" xlink:href="../rol_cipc-grap_2023-09-30.xsd#role_grap_role_803503" />
  <link:definitionLink xlink:role="http://xbrl.cipc.co.za/taxonomy/role/grap_role_803501" xlink:type="extended">
    <link:loc xlink:href="https://xbrl.ifrs.org/taxonomy/2023-03-23/full_ifrs/full_ifrs-cor_2023-03-23.xsd#ifrs-full_DisclosureOfImpairmentLossAndReversalOfImpairmentLossAbstract" xlink:label="loc_1" xlink:type="locator" />
    <link:loc xlink:href="https://xbrl.ifrs.org/taxonomy/2023-03-23/full_ifrs/full_ifrs-cor_2023-03-23.xsd#ifrs-full_DisclosureOfImpairmentLossAndReversalOfImpairmentLossTable" xlink:label="loc_2" xlink:type="locator" />
    <link:definitionArc xlink:type="arc" xlink:arcrole="http://xbrl.org/int/dim/arcrole/all" order="10.0" xlink:from="loc_1" xlink:to="loc_2" xbrldt:closed="true" xbrldt:contextElement="scenario" />
    <link:loc xlink:href="https://xbrl.ifrs.org/taxonomy/2023-03-23/full_ifrs/full_ifrs-cor_2023-03-23.xsd#ifrs-full_ClassesOfAssetsAxis" xlink:label="loc_3" xlink:type="locator" />
    <link:definitionArc xlink:type="arc" xlink:arcrole="http://xbrl.org/int/dim/arcrole/hypercube-dimension" order="1.0" xlink:from="loc_2" xlink:to="loc_3" />
    <link:loc xlink:href="https://xbrl.ifrs.org/taxonomy/2023-03-23/full_ifrs/full_ifrs-cor_2023-03-23.xsd#ifrs-full_ClassesOfAssetsMember" xlink:label="loc_4" xlink:type="locator" />
    <link:definitionArc xlink:type="arc" xlink:arcrole="http://xbrl.org/int/dim/arcrole/dimension-domain" order="10.0" xlink:from="loc_3" xlink:to="loc_4" />
    <link:loc xlink:href="https://xbrl.ifrs.org/taxonomy/2023-03-23/full_ifrs/full_ifrs-cor_2023-03-23.xsd#ifrs-full_PropertyPlantAndEquipmentMember" xlink:label="loc_5" xlink:type="locator" />
    <link:definitionArc xlink:type="arc" xlink:arcrole="http://xbrl.org/int/dim/arcrole/domain-member" order="10.0" xlink:from="loc_4" xlink:to="loc_5" />
    <link:loc xlink:href="https://xbrl.ifrs.org/taxonomy/2023-03-23/full_ifrs/full_ifrs-cor_2023-03-23.xsd#ifrs-full_IntangibleAssetsOtherThanGoodwillMember" xlink:label="loc_6" xlink:type="locator" />
    <link:definitionArc xlink:type="arc" xlink:arcrole="http://xbrl.org/int/dim/arcrole/domain-member" order="20.0" xlink:from="loc_4" xlink:to="loc_6" />
    <link:loc xlink:href="https://xbrl.ifrs.org/taxonomy/2023-03-23/full_ifrs/full_ifrs-cor_2023-03-23.xsd#ifrs-full_RightofuseAssetsMember" xlink:label="loc_7" xlink:type="locator" />
    <link:definitionArc xlink:type="arc" xlink:arcrole="http://xbrl.org/int/dim/arcrole/domain-member" order="30.0" xlink:from="loc_4" xlink:to="loc_7" />
    <link:loc xlink:href="https://xbrl.ifrs.org/taxonomy/2023-03-23/full_ifrs/full_ifrs-cor_2023-03-23.xsd#ifrs-full_ExplorationAndEvaluationAssetsMember" xlink:label="loc_8" xlink:type="locator" />
    <link:definitionArc xlink:type="arc" xlink:arcrole="http://xbrl.org/int/dim/arcrole/domain-member" order="40.0" xlink:from="loc_4" xlink:to="loc_8" />
    <link:loc xlink:href="https://xbrl.ifrs.org/taxonomy/2023-03-23/full_ifrs/full_ifrs-cor_2023-03-23.xsd#ifrs-full_InvestmentsAccountedForUsingEquityMethodMember" xlink:label="loc_9" xlink:type="locator" />
    <link:definitionArc xlink:type="arc" xlink:arcrole="http://xbrl.org/int/dim/arcrole/domain-member" order="50.0" xlink:from="loc_4" xlink:to="loc_9" />
    <link:loc xlink:href="https://xbrl.ifrs.org/taxonomy/2023-03-23/full_ifrs/full_ifrs-cor_2023-03-23.xsd#ifrs-full_NoncurrentAssetsOrDisposalGroupsClassifiedAsHeldForSaleMember" xlink:label="loc_10" xlink:type="locator" />
    <link:definitionArc xlink:type="arc" xlink:arcrole="http://xbrl.org/int/dim/arcrole/domain-member" order="60.0" xlink:from="loc_4" xlink:to="loc_10" />
    <link:loc xlink:href="https://xbrl.ifrs.org/taxonomy/2023-03-23/full_ifrs/full_ifrs-cor_2023-03-23.xsd#ifrs-full_OtherImpairedAssetsMember" xlink:label="loc_11" xlink:type="locator" />
    <link:definitionArc xlink:type="arc" xlink:arcrole="http://xbrl.org/int/dim/arcrole/domain-member" order="70.0" xlink:from="loc_4" xlink:to="loc_11" />
    <link:loc xlink:href="https://xbrl.ifrs.org/taxonomy/2023-03-23/full_ifrs/full_ifrs-cor_2023-03-23.xsd#ifrs-full_DisclosureOfImpairmentLossAndReversalOfImpairmentLossLineItems" xlink:label="loc_12" xlink:type="locator" />
    <link:definitionArc xlink:type="arc" xlink:arcrole="http://xbrl.org/int/dim/arcrole/domain-member" order="10.0" xlink:from="loc_1" xlink:to="loc_12" />
    <link:loc xlink:href="https://xbrl.ifrs.org/taxonomy/2023-03-23/full_ifrs/full_ifrs-cor_2023-03-23.xsd#ifrs-full_ImpairmentLossRecognisedInProfitOrLoss" xlink:label="loc_13" xlink:type="locator" />
    <link:definitionArc xlink:type="arc" xlink:arcrole="http://xbrl.org/int/dim/arcrole/domain-member" order="10.0" xlink:from="loc_12" xlink:to="loc_13" />
    <link:loc xlink:href="https://xbrl.ifrs.org/taxonomy/2023-03-23/full_ifrs/full_ifrs-cor_2023-03-23.xsd#ifrs-full_ReversalOfImpairmentLossRecognisedInProfitOrLoss" xlink:label="loc_14" xlink:type="locator" />
    <link:definitionArc xlink:type="arc" xlink:arcrole="http://xbrl.org/int/dim/arcrole/domain-member" order="20.0" xlink:from="loc_12" xlink:to="loc_14" />
  </link:definitionLink>
  <link:definitionLink xlink:role="http://xbrl.cipc.co.za/taxonomy/role/grap_role_803502" xlink:type="extended">
    <link:loc xlink:href="https://xbrl.ifrs.org/taxonomy/2023-03-23/full_ifrs/full_ifrs-cor_2023-03-23.xsd#ifrs-full_DisclosureOfInformationForEachMaterialImpairmentLossRecognisedOrReversedForIndividualAssetOrCashgeneratingUnitAbstract" xlink:label="loc_1" xlink:type="locator" />
    <link:loc xlink:href="https://xbrl.ifrs.org/taxonomy/2023-03-23/full_ifrs/full_ifrs-cor_2023-03-23.xsd#ifrs-full_DisclosureOfInformationForEachMaterialImpairmentLossRecognisedOrReversedForIndividualAssetOrCashgeneratingUnitTable" xlink:label="loc_2" xlink:type="locator" />
    <link:definitionArc xlink:type="arc" xlink:arcrole="http://xbrl.org/int/dim/arcrole/all" order="10.0" xlink:from="loc_1" xlink:to="loc_2" xbrldt:closed="true" xbrldt:contextElement="scenario" />
    <link:loc xlink:href="https://xbrl.ifrs.org/taxonomy/2023-03-23/full_ifrs/full_ifrs-cor_2023-03-23.xsd#ifrs-full_IndividualAssetsOrCashgeneratingUnitsAxis" xlink:label="loc_3" xlink:type="locator" />
    <link:definitionArc xlink:type="arc" xlink:arcrole="http://xbrl.org/int/dim/arcrole/hypercube-dimension" order="1.0" xlink:from="loc_2" xlink:to="loc_3" />
    <link:loc xlink:href="https://xbrl.ifrs.org/taxonomy/2023-03-23/full_ifrs/full_ifrs-cor_2023-03-23.xsd#ifrs-full_EntitysTotalForIndividualAssetsOrCashgeneratingUnitsMember" xlink:label="loc_4" xlink:type="locator" />
    <link:definitionArc xlink:type="arc" xlink:arcrole="http://xbrl.org/int/dim/arcrole/dimension-domain" order="10.0" xlink:from="loc_3" xlink:to="loc_4" />
    <link:loc xlink:href="https://xbrl.ifrs.org/taxonomy/2023-03-23/full_ifrs/full_ifrs-cor_2023-03-23.xsd#ifrs-full_IndividualAssetsOrCashgeneratingUnitsMember" xlink:label="loc_5" xlink:type="locator" />
    <link:definitionArc xlink:type="arc" xlink:arcrole="http://xbrl.org/int/dim/arcrole/domain-member" order="10.0" xlink:from="loc_4" xlink:to="loc_5" />
    <link:loc xlink:href="https://xbrl.ifrs.org/taxonomy/2023-03-23/full_ifrs/full_ifrs-cor_2023-03-23.xsd#ifrs-full_DisclosureOfInformationForEachMaterialImpairmentLossRecognisedOrReversedForIndividualAssetOrCashgeneratingUnitLineItems" xlink:label="loc_6" xlink:type="locator" />
    <link:definitionArc xlink:type="arc" xlink:arcrole="http://xbrl.org/int/dim/arcrole/domain-member" order="10.0" xlink:from="loc_1" xlink:to="loc_6" />
    <link:loc xlink:href="https://xbrl.ifrs.org/taxonomy/2023-03-23/full_ifrs/full_ifrs-cor_2023-03-23.xsd#ifrs-full_ExplanationOfMainEventsAndCircumstancesThatLedToRecognitionOfImpairmentLossesAndReversalsOfImpairmentLosses" xlink:label="loc_7" xlink:type="locator" />
    <link:definitionArc xlink:type="arc" xlink:arcrole="http://xbrl.org/int/dim/arcrole/domain-member" order="10.0" xlink:from="loc_6" xlink:to="loc_7" />
    <link:loc xlink:href="https://xbrl.ifrs.org/taxonomy/2023-03-23/full_ifrs/full_ifrs-cor_2023-03-23.xsd#ifrs-full_ImpairmentLoss" xlink:label="loc_8" xlink:type="locator" />
    <link:definitionArc xlink:type="arc" xlink:arcrole="http://xbrl.org/int/dim/arcrole/domain-member" order="20.0" xlink:from="loc_6" xlink:to="loc_8" />
    <link:loc xlink:href="https://xbrl.ifrs.org/taxonomy/2023-03-23/full_ifrs/full_ifrs-cor_2023-03-23.xsd#ifrs-full_ReversalOfImpairmentLoss" xlink:label="loc_9" xlink:type="locator" />
    <link:definitionArc xlink:type="arc" xlink:arcrole="http://xbrl.org/int/dim/arcrole/domain-member" order="30.0" xlink:from="loc_6" xlink:to="loc_9" />
    <link:loc xlink:href="https://xbrl.ifrs.org/taxonomy/2023-03-23/full_ifrs/full_ifrs-cor_2023-03-23.xsd#ifrs-full_DescriptionOfNatureOfIndividualAsset" xlink:label="loc_10" xlink:type="locator" />
    <link:definitionArc xlink:type="arc" xlink:arcrole="http://xbrl.org/int/dim/arcrole/domain-member" order="40.0" xlink:from="loc_6" xlink:to="loc_10" />
    <link:loc xlink:href="https://xbrl.ifrs.org/taxonomy/2023-03-23/full_ifrs/full_ifrs-cor_2023-03-23.xsd#ifrs-full_DescriptionOfReportableSegmentToWhichIndividualAssetBelongs" xlink:label="loc_11" xlink:type="locator" />
    <link:definitionArc xlink:type="arc" xlink:arcrole="http://xbrl.org/int/dim/arcrole/domain-member" order="50.0" xlink:from="loc_6" xlink:to="loc_11" />
    <link:loc xlink:href="https://xbrl.ifrs.org/taxonomy/2023-03-23/full_ifrs/full_ifrs-cor_2023-03-23.xsd#ifrs-full_DescriptionOfCashgeneratingUnit" xlink:label="loc_12" xlink:type="locator" />
    <link:definitionArc xlink:type="arc" xlink:arcrole="http://xbrl.org/int/dim/arcrole/domain-member" order="60.0" xlink:from="loc_6" xlink:to="loc_12" />
    <link:loc xlink:href="https://xbrl.ifrs.org/taxonomy/2023-03-23/full_ifrs/full_ifrs-cor_2023-03-23.xsd#ifrs-full_DescriptionOfCurrentAndFormerWayOfAggregatingAssets" xlink:label="loc_13" xlink:type="locator" />
    <link:definitionArc xlink:type="arc" xlink:arcrole="http://xbrl.org/int/dim/arcrole/domain-member" order="70.0" xlink:from="loc_6" xlink:to="loc_13" />
    <link:loc xlink:href="https://xbrl.ifrs.org/taxonomy/2023-03-23/full_ifrs/full_ifrs-cor_2023-03-23.xsd#ifrs-full_DescriptionOfReasonsForChangingWayCashgeneratingUnitIsIdentified" xlink:label="loc_14" xlink:type="locator" />
    <link:definitionArc xlink:type="arc" xlink:arcrole="http://xbrl.org/int/dim/arcrole/domain-member" order="80.0" xlink:from="loc_6" xlink:to="loc_14" />
    <link:loc xlink:href="https://xbrl.ifrs.org/taxonomy/2023-03-23/full_ifrs/full_ifrs-cor_2023-03-23.xsd#ifrs-full_RecoverableAmountOfAssetOrCashgeneratingUnit" xlink:label="loc_15" xlink:type="locator" />
    <link:definitionArc xlink:type="arc" xlink:arcrole="http://xbrl.org/int/dim/arcrole/domain-member" order="90.0" xlink:from="loc_6" xlink:to="loc_15" />
    <link:loc xlink:href="https://xbrl.ifrs.org/taxonomy/2023-03-23/full_ifrs/full_ifrs-cor_2023-03-23.xsd#ifrs-full_InformationWhetherRecoverableAmountOfAssetIsFairValueLessCostsToSellOrValueInUse" xlink:label="loc_16" xlink:type="locator" />
    <link:definitionArc xlink:type="arc" xlink:arcrole="http://xbrl.org/int/dim/arcrole/domain-member" order="100.0" xlink:from="loc_6" xlink:to="loc_16" />
    <link:loc xlink:href="https://xbrl.ifrs.org/taxonomy/2023-03-23/full_ifrs/full_ifrs-cor_2023-03-23.xsd#ifrs-full_DescriptionOfLevelOfFairValueHierarchyWithinWhichFairValueMeasurementIsCategorised" xlink:label="loc_17" xlink:type="locator" />
    <link:definitionArc xlink:type="arc" xlink:arcrole="http://xbrl.org/int/dim/arcrole/domain-member" order="110.0" xlink:from="loc_6" xlink:to="loc_17" />
    <link:loc xlink:href="https://xbrl.ifrs.org/taxonomy/2023-03-23/full_ifrs/full_ifrs-cor_2023-03-23.xsd#ifrs-full_DescriptionOfValuationTechniquesUsedToMeasureFairValueLessCostsOfDisposal" xlink:label="loc_18" xlink:type="locator" />
    <link:definitionArc xlink:type="arc" xlink:arcrole="http://xbrl.org/int/dim/arcrole/domain-member" order="120.0" xlink:from="loc_6" xlink:to="loc_18" />
    <link:loc xlink:href="https://xbrl.ifrs.org/taxonomy/2023-03-23/full_ifrs/full_ifrs-cor_2023-03-23.xsd#ifrs-full_DescriptionOfChangeInValuationTechniqueUsedToMeasureFairValueLessCostsOfDisposal" xlink:label="loc_19" xlink:type="locator" />
    <link:definitionArc xlink:type="arc" xlink:arcrole="http://xbrl.org/int/dim/arcrole/domain-member" order="130.0" xlink:from="loc_6" xlink:to="loc_19" />
    <link:loc xlink:href="https://xbrl.ifrs.org/taxonomy/2023-03-23/full_ifrs/full_ifrs-cor_2023-03-23.xsd#ifrs-full_DescriptionOfReasonsForChangeInValuationTechniqueUsedToMeasureFairValueLessCostsOfDisposal" xlink:label="loc_20" xlink:type="locator" />
    <link:definitionArc xlink:type="arc" xlink:arcrole="http://xbrl.org/int/dim/arcrole/domain-member" order="140.0" xlink:from="loc_6" xlink:to="loc_20" />
    <link:loc xlink:href="https://xbrl.ifrs.org/taxonomy/2023-03-23/full_ifrs/full_ifrs-cor_2023-03-23.xsd#ifrs-full_DescriptionOfKeyAssumptionsOnWhichManagementHasBasedDeterminationOfFairValueLessCostsOfDisposal" xlink:label="loc_21" xlink:type="locator" />
    <link:definitionArc xlink:type="arc" xlink:arcrole="http://xbrl.org/int/dim/arcrole/domain-member" order="150.0" xlink:from="loc_6" xlink:to="loc_21" />
    <link:loc xlink:href="https://xbrl.ifrs.org/taxonomy/2023-03-23/full_ifrs/full_ifrs-cor_2023-03-23.xsd#ifrs-full_DiscountRateUsedInCurrentMeasurementOfFairValueLessCostsOfDisposal" xlink:label="loc_22" xlink:type="locator" />
    <link:definitionArc xlink:type="arc" xlink:arcrole="http://xbrl.org/int/dim/arcrole/domain-member" order="160.0" xlink:from="loc_6" xlink:to="loc_22" />
    <link:loc xlink:href="https://xbrl.ifrs.org/taxonomy/2023-03-23/full_ifrs/full_ifrs-cor_2023-03-23.xsd#ifrs-full_DiscountRateUsedInPreviousMeasurementOfFairValueLessCostsOfDisposal" xlink:label="loc_23" xlink:type="locator" />
    <link:definitionArc xlink:type="arc" xlink:arcrole="http://xbrl.org/int/dim/arcrole/domain-member" order="170.0" xlink:from="loc_6" xlink:to="loc_23" />
    <link:loc xlink:href="https://xbrl.ifrs.org/taxonomy/2023-03-23/full_ifrs/full_ifrs-cor_2023-03-23.xsd#ifrs-full_DescriptionOfDiscountRatesUsedInCurrentEstimateOfValueInUse" xlink:label="loc_24" xlink:type="locator" />
    <link:definitionArc xlink:type="arc" xlink:arcrole="http://xbrl.org/int/dim/arcrole/domain-member" order="180.0" xlink:from="loc_6" xlink:to="loc_24" />
    <link:loc xlink:href="https://xbrl.ifrs.org/taxonomy/2023-03-23/full_ifrs/full_ifrs-cor_2023-03-23.xsd#ifrs-full_DescriptionOfDiscountRatesUsedInPreviousEstimateOfValueInUse" xlink:label="loc_25" xlink:type="locator" />
    <link:definitionArc xlink:type="arc" xlink:arcrole="http://xbrl.org/int/dim/arcrole/domain-member" order="190.0" xlink:from="loc_6" xlink:to="loc_25" />
  </link:definitionLink>
  <link:definitionLink xlink:role="http://xbrl.cipc.co.za/taxonomy/role/grap_role_803503" xlink:type="extended">
    <link:loc xlink:href="https://xbrl.ifrs.org/taxonomy/2023-03-23/full_ifrs/full_ifrs-cor_2023-03-23.xsd#ifrs-full_DisclosureOfInformationForIndividualAssetOrCashgeneratingUnitWithSignificantAmountOfGoodwillOrIntangibleAssetsWithIndefiniteUsefulLivesAbstract" xlink:label="loc_1" xlink:type="locator" />
    <link:loc xlink:href="https://xbrl.ifrs.org/taxonomy/2023-03-23/full_ifrs/full_ifrs-cor_2023-03-23.xsd#ifrs-full_DisclosureOfInformationForIndividualAssetOrCashgeneratingUnitWithSignificantAmountOfGoodwillOrIntangibleAssetsWithIndefiniteUsefulLivesTable" xlink:label="loc_2" xlink:type="locator" />
    <link:definitionArc xlink:type="arc" xlink:arcrole="http://xbrl.org/int/dim/arcrole/all" order="10.0" xlink:from="loc_1" xlink:to="loc_2" xbrldt:closed="true" xbrldt:contextElement="scenario" />
    <link:loc xlink:href="https://xbrl.ifrs.org/taxonomy/2023-03-23/full_ifrs/full_ifrs-cor_2023-03-23.xsd#ifrs-full_IndividualAssetsOrCashgeneratingUnitsWithSignificantAmountOfGoodwillOrIntangibleAssetsWithIndefiniteUsefulLivesAxis" xlink:label="loc_3" xlink:type="locator" />
    <link:definitionArc xlink:type="arc" xlink:arcrole="http://xbrl.org/int/dim/arcrole/hypercube-dimension" order="1.0" xlink:from="loc_2" xlink:to="loc_3" />
    <link:loc xlink:href="https://xbrl.ifrs.org/taxonomy/2023-03-23/full_ifrs/full_ifrs-cor_2023-03-23.xsd#ifrs-full_EntitysTotalForCashgeneratingUnitsMember" xlink:label="loc_4" xlink:type="locator" />
    <link:definitionArc xlink:type="arc" xlink:arcrole="http://xbrl.org/int/dim/arcrole/dimension-domain" order="10.0" xlink:from="loc_3" xlink:to="loc_4" />
    <link:loc xlink:href="https://xbrl.ifrs.org/taxonomy/2023-03-23/full_ifrs/full_ifrs-cor_2023-03-23.xsd#ifrs-full_IndividualAssetsOrCashgeneratingUnitsWithSignificantAmountOfGoodwillOrIntangibleAssetsWithIndefiniteUsefulLivesMember" xlink:label="loc_5" xlink:type="locator" />
    <link:definitionArc xlink:type="arc" xlink:arcrole="http://xbrl.org/int/dim/arcrole/domain-member" order="10.0" xlink:from="loc_4" xlink:to="loc_5" />
    <link:loc xlink:href="https://xbrl.ifrs.org/taxonomy/2023-03-23/full_ifrs/full_ifrs-cor_2023-03-23.xsd#ifrs-full_AggregateNotSignificantIndividualAssetsOrCashgeneratingUnitsMember" xlink:label="loc_6" xlink:type="locator" />
    <link:definitionArc xlink:type="arc" xlink:arcrole="http://xbrl.org/int/dim/arcrole/domain-member" order="10.0" xlink:from="loc_5" xlink:to="loc_6" />
    <link:loc xlink:href="https://xbrl.ifrs.org/taxonomy/2023-03-23/full_ifrs/full_ifrs-cor_2023-03-23.xsd#ifrs-full_DisclosureOfInformationForIndividualAssetOrCashgeneratingUnitWithSignificantAmountOfGoodwillOrIntangibleAssetsWithIndefiniteUsefulLivesLineItems" xlink:label="loc_7" xlink:type="locator" />
    <link:definitionArc xlink:type="arc" xlink:arcrole="http://xbrl.org/int/dim/arcrole/domain-member" order="10.0" xlink:from="loc_1" xlink:to="loc_7" />
    <link:loc xlink:href="https://xbrl.ifrs.org/taxonomy/2023-03-23/full_ifrs/full_ifrs-cor_2023-03-23.xsd#ifrs-full_IntangibleAssetsWithIndefiniteUsefulLife" xlink:label="loc_8" xlink:type="locator" />
    <link:definitionArc xlink:type="arc" xlink:arcrole="http://xbrl.org/int/dim/arcrole/domain-member" order="10.0" xlink:from="loc_7" xlink:to="loc_8" />
    <link:loc xlink:href="https://xbrl.ifrs.org/taxonomy/2023-03-23/full_ifrs/full_ifrs-cor_2023-03-23.xsd#ifrs-full_DescriptionOfBasisOnWhichUnitsRecoverableAmountHasBeenDetermined" xlink:label="loc_9" xlink:type="locator" />
    <link:definitionArc xlink:type="arc" xlink:arcrole="http://xbrl.org/int/dim/arcrole/domain-member" order="20.0" xlink:from="loc_7" xlink:to="loc_9" />
    <link:loc xlink:href="https://xbrl.ifrs.org/taxonomy/2023-03-23/full_ifrs/full_ifrs-cor_2023-03-23.xsd#ifrs-full_DescriptionOfKeyAssumptionsOnWhichManagementHasBasedCashFlowProjections" xlink:label="loc_10" xlink:type="locator" />
    <link:definitionArc xlink:type="arc" xlink:arcrole="http://xbrl.org/int/dim/arcrole/domain-member" order="30.0" xlink:from="loc_7" xlink:to="loc_10" />
    <link:loc xlink:href="https://xbrl.ifrs.org/taxonomy/2023-03-23/full_ifrs/full_ifrs-cor_2023-03-23.xsd#ifrs-full_DescriptionOfValuationTechniquesUsedToMeasureFairValueLessCostsOfDisposal" xlink:label="loc_11" xlink:type="locator" />
    <link:definitionArc xlink:type="arc" xlink:arcrole="http://xbrl.org/int/dim/arcrole/domain-member" order="40.0" xlink:from="loc_7" xlink:to="loc_11" />
    <link:loc xlink:href="https://xbrl.ifrs.org/taxonomy/2023-03-23/full_ifrs/full_ifrs-cor_2023-03-23.xsd#ifrs-full_DescriptionOfKeyAssumptionsOnWhichManagementHasBasedDeterminationOfFairValueLessCostsOfDisposal" xlink:label="loc_12" xlink:type="locator" />
    <link:definitionArc xlink:type="arc" xlink:arcrole="http://xbrl.org/int/dim/arcrole/domain-member" order="50.0" xlink:from="loc_7" xlink:to="loc_12" />
    <link:loc xlink:href="https://xbrl.ifrs.org/taxonomy/2023-03-23/full_ifrs/full_ifrs-cor_2023-03-23.xsd#ifrs-full_DescriptionOfManagementsApproachToDeterminingValuesAssignedToKeyAssumptions" xlink:label="loc_13" xlink:type="locator" />
    <link:definitionArc xlink:type="arc" xlink:arcrole="http://xbrl.org/int/dim/arcrole/domain-member" order="60.0" xlink:from="loc_7" xlink:to="loc_13" />
    <link:loc xlink:href="https://xbrl.ifrs.org/taxonomy/2023-03-23/full_ifrs/full_ifrs-cor_2023-03-23.xsd#ifrs-full_DescriptionOfLevelOfFairValueHierarchyWithinWhichFairValueMeasurementIsCategorised" xlink:label="loc_14" xlink:type="locator" />
    <link:definitionArc xlink:type="arc" xlink:arcrole="http://xbrl.org/int/dim/arcrole/domain-member" order="70.0" xlink:from="loc_7" xlink:to="loc_14" />
    <link:loc xlink:href="https://xbrl.ifrs.org/taxonomy/2023-03-23/full_ifrs/full_ifrs-cor_2023-03-23.xsd#ifrs-full_DescriptionOfChangeInValuationTechniqueUsedToMeasureFairValueLessCostsOfDisposal" xlink:label="loc_15" xlink:type="locator" />
    <link:definitionArc xlink:type="arc" xlink:arcrole="http://xbrl.org/int/dim/arcrole/domain-member" order="80.0" xlink:from="loc_7" xlink:to="loc_15" />
    <link:loc xlink:href="https://xbrl.ifrs.org/taxonomy/2023-03-23/full_ifrs/full_ifrs-cor_2023-03-23.xsd#ifrs-full_DescriptionOfReasonsForChangeInValuationTechniqueUsedToMeasureFairValueLessCostsOfDisposal" xlink:label="loc_16" xlink:type="locator" />
    <link:definitionArc xlink:type="arc" xlink:arcrole="http://xbrl.org/int/dim/arcrole/domain-member" order="90.0" xlink:from="loc_7" xlink:to="loc_16" />
    <link:loc xlink:href="https://xbrl.ifrs.org/taxonomy/2023-03-23/full_ifrs/full_ifrs-cor_2023-03-23.xsd#ifrs-full_ExplanationOfPeriodOverWhichManagementHasProjectedCashFlows" xlink:label="loc_17" xlink:type="locator" />
    <link:definitionArc xlink:type="arc" xlink:arcrole="http://xbrl.org/int/dim/arcrole/domain-member" order="100.0" xlink:from="loc_7" xlink:to="loc_17" />
    <link:loc xlink:href="https://xbrl.ifrs.org/taxonomy/2023-03-23/full_ifrs/full_ifrs-cor_2023-03-23.xsd#ifrs-full_DescriptionOfGrowthRateUsedToExtrapolateCashFlowProjections" xlink:label="loc_18" xlink:type="locator" />
    <link:definitionArc xlink:type="arc" xlink:arcrole="http://xbrl.org/int/dim/arcrole/domain-member" order="110.0" xlink:from="loc_7" xlink:to="loc_18" />
    <link:loc xlink:href="https://xbrl.ifrs.org/taxonomy/2023-03-23/full_ifrs/full_ifrs-cor_2023-03-23.xsd#ifrs-full_DescriptionOfJustificationForUsingGrowthRateThatExceedsLongtermAverageGrowthRate" xlink:label="loc_19" xlink:type="locator" />
    <link:definitionArc xlink:type="arc" xlink:arcrole="http://xbrl.org/int/dim/arcrole/domain-member" order="120.0" xlink:from="loc_7" xlink:to="loc_19" />
    <link:loc xlink:href="https://xbrl.ifrs.org/taxonomy/2023-03-23/full_ifrs/full_ifrs-cor_2023-03-23.xsd#ifrs-full_DescriptionOfDiscountRatesAppliedToCashFlowProjections" xlink:label="loc_20" xlink:type="locator" />
    <link:definitionArc xlink:type="arc" xlink:arcrole="http://xbrl.org/int/dim/arcrole/domain-member" order="130.0" xlink:from="loc_7" xlink:to="loc_20" />
    <link:loc xlink:href="https://xbrl.ifrs.org/taxonomy/2023-03-23/full_ifrs/full_ifrs-cor_2023-03-23.xsd#ifrs-full_AmountByWhichUnitsRecoverableAmountExceedsItsCarryingAmount" xlink:label="loc_21" xlink:type="locator" />
    <link:definitionArc xlink:type="arc" xlink:arcrole="http://xbrl.org/int/dim/arcrole/domain-member" order="140.0" xlink:from="loc_7" xlink:to="loc_21" />
    <link:loc xlink:href="https://xbrl.ifrs.org/taxonomy/2023-03-23/full_ifrs/full_ifrs-cor_2023-03-23.xsd#ifrs-full_ExplanationOfValueAssignedToKeyAssumption" xlink:label="loc_22" xlink:type="locator" />
    <link:definitionArc xlink:type="arc" xlink:arcrole="http://xbrl.org/int/dim/arcrole/domain-member" order="150.0" xlink:from="loc_7" xlink:to="loc_22" />
    <link:loc xlink:href="https://xbrl.ifrs.org/taxonomy/2023-03-23/full_ifrs/full_ifrs-cor_2023-03-23.xsd#ifrs-full_AmountByWhichValueAssignedToKeyAssumptionMustChangeInOrderForUnitsRecoverableAmountToBeEqualToCarryingAmount" xlink:label="loc_23" xlink:type="locator" />
    <link:definitionArc xlink:type="arc" xlink:arcrole="http://xbrl.org/int/dim/arcrole/domain-member" order="160.0" xlink:from="loc_7" xlink:to="loc_23" />
  </link:definitionLink>
  <link:definitionLink xlink:role="http://xbrl.cipc.co.za/taxonomy/role/grap_role_803504" xlink:type="extended">
    <link:loc xlink:href="https://xbrl.ifrs.org/taxonomy/2023-03-23/full_ifrs/full_ifrs-cor_2023-03-23.xsd#ifrs-full_DisclosureOfImpairmentLossRecognisedOrReversedAbstract" xlink:label="loc_1" xlink:type="locator" />
    <link:loc xlink:href="https://xbrl.ifrs.org/taxonomy/2023-03-23/full_ifrs/full_ifrs-cor_2023-03-23.xsd#ifrs-full_DisclosureOfImpairmentLossRecognisedOrReversedTable" xlink:label="loc_2" xlink:type="locator" />
    <link:definitionArc xlink:type="arc" xlink:arcrole="http://xbrl.org/int/dim/arcrole/all" order="10.0" xlink:from="loc_1" xlink:to="loc_2" xbrldt:closed="true" xbrldt:contextElement="scenario" />
    <link:loc xlink:href="https://xbrl.ifrs.org/taxonomy/2023-03-23/full_ifrs/full_ifrs-cor_2023-03-23.xsd#ifrs-full_IndividualAssetsOrCashgeneratingUnitsAxis" xlink:label="loc_3" xlink:type="locator" />
    <link:definitionArc xlink:type="arc" xlink:arcrole="http://xbrl.org/int/dim/arcrole/hypercube-dimension" order="1.0" xlink:from="loc_2" xlink:to="loc_3" />
    <link:loc xlink:href="https://xbrl.ifrs.org/taxonomy/2023-03-23/full_ifrs/full_ifrs-cor_2023-03-23.xsd#ifrs-full_EntitysTotalForIndividualAssetsOrCashgeneratingUnitsMember" xlink:label="loc_4" xlink:type="locator" />
    <link:definitionArc xlink:type="arc" xlink:arcrole="http://xbrl.org/int/dim/arcrole/dimension-domain" order="10.0" xlink:from="loc_3" xlink:to="loc_4" />
    <link:loc xlink:href="https://xbrl.ifrs.org/taxonomy/2023-03-23/full_ifrs/full_ifrs-cor_2023-03-23.xsd#ifrs-full_IndividualAssetsOrCashgeneratingUnitsMember" xlink:label="loc_5" xlink:type="locator" />
    <link:definitionArc xlink:type="arc" xlink:arcrole="http://xbrl.org/int/dim/arcrole/domain-member" order="10.0" xlink:from="loc_4" xlink:to="loc_5" />
    <link:loc xlink:href="https://xbrl.ifrs.org/taxonomy/2023-03-23/full_ifrs/full_ifrs-cor_2023-03-23.xsd#ifrs-full_ClassesOfAssetsAxis" xlink:label="loc_6" xlink:type="locator" />
    <link:definitionArc xlink:type="arc" xlink:arcrole="http://xbrl.org/int/dim/arcrole/hypercube-dimension" order="2.0" xlink:from="loc_2" xlink:to="loc_6" />
    <link:loc xlink:href="https://xbrl.ifrs.org/taxonomy/2023-03-23/full_ifrs/full_ifrs-cor_2023-03-23.xsd#ifrs-full_ClassesOfAssetsMember" xlink:label="loc_7" xlink:type="locator" />
    <link:definitionArc xlink:type="arc" xlink:arcrole="http://xbrl.org/int/dim/arcrole/dimension-domain" order="10.0" xlink:from="loc_6" xlink:to="loc_7" />
    <link:loc xlink:href="https://xbrl.ifrs.org/taxonomy/2023-03-23/full_ifrs/full_ifrs-cor_2023-03-23.xsd#ifrs-full_PropertyPlantAndEquipmentMember" xlink:label="loc_8" xlink:type="locator" />
    <link:definitionArc xlink:type="arc" xlink:arcrole="http://xbrl.org/int/dim/arcrole/domain-member" order="10.0" xlink:from="loc_7" xlink:to="loc_8" />
    <link:loc xlink:href="https://xbrl.ifrs.org/taxonomy/2023-03-23/full_ifrs/full_ifrs-cor_2023-03-23.xsd#ifrs-full_IntangibleAssetsOtherThanGoodwillMember" xlink:label="loc_9" xlink:type="locator" />
    <link:definitionArc xlink:type="arc" xlink:arcrole="http://xbrl.org/int/dim/arcrole/domain-member" order="20.0" xlink:from="loc_7" xlink:to="loc_9" />
    <link:loc xlink:href="https://xbrl.ifrs.org/taxonomy/2023-03-23/full_ifrs/full_ifrs-cor_2023-03-23.xsd#ifrs-full_RightofuseAssetsMember" xlink:label="loc_10" xlink:type="locator" />
    <link:definitionArc xlink:type="arc" xlink:arcrole="http://xbrl.org/int/dim/arcrole/domain-member" order="30.0" xlink:from="loc_7" xlink:to="loc_10" />
    <link:loc xlink:href="https://xbrl.ifrs.org/taxonomy/2023-03-23/full_ifrs/full_ifrs-cor_2023-03-23.xsd#ifrs-full_ExplorationAndEvaluationAssetsMember" xlink:label="loc_11" xlink:type="locator" />
    <link:definitionArc xlink:type="arc" xlink:arcrole="http://xbrl.org/int/dim/arcrole/domain-member" order="40.0" xlink:from="loc_7" xlink:to="loc_11" />
    <link:loc xlink:href="https://xbrl.ifrs.org/taxonomy/2023-03-23/full_ifrs/full_ifrs-cor_2023-03-23.xsd#ifrs-full_InvestmentsAccountedForUsingEquityMethodMember" xlink:label="loc_12" xlink:type="locator" />
    <link:definitionArc xlink:type="arc" xlink:arcrole="http://xbrl.org/int/dim/arcrole/domain-member" order="50.0" xlink:from="loc_7" xlink:to="loc_12" />
    <link:loc xlink:href="https://xbrl.ifrs.org/taxonomy/2023-03-23/full_ifrs/full_ifrs-cor_2023-03-23.xsd#ifrs-full_NoncurrentAssetsOrDisposalGroupsClassifiedAsHeldForSaleMember" xlink:label="loc_13" xlink:type="locator" />
    <link:definitionArc xlink:type="arc" xlink:arcrole="http://xbrl.org/int/dim/arcrole/domain-member" order="60.0" xlink:from="loc_7" xlink:to="loc_13" />
    <link:loc xlink:href="https://xbrl.ifrs.org/taxonomy/2023-03-23/full_ifrs/full_ifrs-cor_2023-03-23.xsd#ifrs-full_OtherImpairedAssetsMember" xlink:label="loc_14" xlink:type="locator" />
    <link:definitionArc xlink:type="arc" xlink:arcrole="http://xbrl.org/int/dim/arcrole/domain-member" order="70.0" xlink:from="loc_7" xlink:to="loc_14" />
    <link:loc xlink:href="https://xbrl.ifrs.org/taxonomy/2023-03-23/full_ifrs/full_ifrs-cor_2023-03-23.xsd#ifrs-full_SegmentsAxis" xlink:label="loc_15" xlink:type="locator" />
    <link:definitionArc xlink:type="arc" xlink:arcrole="http://xbrl.org/int/dim/arcrole/hypercube-dimension" order="3.0" xlink:from="loc_2" xlink:to="loc_15" />
    <link:loc xlink:href="https://xbrl.ifrs.org/taxonomy/2023-03-23/full_ifrs/full_ifrs-cor_2023-03-23.xsd#ifrs-full_SegmentsMember" xlink:label="loc_16" xlink:type="locator" />
    <link:definitionArc xlink:type="arc" xlink:arcrole="http://xbrl.org/int/dim/arcrole/dimension-domain" order="10.0" xlink:from="loc_15" xlink:to="loc_16" />
    <link:loc xlink:href="https://xbrl.ifrs.org/taxonomy/2023-03-23/full_ifrs/full_ifrs-cor_2023-03-23.xsd#ifrs-full_ReportableSegmentsMember" xlink:label="loc_17" xlink:type="locator" />
    <link:definitionArc xlink:type="arc" xlink:arcrole="http://xbrl.org/int/dim/arcrole/domain-member" order="10.0" xlink:from="loc_16" xlink:to="loc_17" />
    <link:loc xlink:href="https://xbrl.ifrs.org/taxonomy/2023-03-23/full_ifrs/full_ifrs-cor_2023-03-23.xsd#ifrs-full_DisclosureOfImpairmentLossRecognisedOrReversedLineItems" xlink:label="loc_18" xlink:type="locator" />
    <link:definitionArc xlink:type="arc" xlink:arcrole="http://xbrl.org/int/dim/arcrole/domain-member" order="10.0" xlink:from="loc_1" xlink:to="loc_18" />
    <link:loc xlink:href="https://xbrl.ifrs.org/taxonomy/2023-03-23/full_ifrs/full_ifrs-cor_2023-03-23.xsd#ifrs-full_ImpairmentLoss" xlink:label="loc_19" xlink:type="locator" />
    <link:definitionArc xlink:type="arc" xlink:arcrole="http://xbrl.org/int/dim/arcrole/domain-member" order="10.0" xlink:from="loc_18" xlink:to="loc_19" />
    <link:loc xlink:href="https://xbrl.ifrs.org/taxonomy/2023-03-23/full_ifrs/full_ifrs-cor_2023-03-23.xsd#ifrs-full_ReversalOfImpairmentLoss" xlink:label="loc_20" xlink:type="locator" />
    <link:definitionArc xlink:type="arc" xlink:arcrole="http://xbrl.org/int/dim/arcrole/domain-member" order="20.0" xlink:from="loc_18" xlink:to="loc_20" />
  </link:definitionLink>
</link:linkbase>
