<?xml version="1.0" encoding="UTF-8"?>
<!--  Companies & Intellectual Property Commission  -->
<link:linkbase xmlns:link="http://www.xbrl.org/2003/linkbase" xmlns:xbrldt="http://xbrl.org/2005/xbrldt" xmlns:xlink="http://www.w3.org/1999/xlink" xmlns:xsi="http://www.w3.org/2001/XMLSchema-instance" xsi:schemaLocation="http://www.xbrl.org/2003/linkbase http://www.xbrl.org/2003/xbrl-linkbase-2003-12-31.xsd http://www.w3.org/1999/xlink http://www.xbrl.org/2003/xlink-2003-12-31.xsd">
  <link:roleRef roleURI="http://xbrl.cipc.co.za/taxonomy/role/grap_role_000100" xlink:type="simple" xlink:href="../rol_cipc-grap_2023-09-30.xsd#role_grap_role_000100" />
  <link:presentationLink xlink:role="http://xbrl.cipc.co.za/taxonomy/role/grap_role_000100" xlink:type="extended">
    <link:loc xlink:href="../../../../def/ca/cipc_ca-cor_2023-09-30.xsd#cipc-ca_AnnualReturnAbstract" xlink:label="loc_1" xlink:type="locator" />
    <link:loc xlink:href="../../../../def/ca/cipc_ca-cor_2023-09-30.xsd#cipc-ca_SubmissionDate" xlink:label="loc_2" xlink:type="locator" />
    <link:presentationArc xlink:type="arc" xlink:arcrole="http://www.xbrl.org/2003/arcrole/parent-child" order="10.0" xlink:from="loc_1" xlink:to="loc_2" />
    <link:loc xlink:href="../../../../def/ca/cipc_ca-cor_2023-09-30.xsd#cipc-ca_CustomerCode" xlink:label="loc_3" xlink:type="locator" />
    <link:presentationArc xlink:type="arc" xlink:arcrole="http://www.xbrl.org/2003/arcrole/parent-child" order="20.0" xlink:from="loc_1" xlink:to="loc_3" />
    <link:loc xlink:href="https://xbrl.ifrs.org/taxonomy/2023-03-23/full_ifrs/full_ifrs-cor_2023-03-23.xsd#ifrs-full_NameOfReportingEntityOrOtherMeansOfIdentification" xlink:label="loc_4" xlink:type="locator" />
    <link:presentationArc xlink:type="arc" xlink:arcrole="http://www.xbrl.org/2003/arcrole/parent-child" order="30.0" xlink:from="loc_1" xlink:to="loc_4" />
    <link:loc xlink:href="../../../../def/ca/cipc_ca-cor_2023-09-30.xsd#cipc-ca_RegistrationNumberOfCompany" xlink:label="loc_5" xlink:type="locator" />
    <link:presentationArc xlink:type="arc" xlink:arcrole="http://www.xbrl.org/2003/arcrole/parent-child" order="40.0" xlink:from="loc_1" xlink:to="loc_5" preferredLabel="http://www.xbrl.org/2003/role/terseLabel" />
    <link:loc xlink:href="../../../../def/ca/cipc_ca-cor_2023-09-30.xsd#cipc-ca_ChangesInCompaniesRegistryAbstract" xlink:label="loc_6" xlink:type="locator" />
    <link:presentationArc xlink:type="arc" xlink:arcrole="http://www.xbrl.org/2003/arcrole/parent-child" order="50.0" xlink:from="loc_1" xlink:to="loc_6" />
    <link:loc xlink:href="../../../../def/ca/cipc_ca-cor_2023-09-30.xsd#cipc-ca_ChangesInRegisteredOffice" xlink:label="loc_7" xlink:type="locator" />
    <link:presentationArc xlink:type="arc" xlink:arcrole="http://www.xbrl.org/2003/arcrole/parent-child" order="10.0" xlink:from="loc_6" xlink:to="loc_7" />
    <link:loc xlink:href="../../../../def/ca/cipc_ca-cor_2023-09-30.xsd#cipc-ca_DescriptionOfChangesInRegisteredOffice" xlink:label="loc_8" xlink:type="locator" />
    <link:presentationArc xlink:type="arc" xlink:arcrole="http://www.xbrl.org/2003/arcrole/parent-child" order="20.0" xlink:from="loc_6" xlink:to="loc_8" />
    <link:loc xlink:href="../../../../def/ca/cipc_ca-cor_2023-09-30.xsd#cipc-ca_ChangesInLocationOfRecords" xlink:label="loc_9" xlink:type="locator" />
    <link:presentationArc xlink:type="arc" xlink:arcrole="http://www.xbrl.org/2003/arcrole/parent-child" order="30.0" xlink:from="loc_6" xlink:to="loc_9" />
    <link:loc xlink:href="../../../../def/ca/cipc_ca-cor_2023-09-30.xsd#cipc-ca_DescriptionOfChangesInLocationOfRecords" xlink:label="loc_10" xlink:type="locator" />
    <link:presentationArc xlink:type="arc" xlink:arcrole="http://www.xbrl.org/2003/arcrole/parent-child" order="40.0" xlink:from="loc_6" xlink:to="loc_10" />
    <link:loc xlink:href="../../../../def/ca/cipc_ca-cor_2023-09-30.xsd#cipc-ca_ChangesInDirectors" xlink:label="loc_11" xlink:type="locator" />
    <link:presentationArc xlink:type="arc" xlink:arcrole="http://www.xbrl.org/2003/arcrole/parent-child" order="50.0" xlink:from="loc_6" xlink:to="loc_11" />
    <link:loc xlink:href="../../../../def/ca/cipc_ca-cor_2023-09-30.xsd#cipc-ca_DescriptionOfChangesInDirectors" xlink:label="loc_12" xlink:type="locator" />
    <link:presentationArc xlink:type="arc" xlink:arcrole="http://www.xbrl.org/2003/arcrole/parent-child" order="60.0" xlink:from="loc_6" xlink:to="loc_12" />
    <link:loc xlink:href="../../../../def/ca/cipc_ca-cor_2023-09-30.xsd#cipc-ca_ChangesInCompanySecretary" xlink:label="loc_13" xlink:type="locator" />
    <link:presentationArc xlink:type="arc" xlink:arcrole="http://www.xbrl.org/2003/arcrole/parent-child" order="70.0" xlink:from="loc_6" xlink:to="loc_13" />
    <link:loc xlink:href="../../../../def/ca/cipc_ca-cor_2023-09-30.xsd#cipc-ca_DescriptionOfChangesInCompanySecretary" xlink:label="loc_14" xlink:type="locator" />
    <link:presentationArc xlink:type="arc" xlink:arcrole="http://www.xbrl.org/2003/arcrole/parent-child" order="80.0" xlink:from="loc_6" xlink:to="loc_14" />
    <link:loc xlink:href="../../../../def/ca/cipc_ca-cor_2023-09-30.xsd#cipc-ca_ChangesInAuditorsAndAuditCommittees" xlink:label="loc_15" xlink:type="locator" />
    <link:presentationArc xlink:type="arc" xlink:arcrole="http://www.xbrl.org/2003/arcrole/parent-child" order="90.0" xlink:from="loc_6" xlink:to="loc_15" />
    <link:loc xlink:href="../../../../def/ca/cipc_ca-cor_2023-09-30.xsd#cipc-ca_DescriptionOfChangesInAuditorsAndAuditCommittees" xlink:label="loc_16" xlink:type="locator" />
    <link:presentationArc xlink:type="arc" xlink:arcrole="http://www.xbrl.org/2003/arcrole/parent-child" order="100.0" xlink:from="loc_6" xlink:to="loc_16" />
    <link:loc xlink:href="../../../../def/ca/cipc_ca-cor_2023-09-30.xsd#cipc-ca_ChangesInFinancialYearEnd" xlink:label="loc_17" xlink:type="locator" />
    <link:presentationArc xlink:type="arc" xlink:arcrole="http://www.xbrl.org/2003/arcrole/parent-child" order="110.0" xlink:from="loc_6" xlink:to="loc_17" />
    <link:loc xlink:href="../../../../def/ca/cipc_ca-cor_2023-09-30.xsd#cipc-ca_DescriptionOfChangesInFinancialYearEnd" xlink:label="loc_18" xlink:type="locator" />
    <link:presentationArc xlink:type="arc" xlink:arcrole="http://www.xbrl.org/2003/arcrole/parent-child" order="120.0" xlink:from="loc_6" xlink:to="loc_18" />
    <link:loc xlink:href="../../../../def/ca/cipc_ca-cor_2023-09-30.xsd#cipc-ca_DesignatedPersonResponsibleForComplianceAbstract" xlink:label="loc_19" xlink:type="locator" />
    <link:presentationArc xlink:type="arc" xlink:arcrole="http://www.xbrl.org/2003/arcrole/parent-child" order="60.0" xlink:from="loc_1" xlink:to="loc_19" />
    <link:loc xlink:href="../../../../def/ca/cipc_ca-cor_2023-09-30.xsd#cipc-ca_NameOfDesignatedPersonResponsibleForCompliance" xlink:label="loc_20" xlink:type="locator" />
    <link:presentationArc xlink:type="arc" xlink:arcrole="http://www.xbrl.org/2003/arcrole/parent-child" order="10.0" xlink:from="loc_19" xlink:to="loc_20" preferredLabel="http://www.xbrl.org/2003/role/terseLabel" />
    <link:loc xlink:href="../../../../def/ca/cipc_ca-cor_2023-09-30.xsd#cipc-ca_ResidentOfSouthAfrica" xlink:label="loc_21" xlink:type="locator" />
    <link:presentationArc xlink:type="arc" xlink:arcrole="http://www.xbrl.org/2003/arcrole/parent-child" order="20.0" xlink:from="loc_19" xlink:to="loc_21" />
    <link:loc xlink:href="../../../../def/ca/cipc_ca-cor_2023-09-30.xsd#cipc-ca_IdentityNumberOfDesignatedPersonResponsibleForCompliance" xlink:label="loc_22" xlink:type="locator" />
    <link:presentationArc xlink:type="arc" xlink:arcrole="http://www.xbrl.org/2003/arcrole/parent-child" order="30.0" xlink:from="loc_19" xlink:to="loc_22" preferredLabel="http://www.xbrl.org/2003/role/terseLabel" />
    <link:loc xlink:href="../../../../def/ca/cipc_ca-cor_2023-09-30.xsd#cipc-ca_CountryOfOriginOfDesignatedPersonResponsibleForCompliance" xlink:label="loc_23" xlink:type="locator" />
    <link:presentationArc xlink:type="arc" xlink:arcrole="http://www.xbrl.org/2003/arcrole/parent-child" order="40.0" xlink:from="loc_19" xlink:to="loc_23" preferredLabel="http://www.xbrl.org/2003/role/terseLabel" />
    <link:loc xlink:href="../../../../def/ca/cipc_ca-cor_2023-09-30.xsd#cipc-ca_PassportNumberOfDesignatedPersonResponsibleForCompliance" xlink:label="loc_24" xlink:type="locator" />
    <link:presentationArc xlink:type="arc" xlink:arcrole="http://www.xbrl.org/2003/arcrole/parent-child" order="50.0" xlink:from="loc_19" xlink:to="loc_24" preferredLabel="http://www.xbrl.org/2003/role/terseLabel" />
    <link:loc xlink:href="../../../../def/ca/cipc_ca-cor_2023-09-30.xsd#cipc-ca_DateOfBirthOfDesignatedPersonResponsibleForCompliance" xlink:label="loc_25" xlink:type="locator" />
    <link:presentationArc xlink:type="arc" xlink:arcrole="http://www.xbrl.org/2003/arcrole/parent-child" order="60.0" xlink:from="loc_19" xlink:to="loc_25" preferredLabel="http://www.xbrl.org/2003/role/terseLabel" />
    <link:loc xlink:href="../../../../def/ca/cipc_ca-cor_2023-09-30.xsd#cipc-ca_RegistrationNumberOfCompanyOfDesignatedPersonResponsibleForCompliance" xlink:label="loc_26" xlink:type="locator" />
    <link:presentationArc xlink:type="arc" xlink:arcrole="http://www.xbrl.org/2003/arcrole/parent-child" order="70.0" xlink:from="loc_19" xlink:to="loc_26" preferredLabel="http://www.xbrl.org/2003/role/terseLabel" />
    <link:loc xlink:href="../../../../def/ca/cipc_ca-cor_2023-09-30.xsd#cipc-ca_CompanysPublicInterestScoreAbstract" xlink:label="loc_27" xlink:type="locator" />
    <link:presentationArc xlink:type="arc" xlink:arcrole="http://www.xbrl.org/2003/arcrole/parent-child" order="70.0" xlink:from="loc_1" xlink:to="loc_27" />
    <link:loc xlink:href="../../../../def/ca/cipc_ca-cor_2023-09-30.xsd#cipc-ca_AverageNumberOfEmployees" xlink:label="loc_28" xlink:type="locator" />
    <link:presentationArc xlink:type="arc" xlink:arcrole="http://www.xbrl.org/2003/arcrole/parent-child" order="10.0" xlink:from="loc_27" xlink:to="loc_28" />
    <link:loc xlink:href="../../../../def/ca/cipc_ca-cor_2023-09-30.xsd#cipc-ca_ThirdPartyLiabilities" xlink:label="loc_29" xlink:type="locator" />
    <link:presentationArc xlink:type="arc" xlink:arcrole="http://www.xbrl.org/2003/arcrole/parent-child" order="20.0" xlink:from="loc_27" xlink:to="loc_29" />
    <link:loc xlink:href="../../../../def/ca/cipc_ca-cor_2023-09-30.xsd#cipc-ca_Turnover" xlink:label="loc_30" xlink:type="locator" />
    <link:presentationArc xlink:type="arc" xlink:arcrole="http://www.xbrl.org/2003/arcrole/parent-child" order="30.0" xlink:from="loc_27" xlink:to="loc_30" />
    <link:loc xlink:href="../../../../def/ca/cipc_ca-cor_2023-09-30.xsd#cipc-ca_MaximumNumberOfIndividualsWithBeneficialInterestInSecuritiesOfCompanyOrMembersInCaseOfNonProfitCompany" xlink:label="loc_31" xlink:type="locator" />
    <link:presentationArc xlink:type="arc" xlink:arcrole="http://www.xbrl.org/2003/arcrole/parent-child" order="40.0" xlink:from="loc_27" xlink:to="loc_31" />
    <link:loc xlink:href="../../../../def/ca/cipc_ca-cor_2023-09-30.xsd#cipc-ca_PublicInterestScore" xlink:label="loc_32" xlink:type="locator" />
    <link:presentationArc xlink:type="arc" xlink:arcrole="http://www.xbrl.org/2003/arcrole/parent-child" order="50.0" xlink:from="loc_27" xlink:to="loc_32" preferredLabel="http://www.xbrl.org/2003/role/totalLabel" />
    <link:loc xlink:href="../../../../def/ca/cipc_ca-cor_2023-09-30.xsd#cipc-ca_AnnualFinancialStatementsIndependentlyCompiledAndReportedOn" xlink:label="loc_33" xlink:type="locator" />
    <link:presentationArc xlink:type="arc" xlink:arcrole="http://www.xbrl.org/2003/arcrole/parent-child" order="80.0" xlink:from="loc_1" xlink:to="loc_33" />
    <link:loc xlink:href="../../../../def/ca/cipc_ca-cor_2023-09-30.xsd#cipc-ca_AnnualFinancialStatementsInternallyCompiled" xlink:label="loc_34" xlink:type="locator" />
    <link:presentationArc xlink:type="arc" xlink:arcrole="http://www.xbrl.org/2003/arcrole/parent-child" order="90.0" xlink:from="loc_1" xlink:to="loc_34" />
    <link:loc xlink:href="../../../../def/ca/cipc_ca-cor_2023-09-30.xsd#cipc-ca_AnnualFinancialStatementsAudited" xlink:label="loc_35" xlink:type="locator" />
    <link:presentationArc xlink:type="arc" xlink:arcrole="http://www.xbrl.org/2003/arcrole/parent-child" order="100.0" xlink:from="loc_1" xlink:to="loc_35" />
    <link:loc xlink:href="../../../../def/ca/cipc_ca-cor_2023-09-30.xsd#cipc-ca_DateOfAuditOfAnnualFinancialStatements" xlink:label="loc_36" xlink:type="locator" />
    <link:presentationArc xlink:type="arc" xlink:arcrole="http://www.xbrl.org/2003/arcrole/parent-child" order="110.0" xlink:from="loc_1" xlink:to="loc_36" />
    <link:loc xlink:href="../../../../def/ca/cipc_ca-cor_2023-09-30.xsd#cipc-ca_AnnualFinancialStatementsPursuantToExemption" xlink:label="loc_37" xlink:type="locator" />
    <link:presentationArc xlink:type="arc" xlink:arcrole="http://www.xbrl.org/2003/arcrole/parent-child" order="120.0" xlink:from="loc_1" xlink:to="loc_37" />
    <link:loc xlink:href="../../../../def/ca/cipc_ca-cor_2023-09-30.xsd#cipc-ca_DateOfIndependentReviewOfAnnualFinancialStatement" xlink:label="loc_38" xlink:type="locator" />
    <link:presentationArc xlink:type="arc" xlink:arcrole="http://www.xbrl.org/2003/arcrole/parent-child" order="130.0" xlink:from="loc_1" xlink:to="loc_38" />
    <link:loc xlink:href="../../../../def/ca/cipc_ca-cor_2023-09-30.xsd#cipc-ca_CompanyContactInformationAbstract" xlink:label="loc_39" xlink:type="locator" />
    <link:presentationArc xlink:type="arc" xlink:arcrole="http://www.xbrl.org/2003/arcrole/parent-child" order="140.0" xlink:from="loc_1" xlink:to="loc_39" />
    <link:loc xlink:href="../../../../def/ca/cipc_ca-cor_2023-09-30.xsd#cipc-ca_PostalAddressOfCompany" xlink:label="loc_40" xlink:type="locator" />
    <link:presentationArc xlink:type="arc" xlink:arcrole="http://www.xbrl.org/2003/arcrole/parent-child" order="10.0" xlink:from="loc_39" xlink:to="loc_40" preferredLabel="http://www.xbrl.org/2003/role/terseLabel" />
    <link:loc xlink:href="../../../../def/ca/cipc_ca-cor_2023-09-30.xsd#cipc-ca_TelephoneNumberOfCompany" xlink:label="loc_41" xlink:type="locator" />
    <link:presentationArc xlink:type="arc" xlink:arcrole="http://www.xbrl.org/2003/arcrole/parent-child" order="20.0" xlink:from="loc_39" xlink:to="loc_41" preferredLabel="http://www.xbrl.org/2003/role/terseLabel" />
    <link:loc xlink:href="../../../../def/ca/cipc_ca-cor_2023-09-30.xsd#cipc-ca_EmailAddressOfCompany" xlink:label="loc_42" xlink:type="locator" />
    <link:presentationArc xlink:type="arc" xlink:arcrole="http://www.xbrl.org/2003/arcrole/parent-child" order="30.0" xlink:from="loc_39" xlink:to="loc_42" preferredLabel="http://www.xbrl.org/2003/role/terseLabel" />
    <link:loc xlink:href="../../../../def/ca/cipc_ca-cor_2023-09-30.xsd#cipc-ca_CellPhoneNumberOfCompany" xlink:label="loc_43" xlink:type="locator" />
    <link:presentationArc xlink:type="arc" xlink:arcrole="http://www.xbrl.org/2003/arcrole/parent-child" order="40.0" xlink:from="loc_39" xlink:to="loc_43" preferredLabel="http://www.xbrl.org/2003/role/terseLabel" />
    <link:loc xlink:href="../../../../def/ca/cipc_ca-cor_2023-09-30.xsd#cipc-ca_WebsiteOfCompany" xlink:label="loc_44" xlink:type="locator" />
    <link:presentationArc xlink:type="arc" xlink:arcrole="http://www.xbrl.org/2003/arcrole/parent-child" order="50.0" xlink:from="loc_39" xlink:to="loc_44" preferredLabel="http://www.xbrl.org/2003/role/terseLabel" />
    <link:loc xlink:href="https://xbrl.ifrs.org/taxonomy/2023-03-23/full_ifrs/full_ifrs-cor_2023-03-23.xsd#ifrs-full_PrincipalPlaceOfBusiness" xlink:label="loc_45" xlink:type="locator" />
    <link:presentationArc xlink:type="arc" xlink:arcrole="http://www.xbrl.org/2003/arcrole/parent-child" order="60.0" xlink:from="loc_39" xlink:to="loc_45" />
    <link:loc xlink:href="https://xbrl.ifrs.org/taxonomy/2023-03-23/full_ifrs/full_ifrs-cor_2023-03-23.xsd#ifrs-full_DescriptionOfNatureOfEntitysOperationsAndPrincipalActivities" xlink:label="loc_46" xlink:type="locator" />
    <link:presentationArc xlink:type="arc" xlink:arcrole="http://www.xbrl.org/2003/arcrole/parent-child" order="70.0" xlink:from="loc_39" xlink:to="loc_46" />
    <link:loc xlink:href="../../../../def/ca/cipc_ca-cor_2023-09-30.xsd#cipc-ca_HoldingCompany" xlink:label="loc_47" xlink:type="locator" />
    <link:presentationArc xlink:type="arc" xlink:arcrole="http://www.xbrl.org/2003/arcrole/parent-child" order="80.0" xlink:from="loc_39" xlink:to="loc_47" />
  </link:presentationLink>
</link:linkbase>
