<?xml version="1.0" encoding="UTF-8"?>
<!-- Companies & Intellectual Property Commission -->
<link:linkbase xmlns:xsi="http://www.w3.org/2001/XMLSchema-instance" xsi:schemaLocation="http://www.xbrl.org/2003/linkbase http://www.xbrl.org/2003/xbrl-linkbase-2003-12-31.xsd" xmlns:cipc="https://xbrl.cipc.co.za/taxonomy" xmlns:link="http://www.xbrl.org/2003/linkbase" xmlns:ifrs-full="https://xbrl.ifrs.org/taxonomy/2022-03-24/ifrs-full" xmlns:cipc-ca-enum="https://xbrl.cipc.co.za/taxonomy/ca/enum" xmlns:dtr-types="http://www.xbrl.org/dtr/type/2020-01-21" xmlns:enum="http://xbrl.org/2014/extensible-enumerations" xmlns:xbrldt="http://xbrl.org/2005/xbrldt" xmlns:cipc-ca="https://xbrl.cipc.co.za/taxonomy/ca" xmlns:negated="http://www.xbrl.org/2009/role/negated" xmlns:xl="http://www.xbrl.org/2003/XLink" xmlns:xbrli="http://www.xbrl.org/2003/instance" xmlns:xsd="http://www.w3.org/2001/XMLSchema" xmlns:xlink="http://www.w3.org/1999/xlink" xmlns:net="http://www.xbrl.org/2009/role/net">
  <link:roleRef roleURI="http://xbrl.cipc.co.za/taxonomy/role/grap_role_805400" xlink:type="simple" xlink:href="../rol_cipc-grap_2023-09-30.xsd#role_grap_role_805400"/>
  <link:presentationLink xlink:type="extended" xlink:role="http://xbrl.cipc.co.za/taxonomy/role/grap_role_805400">
    <link:loc xlink:type="locator" xlink:href="https://xbrl.ifrs.org/taxonomy/2023-03-23/full_ifrs/full_ifrs-cor_2023-03-23.xsd#ifrs-full_DisclosureOfAdditionalInformationExplanatory" xlink:label="DisclosureOfAdditionalInformationExplanatory"/>
    <link:loc xlink:type="locator" xlink:href="https://xbrl.ifrs.org/taxonomy/2023-03-23/full_ifrs/full_ifrs-cor_2023-03-23.xsd#ifrs-full_CapitalCommitmentsAbstract" xlink:label="CapitalCommitmentsAbstract"/>
    <link:presentationArc xlink:type="arc" xlink:arcrole="http://www.xbrl.org/2003/arcrole/parent-child" xlink:from="DisclosureOfAdditionalInformationExplanatory" xlink:to="CapitalCommitmentsAbstract"/>
    <link:loc xlink:type="locator" xlink:href="https://xbrl.ifrs.org/taxonomy/2023-03-23/full_ifrs/full_ifrs-cor_2023-03-23.xsd#ifrs-full_ContractualCapitalCommitments" xlink:label="ContractualCapitalCommitments"/>
    <link:presentationArc xlink:type="arc" xlink:arcrole="http://www.xbrl.org/2003/arcrole/parent-child" xlink:from="CapitalCommitmentsAbstract" xlink:to="ContractualCapitalCommitments"/>
    <link:loc xlink:type="locator" xlink:href="https://xbrl.ifrs.org/taxonomy/2023-03-23/full_ifrs/full_ifrs-cor_2023-03-23.xsd#ifrs-full_AuthorisedCapitalCommitmentsButNotContractedFor" xlink:label="AuthorisedCapitalCommitmentsButNotContractedFor"/>
    <link:presentationArc xlink:type="arc" xlink:arcrole="http://www.xbrl.org/2003/arcrole/parent-child" xlink:from="CapitalCommitmentsAbstract" xlink:to="AuthorisedCapitalCommitmentsButNotContractedFor" order="2.0"/>
    <link:loc xlink:type="locator" xlink:href="https://xbrl.ifrs.org/taxonomy/2023-03-23/full_ifrs/full_ifrs-cor_2023-03-23.xsd#ifrs-full_CapitalCommitments" xlink:label="CapitalCommitments"/>
    <link:presentationArc xlink:type="arc" xlink:arcrole="http://www.xbrl.org/2003/arcrole/parent-child" xlink:from="CapitalCommitmentsAbstract" xlink:to="CapitalCommitments" order="3.0" preferredLabel="http://www.xbrl.org/2003/role/totalLabel"/>
    <link:loc xlink:type="locator" xlink:href="https://xbrl.ifrs.org/taxonomy/2023-03-23/full_ifrs/full_ifrs-cor_2023-03-23.xsd#ifrs-full_AuditorsRemunerationAbstract" xlink:label="AuditorsRemunerationAbstract"/>
    <link:presentationArc xlink:type="arc" xlink:arcrole="http://www.xbrl.org/2003/arcrole/parent-child" xlink:from="DisclosureOfAdditionalInformationExplanatory" xlink:to="AuditorsRemunerationAbstract" order="2.0"/>
    <link:loc xlink:type="locator" xlink:href="https://xbrl.ifrs.org/taxonomy/2023-03-23/full_ifrs/full_ifrs-cor_2023-03-23.xsd#ifrs-full_AuditorsRemunerationForAuditServices" xlink:label="AuditorsRemunerationForAuditServices"/>
    <link:presentationArc xlink:type="arc" xlink:arcrole="http://www.xbrl.org/2003/arcrole/parent-child" xlink:from="AuditorsRemunerationAbstract" xlink:to="AuditorsRemunerationForAuditServices"/>
    <link:loc xlink:type="locator" xlink:href="https://xbrl.ifrs.org/taxonomy/2023-03-23/full_ifrs/full_ifrs-cor_2023-03-23.xsd#ifrs-full_AuditorsRemunerationForTaxServices" xlink:label="AuditorsRemunerationForTaxServices"/>
    <link:presentationArc xlink:type="arc" xlink:arcrole="http://www.xbrl.org/2003/arcrole/parent-child" xlink:from="AuditorsRemunerationAbstract" xlink:to="AuditorsRemunerationForTaxServices" order="2.0"/>
    <link:loc xlink:type="locator" xlink:href="https://xbrl.ifrs.org/taxonomy/2023-03-23/full_ifrs/full_ifrs-cor_2023-03-23.xsd#ifrs-full_AuditorsRemunerationForOtherServices" xlink:label="AuditorsRemunerationForOtherServices"/>
    <link:presentationArc xlink:type="arc" xlink:arcrole="http://www.xbrl.org/2003/arcrole/parent-child" xlink:from="AuditorsRemunerationAbstract" xlink:to="AuditorsRemunerationForOtherServices" order="3.0"/>
    <link:loc xlink:type="locator" xlink:href="https://xbrl.ifrs.org/taxonomy/2023-03-23/full_ifrs/full_ifrs-cor_2023-03-23.xsd#ifrs-full_AuditorsRemuneration" xlink:label="AuditorsRemuneration"/>
    <link:presentationArc xlink:type="arc" xlink:arcrole="http://www.xbrl.org/2003/arcrole/parent-child" xlink:from="AuditorsRemunerationAbstract" xlink:to="AuditorsRemuneration" order="4.0" preferredLabel="http://www.xbrl.org/2003/role/totalLabel"/>
    <link:loc xlink:type="locator" xlink:href="https://xbrl.ifrs.org/taxonomy/2023-03-23/full_ifrs/full_ifrs-cor_2023-03-23.xsd#ifrs-full_NumberAndAverageNumberOfEmployeesAbstract" xlink:label="NumberAndAverageNumberOfEmployeesAbstract"/>
    <link:presentationArc xlink:type="arc" xlink:arcrole="http://www.xbrl.org/2003/arcrole/parent-child" xlink:from="DisclosureOfAdditionalInformationExplanatory" xlink:to="NumberAndAverageNumberOfEmployeesAbstract" order="3.0"/>
    <link:loc xlink:type="locator" xlink:href="https://xbrl.ifrs.org/taxonomy/2023-03-23/full_ifrs/full_ifrs-cor_2023-03-23.xsd#ifrs-full_NumberOfEmployees" xlink:label="NumberOfEmployees"/>
    <link:presentationArc xlink:type="arc" xlink:arcrole="http://www.xbrl.org/2003/arcrole/parent-child" xlink:from="NumberAndAverageNumberOfEmployeesAbstract" xlink:to="NumberOfEmployees"/>
    <link:loc xlink:type="locator" xlink:href="https://xbrl.ifrs.org/taxonomy/2023-03-23/full_ifrs/full_ifrs-cor_2023-03-23.xsd#ifrs-full_AverageNumberOfEmployees" xlink:label="AverageNumberOfEmployees"/>
    <link:presentationArc xlink:type="arc" xlink:arcrole="http://www.xbrl.org/2003/arcrole/parent-child" xlink:from="NumberAndAverageNumberOfEmployeesAbstract" xlink:to="AverageNumberOfEmployees" order="2.0"/>
    <link:loc xlink:type="locator" xlink:href="https://xbrl.ifrs.org/taxonomy/2023-03-23/full_ifrs/full_ifrs-cor_2023-03-23.xsd#ifrs-full_MiscellaneousTimeBandsAbstract" xlink:label="MiscellaneousTimeBandsAbstract"/>
    <link:presentationArc xlink:type="arc" xlink:arcrole="http://www.xbrl.org/2003/arcrole/parent-child" xlink:from="DisclosureOfAdditionalInformationExplanatory" xlink:to="MiscellaneousTimeBandsAbstract" order="4.0"/>
    <link:loc xlink:type="locator" xlink:href="https://xbrl.ifrs.org/taxonomy/2023-03-23/full_ifrs/full_ifrs-cor_2023-03-23.xsd#ifrs-full_OnDemandMember" xlink:label="OnDemandMember"/>
    <link:presentationArc xlink:type="arc" xlink:arcrole="http://www.xbrl.org/2003/arcrole/parent-child" xlink:from="MiscellaneousTimeBandsAbstract" xlink:to="OnDemandMember"/>
    <link:loc xlink:type="locator" xlink:href="https://xbrl.ifrs.org/taxonomy/2023-03-23/full_ifrs/full_ifrs-cor_2023-03-23.xsd#ifrs-full_LaterThanOneMonthAndNotLaterThanTwoMonthsMember" xlink:label="LaterThanOneMonthAndNotLaterThanTwoMonthsMember"/>
    <link:presentationArc xlink:type="arc" xlink:arcrole="http://www.xbrl.org/2003/arcrole/parent-child" xlink:from="MiscellaneousTimeBandsAbstract" xlink:to="LaterThanOneMonthAndNotLaterThanTwoMonthsMember" order="2.0"/>
    <link:loc xlink:type="locator" xlink:href="https://xbrl.ifrs.org/taxonomy/2023-03-23/full_ifrs/full_ifrs-cor_2023-03-23.xsd#ifrs-full_LaterThanOneMonthAndNotLaterThanSixMonthsMember" xlink:label="LaterThanOneMonthAndNotLaterThanSixMonthsMember"/>
    <link:presentationArc xlink:type="arc" xlink:arcrole="http://www.xbrl.org/2003/arcrole/parent-child" xlink:from="MiscellaneousTimeBandsAbstract" xlink:to="LaterThanOneMonthAndNotLaterThanSixMonthsMember" order="3.0"/>
    <link:loc xlink:type="locator" xlink:href="https://xbrl.ifrs.org/taxonomy/2023-03-23/full_ifrs/full_ifrs-cor_2023-03-23.xsd#ifrs-full_LaterThanTwoMonthsAndNotLaterThanThreeMonthsMember" xlink:label="LaterThanTwoMonthsAndNotLaterThanThreeMonthsMember"/>
    <link:presentationArc xlink:type="arc" xlink:arcrole="http://www.xbrl.org/2003/arcrole/parent-child" xlink:from="MiscellaneousTimeBandsAbstract" xlink:to="LaterThanTwoMonthsAndNotLaterThanThreeMonthsMember" order="4.0"/>
    <link:loc xlink:type="locator" xlink:href="https://xbrl.ifrs.org/taxonomy/2023-03-23/full_ifrs/full_ifrs-cor_2023-03-23.xsd#ifrs-full_LaterThanThreeMonthsAndNotLaterThanFourMonthsMember" xlink:label="LaterThanThreeMonthsAndNotLaterThanFourMonthsMember"/>
    <link:presentationArc xlink:type="arc" xlink:arcrole="http://www.xbrl.org/2003/arcrole/parent-child" xlink:from="MiscellaneousTimeBandsAbstract" xlink:to="LaterThanThreeMonthsAndNotLaterThanFourMonthsMember" order="5.0"/>
    <link:loc xlink:type="locator" xlink:href="https://xbrl.ifrs.org/taxonomy/2023-03-23/full_ifrs/full_ifrs-cor_2023-03-23.xsd#ifrs-full_LaterThanFourMonthsMember" xlink:label="LaterThanFourMonthsMember"/>
    <link:presentationArc xlink:type="arc" xlink:arcrole="http://www.xbrl.org/2003/arcrole/parent-child" xlink:from="MiscellaneousTimeBandsAbstract" xlink:to="LaterThanFourMonthsMember" order="6.0"/>
    <link:loc xlink:type="locator" xlink:href="https://xbrl.ifrs.org/taxonomy/2023-03-23/full_ifrs/full_ifrs-cor_2023-03-23.xsd#ifrs-full_LaterThanSixMonthsMember" xlink:label="LaterThanSixMonthsMember"/>
    <link:presentationArc xlink:type="arc" xlink:arcrole="http://www.xbrl.org/2003/arcrole/parent-child" xlink:from="MiscellaneousTimeBandsAbstract" xlink:to="LaterThanSixMonthsMember" order="7.0"/>
    <link:loc xlink:type="locator" xlink:href="https://xbrl.ifrs.org/taxonomy/2023-03-23/full_ifrs/full_ifrs-cor_2023-03-23.xsd#ifrs-full_LaterThanOneYearAndNotLaterThanTwoYearsMember" xlink:label="LaterThanOneYearAndNotLaterThanTwoYearsMember"/>
    <link:presentationArc xlink:type="arc" xlink:arcrole="http://www.xbrl.org/2003/arcrole/parent-child" xlink:from="MiscellaneousTimeBandsAbstract" xlink:to="LaterThanOneYearAndNotLaterThanTwoYearsMember" order="8.0"/>
    <link:loc xlink:type="locator" xlink:href="https://xbrl.ifrs.org/taxonomy/2023-03-23/full_ifrs/full_ifrs-cor_2023-03-23.xsd#ifrs-full_LaterThanTwoYearsAndNotLaterThanThreeYearsMember" xlink:label="LaterThanTwoYearsAndNotLaterThanThreeYearsMember"/>
    <link:presentationArc xlink:type="arc" xlink:arcrole="http://www.xbrl.org/2003/arcrole/parent-child" xlink:from="MiscellaneousTimeBandsAbstract" xlink:to="LaterThanTwoYearsAndNotLaterThanThreeYearsMember" order="9.0"/>
    <link:loc xlink:type="locator" xlink:href="https://xbrl.ifrs.org/taxonomy/2023-03-23/full_ifrs/full_ifrs-cor_2023-03-23.xsd#ifrs-full_LaterThanThreeYearsAndNotLaterThanFourYearsMember" xlink:label="LaterThanThreeYearsAndNotLaterThanFourYearsMember"/>
    <link:presentationArc xlink:type="arc" xlink:arcrole="http://www.xbrl.org/2003/arcrole/parent-child" xlink:from="MiscellaneousTimeBandsAbstract" xlink:to="LaterThanThreeYearsAndNotLaterThanFourYearsMember" order="10.0"/>
    <link:loc xlink:type="locator" xlink:href="https://xbrl.ifrs.org/taxonomy/2023-03-23/full_ifrs/full_ifrs-cor_2023-03-23.xsd#ifrs-full_LaterThanFourYearsAndNotLaterThanFiveYearsMember" xlink:label="LaterThanFourYearsAndNotLaterThanFiveYearsMember"/>
    <link:presentationArc xlink:type="arc" xlink:arcrole="http://www.xbrl.org/2003/arcrole/parent-child" xlink:from="MiscellaneousTimeBandsAbstract" xlink:to="LaterThanFourYearsAndNotLaterThanFiveYearsMember" order="11.0"/>
    <link:loc xlink:type="locator" xlink:href="https://xbrl.ifrs.org/taxonomy/2023-03-23/full_ifrs/full_ifrs-cor_2023-03-23.xsd#ifrs-full_LaterThanTwoYearsAndNotLaterThanFiveYearsMember" xlink:label="LaterThanTwoYearsAndNotLaterThanFiveYearsMember"/>
    <link:presentationArc xlink:type="arc" xlink:arcrole="http://www.xbrl.org/2003/arcrole/parent-child" xlink:from="MiscellaneousTimeBandsAbstract" xlink:to="LaterThanTwoYearsAndNotLaterThanFiveYearsMember" order="12.0"/>
    <link:loc xlink:type="locator" xlink:href="https://xbrl.ifrs.org/taxonomy/2023-03-23/full_ifrs/full_ifrs-cor_2023-03-23.xsd#ifrs-full_LaterThanFiveYearsAndNotLaterThanTenYearsMember" xlink:label="LaterThanFiveYearsAndNotLaterThanTenYearsMember"/>
    <link:presentationArc xlink:type="arc" xlink:arcrole="http://www.xbrl.org/2003/arcrole/parent-child" xlink:from="MiscellaneousTimeBandsAbstract" xlink:to="LaterThanFiveYearsAndNotLaterThanTenYearsMember" order="13.0"/>
    <link:loc xlink:type="locator" xlink:href="https://xbrl.ifrs.org/taxonomy/2023-03-23/full_ifrs/full_ifrs-cor_2023-03-23.xsd#ifrs-full_LaterThanThreeYearsMember" xlink:label="LaterThanThreeYearsMember"/>
    <link:presentationArc xlink:type="arc" xlink:arcrole="http://www.xbrl.org/2003/arcrole/parent-child" xlink:from="MiscellaneousTimeBandsAbstract" xlink:to="LaterThanThreeYearsMember" order="14.0"/>
    <link:loc xlink:type="locator" xlink:href="https://xbrl.ifrs.org/taxonomy/2023-03-23/full_ifrs/full_ifrs-cor_2023-03-23.xsd#ifrs-full_LaterThanTenYearsMember" xlink:label="LaterThanTenYearsMember"/>
    <link:presentationArc xlink:type="arc" xlink:arcrole="http://www.xbrl.org/2003/arcrole/parent-child" xlink:from="MiscellaneousTimeBandsAbstract" xlink:to="LaterThanTenYearsMember" order="15.0"/>
  </link:presentationLink>
</link:linkbase>
